"InvoiceNo","StockCode","Description","Quantity","InvoiceDate","UnitPrice","CustomerID","Country"
"547561","23127","DOLLCRAFT GIRL NICOLE",4,"3/24/11 8:44",4.95,14129,"United Kingdom"
"547561","23128","DOLLCRAFT BOY JEAN-PAUL",4,"3/24/11 8:44",4.95,14129,"United Kingdom"
"547561","23126","DOLLCRAFT GIRL AMELIE",4,"3/24/11 8:44",4.95,14129,"United Kingdom"
"547561","23077","DOUGHNUT LIP GLOSS",20,"3/24/11 8:44",1.25,14129,"United Kingdom"
"547561","84375","SET OF 20 KIDS COOKIE CUTTERS",12,"3/24/11 8:44",2.1,14129,"United Kingdom"
"547561","22993","SET OF 4 PANTRY JELLY MOULDS",12,"3/24/11 8:44",1.25,14129,"United Kingdom"
"547561","84378","SET OF 3 HEART COOKIE CUTTERS",12,"3/24/11 8:44",1.25,14129,"United Kingdom"
"547561","84380","SET OF 3 BUTTERFLY COOKIE CUTTERS",12,"3/24/11 8:44",1.25,14129,"United Kingdom"
"547561","22935","BAKING MOULD ROSE MILK CHOCOLATE",12,"3/24/11 8:44",3.25,14129,"United Kingdom"
"547561","22933","BAKING MOULD EASTER EGG MILK CHOC",12,"3/24/11 8:44",2.95,14129,"United Kingdom"
"547561","22937","BAKING MOULD CHOCOLATE CUPCAKES",12,"3/24/11 8:44",2.55,14129,"United Kingdom"
"547561","22930","BAKING MOULD HEART MILK CHOCOLATE",12,"3/24/11 8:44",2.55,14129,"United Kingdom"
"547561","22585","PACK OF 6 BIRDY GIFT TAGS",12,"3/24/11 8:44",1.25,14129,"United Kingdom"
"547561","22957","SET 3 PAPER VINTAGE CHICK PAPER EGG",6,"3/24/11 8:44",2.95,14129,"United Kingdom"
"547561","22148","EASTER CRAFT 4 CHICKS",12,"3/24/11 8:44",1.95,14129,"United Kingdom"
"547561","22149","FELTCRAFT 6 FLOWER FRIENDS",6,"3/24/11 8:44",2.1,14129,"United Kingdom"
"547562","21259","VICTORIAN SEWING BOX SMALL",6,"3/24/11 8:47",5.95,16525,"United Kingdom"
"547562","22169","FAMILY ALBUM WHITE PICTURE FRAME",8,"3/24/11 8:47",7.65,16525,"United Kingdom"
"547562","82494L","WOODEN FRAME ANTIQUE WHITE",24,"3/24/11 8:47",2.55,16525,"United Kingdom"
"547562","82482","WOODEN PICTURE FRAME WHITE FINISH",36,"3/24/11 8:47",2.1,16525,"United Kingdom"
"547562","47566","PARTY BUNTING",4,"3/24/11 8:47",4.95,16525,"United Kingdom"
"547562","21524","DOORMAT SPOTTY HOME SWEET HOME",10,"3/24/11 8:47",6.75,16525,"United Kingdom"
"547562","21164","HOME SWEET HOME METAL SIGN",12,"3/24/11 8:47",2.95,16525,"United Kingdom"
"547562","85099B","JUMBO BAG RED RETROSPOT",200,"3/24/11 8:47",1.65,16525,"United Kingdom"
"547562","85099F","JUMBO BAG STRAWBERRY",100,"3/24/11 8:47",1.65,16525,"United Kingdom"
"547563","22716","CARD CIRCUS PARADE",12,"3/24/11 8:56",0.42,15651,"United Kingdom"
"547563","22970","LONDON BUS COFFEE MUG",6,"3/24/11 8:56",2.55,15651,"United Kingdom"
"547563","22616","PACK OF 12 LONDON TISSUES",24,"3/24/11 8:56",0.29,15651,"United Kingdom"
"547563","22713","CARD I LOVE LONDON",12,"3/24/11 8:56",0.42,15651,"United Kingdom"
"547563","22024","RAINY LADIES BIRTHDAY CARD",12,"3/24/11 8:56",0.42,15651,"United Kingdom"
"547563","22971","QUEENS GUARD COFFEE MUG",6,"3/24/11 8:56",2.55,15651,"United Kingdom"
"547563","23127","DOLLCRAFT GIRL NICOLE",4,"3/24/11 8:56",4.95,15651,"United Kingdom"
"547563","23077","DOUGHNUT LIP GLOSS",40,"3/24/11 8:56",1.25,15651,"United Kingdom"
"547563","22615","PACK OF 12 CIRCUS PARADE TISSUES",24,"3/24/11 8:56",0.29,15651,"United Kingdom"
"547563","22973","CHILDREN'S CIRCUS PARADE MUG",12,"3/24/11 8:56",1.65,15651,"United Kingdom"
"547563","23002","TRAVEL CARD WALLET SKULLS",24,"3/24/11 8:56",0.42,15651,"United Kingdom"
"547563","22710","WRAP I LOVE LONDON",25,"3/24/11 8:56",0.42,15651,"United Kingdom"
"547563","22711","WRAP CIRCUS PARADE",25,"3/24/11 8:56",0.42,15651,"United Kingdom"
"547563","22570","FELTCRAFT CUSHION RABBIT",4,"3/24/11 8:56",3.75,15651,"United Kingdom"
"547563","22568","FELTCRAFT CUSHION OWL",4,"3/24/11 8:56",3.75,15651,"United Kingdom"
"547563","22371","AIRLINE BAG VINTAGE TOKYO 78",4,"3/24/11 8:56",4.25,15651,"United Kingdom"
"547564","21175","GIN + TONIC DIET METAL SIGN",24,"3/24/11 9:21",2.55,17512,"United Kingdom"
"547564","21181","PLEASE ONE PERSON METAL SIGN",48,"3/24/11 9:21",1.85,17512,"United Kingdom"
"547564","21166","COOK WITH WINE METAL SIGN",12,"3/24/11 9:21",2.08,17512,"United Kingdom"
"547564","22456","NATURAL SLATE CHALKBOARD LARGE",9,"3/24/11 9:21",4.95,17512,"United Kingdom"
"547564","22457","NATURAL SLATE HEART CHALKBOARD",12,"3/24/11 9:21",2.95,17512,"United Kingdom"
"547564","22488","NATURAL SLATE RECTANGLE CHALKBOARD",12,"3/24/11 9:21",1.65,17512,"United Kingdom"
"547564","82582","AREA PATROLLED METAL SIGN",24,"3/24/11 9:21",2.1,17512,"United Kingdom"
"547564","22677","FRENCH BLUE METAL DOOR SIGN 2",10,"3/24/11 9:21",1.25,17512,"United Kingdom"
"547564","22680","FRENCH BLUE METAL DOOR SIGN 5",10,"3/24/11 9:21",1.25,17512,"United Kingdom"
"547564","84755","COLOUR GLASS T-LIGHT HOLDER HANGING",144,"3/24/11 9:21",0.55,17512,"United Kingdom"
"547564","22678","FRENCH BLUE METAL DOOR SIGN 3",10,"3/24/11 9:21",1.25,17512,"United Kingdom"
"547565","20970","PINK FLORAL FELTCRAFT SHOULDER BAG",4,"3/24/11 9:21",3.75,13035,"United Kingdom"
"547565","21200","MULTICOLOUR HONEYCOMB PAPER GARLAND",12,"3/24/11 9:21",1.65,13035,"United Kingdom"
"547565","21677","HEARTS  STICKERS",12,"3/24/11 9:21",0.85,13035,"United Kingdom"
"547565","22273","FELTCRAFT DOLL MOLLY",6,"3/24/11 9:21",2.95,13035,"United Kingdom"
"547565","21213","PACK OF 72 SKULL CAKE CASES",48,"3/24/11 9:21",0.55,13035,"United Kingdom"
"547565","21975","PACK OF 60 DINOSAUR CAKE CASES",24,"3/24/11 9:21",0.55,13035,"United Kingdom"
"547565","22085","PAPER CHAIN KIT SKULLS",12,"3/24/11 9:21",2.95,13035,"United Kingdom"
"547565","22083","PAPER CHAIN KIT RETROSPOT",6,"3/24/11 9:21",2.95,13035,"United Kingdom"
"547565","22086","PAPER CHAIN KIT 50'S CHRISTMAS",40,"3/24/11 9:21",2.55,13035,"United Kingdom"
"547565","22084","PAPER CHAIN KIT EMPIRE",12,"3/24/11 9:21",2.95,13035,"United Kingdom"
"547565","21679","SKULLS  STICKERS",24,"3/24/11 9:21",0.85,13035,"United Kingdom"
"547565","21207","SKULL AND CROSSBONES  GARLAND",12,"3/24/11 9:21",1.65,13035,"United Kingdom"
"547566","POST","POSTAGE",1,"3/24/11 9:42",27,12811,"Portugal"
"547567","22569","FELTCRAFT CUSHION BUTTERFLY",4,"3/24/11 9:44",3.75,17644,"United Kingdom"
"547567","22570","FELTCRAFT CUSHION RABBIT",4,"3/24/11 9:44",3.75,17644,"United Kingdom"
"547567","22743","MAKE YOUR OWN FLOWERPOWER CARD KIT",6,"3/24/11 9:44",2.95,17644,"United Kingdom"
"547567","21430","SET/3 RED GINGHAM ROSE STORAGE BOX",4,"3/24/11 9:44",3.75,17644,"United Kingdom"
"547567","21428","SET3 BOOK BOX GREEN GINGHAM FLOWER",4,"3/24/11 9:44",4.25,17644,"United Kingdom"
"547567","20749","ASSORTED COLOUR MINI CASES",2,"3/24/11 9:44",7.95,17644,"United Kingdom"
"547567","22149","FELTCRAFT 6 FLOWER FRIENDS",6,"3/24/11 9:44",2.1,17644,"United Kingdom"
"547567","23076","ICE CREAM SUNDAE LIP GLOSS",24,"3/24/11 9:44",1.25,17644,"United Kingdom"
"547567","22558","CLOTHES PEGS RETROSPOT PACK 24",24,"3/24/11 9:44",1.49,17644,"United Kingdom"
"547567","21156","RETROSPOT CHILDRENS APRON",8,"3/24/11 9:44",1.95,17644,"United Kingdom"
"547567","20914","SET/5 RED RETROSPOT LID GLASS BOWLS",6,"3/24/11 9:44",2.95,17644,"United Kingdom"
"547567","21039","RED RETROSPOT SHOPPING BAG",6,"3/24/11 9:44",2.55,17644,"United Kingdom"
"547567","21871","SAVE THE PLANET MUG",12,"3/24/11 9:44",1.25,17644,"United Kingdom"
"547567","22398","MAGNETS PACK OF 4 SWALLOWS",12,"3/24/11 9:44",1.25,17644,"United Kingdom"
"547567","48194","DOORMAT HEARTS",3,"3/24/11 9:44",7.95,17644,"United Kingdom"
"547567","20719","WOODLAND CHARLOTTE BAG",10,"3/24/11 9:44",0.85,17644,"United Kingdom"
"547567","22661","CHARLOTTE BAG DOLLY GIRL DESIGN",10,"3/24/11 9:44",0.85,17644,"United Kingdom"
"547567","85049G","CHOCOLATE BOX RIBBONS",12,"3/24/11 9:44",1.25,17644,"United Kingdom"
"547567","85049D","BRIGHT BLUES RIBBONS",12,"3/24/11 9:44",1.25,17644,"United Kingdom"
"547567","21985","PACK OF 12 HEARTS DESIGN TISSUES",24,"3/24/11 9:44",0.29,17644,"United Kingdom"
"547567","10125","MINI FUNKY DESIGN TAPES",20,"3/24/11 9:44",0.85,17644,"United Kingdom"
"547567","47566","PARTY BUNTING",8,"3/24/11 9:44",4.95,17644,"United Kingdom"
"547567","21670","BLUE SPOT CERAMIC DRAWER KNOB",12,"3/24/11 9:44",1.25,17644,"United Kingdom"
"547567","22411","JUMBO SHOPPER VINTAGE RED PAISLEY",10,"3/24/11 9:44",1.95,17644,"United Kingdom"
"547567","22380","TOY TIDY SPACEBOY",5,"3/24/11 9:44",2.1,17644,"United Kingdom"
"547567","22664","TOY TIDY DOLLY GIRL DESIGN",5,"3/24/11 9:44",2.1,17644,"United Kingdom"
"547568","22424","ENAMEL BREAD BIN CREAM",8,"3/24/11 9:50",10.95,13341,"United Kingdom"
"547568","22425","ENAMEL COLANDER CREAM",3,"3/24/11 9:50",4.95,13341,"United Kingdom"
"547568","72760B","VINTAGE CREAM 3 BASKET CAKE STAND",2,"3/24/11 9:50",9.95,13341,"United Kingdom"
"547568","22776","SWEETHEART CAKESTAND 3 TIER",1,"3/24/11 9:50",9.95,13341,"United Kingdom"
"547568","22799","SWEETHEART WIRE FRUIT BOWL",2,"3/24/11 9:50",8.5,13341,"United Kingdom"
"547568","22980","PANTRY SCRUBBING BRUSH",12,"3/24/11 9:50",1.65,13341,"United Kingdom"
"547568","22978","PANTRY ROLLING PIN",6,"3/24/11 9:50",3.75,13341,"United Kingdom"
"547568","22960","JAM MAKING SET WITH JARS",6,"3/24/11 9:50",4.25,13341,"United Kingdom"
"547568","22722","SET OF 6 SPICE TINS PANTRY DESIGN",4,"3/24/11 9:50",3.95,13341,"United Kingdom"
"547568","22666","RECIPE BOX PANTRY YELLOW DESIGN",6,"3/24/11 9:50",2.95,13341,"United Kingdom"
"547568","22989","SET 2 PANTRY DESIGN TEA TOWELS",6,"3/24/11 9:50",3.25,13341,"United Kingdom"
"547568","22979","PANTRY WASHING UP BRUSH",12,"3/24/11 9:50",1.45,13341,"United Kingdom"
"547568","22846","BREAD BIN DINER STYLE RED",1,"3/24/11 9:50",16.95,13341,"United Kingdom"
"547568","21217","RED RETROSPOT ROUND CAKE TINS",1,"3/24/11 9:50",9.95,13341,"United Kingdom"
"547568","21218","RED SPOTTY BISCUIT TIN",6,"3/24/11 9:50",3.75,13341,"United Kingdom"
"547568","21041","RED RETROSPOT OVEN GLOVE DOUBLE",6,"3/24/11 9:50",2.95,13341,"United Kingdom"
"547568","21094","SET/6 RED SPOTTY PAPER PLATES",12,"3/24/11 9:50",0.85,13341,"United Kingdom"
"547568","21086","SET/6 RED SPOTTY PAPER CUPS",12,"3/24/11 9:50",0.65,13341,"United Kingdom"
"547568","22352","LUNCH BOX WITH CUTLERY RETROSPOT",6,"3/24/11 9:50",2.55,13341,"United Kingdom"
"547568","21843","RED RETROSPOT CAKE STAND",1,"3/24/11 9:50",10.95,13341,"United Kingdom"
"547568","21155","RED RETROSPOT PEG BAG",6,"3/24/11 9:50",2.55,13341,"United Kingdom"
"547568","21035","SET/2 RED RETROSPOT TEA TOWELS",6,"3/24/11 9:50",3.25,13341,"United Kingdom"
"547568","21210","SET OF 72 RETROSPOT PAPER  DOILIES",12,"3/24/11 9:50",1.45,13341,"United Kingdom"
"547568","20914","SET/5 RED RETROSPOT LID GLASS BOWLS",6,"3/24/11 9:50",2.95,13341,"United Kingdom"
"547568","21216","SET 3 RETROSPOT TEA,COFFEE,SUGAR",4,"3/24/11 9:50",4.95,13341,"United Kingdom"
"547568","22084","PAPER CHAIN KIT EMPIRE",6,"3/24/11 9:50",2.95,13341,"United Kingdom"
"547568","84988","SET OF 72 PINK HEART PAPER DOILIES",12,"3/24/11 9:50",1.45,13341,"United Kingdom"
"547568","84987","SET OF 36 TEATIME PAPER DOILIES",12,"3/24/11 9:50",1.45,13341,"United Kingdom"
"547568","22851","SET 20 NAPKINS FAIRY CAKES DESIGN",12,"3/24/11 9:50",0.85,13341,"United Kingdom"
"547568","22629","SPACEBOY LUNCH BOX",12,"3/24/11 9:50",1.95,13341,"United Kingdom"
"547568","22474","SPACEBOY TV DINNER TRAY",3,"3/24/11 9:50",4.95,13341,"United Kingdom"
"547568","22951","60 CAKE CASES DOLLY GIRL DESIGN",24,"3/24/11 9:50",0.55,13341,"United Kingdom"
"547568","22551","PLASTERS IN TIN SPACEBOY",12,"3/24/11 9:50",1.65,13341,"United Kingdom"
"547568","22617","BAKING SET SPACEBOY DESIGN",3,"3/24/11 9:50",4.95,13341,"United Kingdom"
"547568","22382","LUNCH BAG SPACEBOY DESIGN",10,"3/24/11 9:50",1.65,13341,"United Kingdom"
"547568","22630","DOLLY GIRL LUNCH BOX",12,"3/24/11 9:50",1.95,13341,"United Kingdom"
"547568","22949","36 DOILIES DOLLY GIRL",12,"3/24/11 9:50",1.45,13341,"United Kingdom"
"547568","22662","LUNCH BAG DOLLY GIRL DESIGN",10,"3/24/11 9:50",1.65,13341,"United Kingdom"
"547568","22472","TV DINNER TRAY DOLLY GIRL",3,"3/24/11 9:50",4.95,13341,"United Kingdom"
"547568","21042","RED RETROSPOT APRON",3,"3/24/11 9:50",5.95,13341,"United Kingdom"
"547568","22199","FRYING PAN RED RETROSPOT",4,"3/24/11 9:50",4.25,13341,"United Kingdom"
"547568","22203","MILK PAN RED RETROSPOT",4,"3/24/11 9:50",3.75,13341,"United Kingdom"
"547569","85054","FRENCH ENAMEL POT W LID",27,"3/24/11 9:50",2.55,17491,"United Kingdom"
"547569","22967","SET 3 SONG BIRD PAPER EGGS ASSORTED",18,"3/24/11 9:50",2.95,17491,"United Kingdom"
"547569","22281","EASTER TREE YELLOW BIRDS",6,"3/24/11 9:50",5.95,17491,"United Kingdom"
"547569","22287","DECORATION , WOBBLY CHICKEN, METAL",12,"3/24/11 9:50",1.65,17491,"United Kingdom"
"547569","22292","HANGING CHICK  YELLOW DECORATION",24,"3/24/11 9:50",1.45,17491,"United Kingdom"
"547569","22241","GARLAND WOODEN HAPPY EASTER",24,"3/24/11 9:50",1.25,17491,"United Kingdom"
"547569","22321","BIRD DECORATION RED RETROSPOT",24,"3/24/11 9:50",0.85,17491,"United Kingdom"
"547569","22322","BIRD DECORATION GREEN POLKADOT",24,"3/24/11 9:50",0.85,17491,"United Kingdom"
"547569","84459B","YELLOW METAL CHICKEN HEART",21,"3/24/11 9:50",1.49,17491,"United Kingdom"
"547569","23231","WRAP DOILEY DESIGN",25,"3/24/11 9:50",0.42,17491,"United Kingdom"
"547569","22720","SET OF 3 CAKE TINS PANTRY DESIGN",6,"3/24/11 9:50",4.95,17491,"United Kingdom"
"547569","21500","PINK POLKADOT WRAP",25,"3/24/11 9:50",0.42,17491,"United Kingdom"
"547569","21499","BLUE POLKADOT WRAP",25,"3/24/11 9:50",0.42,17491,"United Kingdom"
"547569","21205","MULTICOLOUR 3D BALLS GARLAND",12,"3/24/11 9:50",2.55,17491,"United Kingdom"
"547569","22607","WOODEN ROUNDERS GARDEN SET",4,"3/24/11 9:50",9.95,17491,"United Kingdom"
"547569","84945","MULTI COLOUR SILVER T-LIGHT HOLDER",24,"3/24/11 9:50",0.85,17491,"United Kingdom"
"547569","22672","FRENCH BATHROOM SIGN BLUE METAL",12,"3/24/11 9:50",1.65,17491,"United Kingdom"
"547569","22670","FRENCH WC SIGN BLUE METAL",12,"3/24/11 9:50",1.25,17491,"United Kingdom"
"547569","22083","PAPER CHAIN KIT RETROSPOT",12,"3/24/11 9:50",2.95,17491,"United Kingdom"
"547569","79000","MOROCCAN TEA GLASS",24,"3/24/11 9:50",0.85,17491,"United Kingdom"
"547570","22487","WHITE WOOD GARDEN PLANT LADDER",4,"3/24/11 9:50",8.5,13636,"United Kingdom"
"547570","20682","RED RETROSPOT CHILDRENS UMBRELLA",6,"3/24/11 9:50",3.25,13636,"United Kingdom"
"547570","20679","EDWARDIAN PARASOL RED",3,"3/24/11 9:50",5.95,13636,"United Kingdom"
"547570","84970S","HANGING HEART ZINC T-LIGHT HOLDER",12,"3/24/11 9:50",0.85,13636,"United Kingdom"
"547570","21313","GLASS HEART T-LIGHT HOLDER",12,"3/24/11 9:50",0.85,13636,"United Kingdom"
"547570","22219","LOVEBIRD HANGING DECORATION WHITE",12,"3/24/11 9:50",0.85,13636,"United Kingdom"
"547570","22341","LOVE GARLAND PAINTED ZINC",12,"3/24/11 9:50",1.65,13636,"United Kingdom"
"547570","22227","HANGING HEART MIRROR DECORATION",24,"3/24/11 9:50",0.65,13636,"United Kingdom"
"547571","20726","LUNCH BAG WOODLAND",10,"3/24/11 9:52",1.65,16265,"United Kingdom"
"547571","84945","MULTI COLOUR SILVER T-LIGHT HOLDER",24,"3/24/11 9:52",0.85,16265,"United Kingdom"
"547571","16161U","WRAP SUKI AND FRIENDS",25,"3/24/11 9:52",0.42,16265,"United Kingdom"
"547571","23054","RECYCLED ACAPULCO MAT LAVENDER",2,"3/24/11 9:52",8.25,16265,"United Kingdom"
"547571","23052","RECYCLED ACAPULCO MAT TURQUOISE",2,"3/24/11 9:52",8.25,16265,"United Kingdom"
"547571","23050","RECYCLED ACAPULCO MAT GREEN",2,"3/24/11 9:52",8.25,16265,"United Kingdom"
"547571","23053","RECYCLED ACAPULCO MAT PINK",2,"3/24/11 9:52",8.25,16265,"United Kingdom"
"547571","22722","SET OF 6 SPICE TINS PANTRY DESIGN",8,"3/24/11 9:52",3.95,16265,"United Kingdom"
"547571","21931","JUMBO STORAGE BAG SUKI",10,"3/24/11 9:52",1.95,16265,"United Kingdom"
"547571","22411","JUMBO SHOPPER VINTAGE RED PAISLEY",10,"3/24/11 9:52",1.95,16265,"United Kingdom"
"547571","22960","JAM MAKING SET WITH JARS",6,"3/24/11 9:52",4.25,16265,"United Kingdom"
"547571","22087","PAPER BUNTING WHITE LACE",6,"3/24/11 9:52",2.95,16265,"United Kingdom"
"547571","22499","WOODEN UNION JACK BUNTING",6,"3/24/11 9:52",5.95,16265,"United Kingdom"
"547571","22197","SMALL POPCORN HOLDER",24,"3/24/11 9:52",0.85,16265,"United Kingdom"
"547571","21354","TOAST ITS - BEST MUM",12,"3/24/11 9:52",1.25,16265,"United Kingdom"
"547571","22207","FRYING PAN UNION FLAG",12,"3/24/11 9:52",4.25,16265,"United Kingdom"
"547571","20728","LUNCH BAG CARS BLUE",10,"3/24/11 9:52",1.65,16265,"United Kingdom"
"547571","22383","LUNCH BAG SUKI DESIGN",10,"3/24/11 9:52",1.65,16265,"United Kingdom"
"547571","C2","CARRIAGE",1,"3/24/11 9:52",50,16265,"United Kingdom"
"547572","15056N","EDWARDIAN PARASOL NATURAL",3,"3/24/11 10:03",5.95,13512,"United Kingdom"
"547572","85014B","RED RETROSPOT UMBRELLA",3,"3/24/11 10:03",5.95,13512,"United Kingdom"
"547572","85014A","BLACK/BLUE POLKADOT UMBRELLA",3,"3/24/11 10:03",5.95,13512,"United Kingdom"
"547572","84974","S/2 ZINC HEART DESIGN PLANTERS",1,"3/24/11 10:03",9.95,13512,"United Kingdom"
"547572","21136","PAINTED METAL PEARS ASSORTED",16,"3/24/11 10:03",1.69,13512,"United Kingdom"
"547572","84879","ASSORTED COLOUR BIRD ORNAMENT",8,"3/24/11 10:03",1.69,13512,"United Kingdom"
"547572","22427","ENAMEL FLOWER JUG CREAM",3,"3/24/11 10:03",5.95,13512,"United Kingdom"
"547572","21232","STRAWBERRY CERAMIC TRINKET BOX",24,"3/24/11 10:03",1.25,13512,"United Kingdom"
"547572","21231","SWEETHEART CERAMIC TRINKET BOX",12,"3/24/11 10:03",1.25,13512,"United Kingdom"
"547572","21535","RED RETROSPOT SMALL MILK JUG",6,"3/24/11 10:03",2.55,13512,"United Kingdom"
"547572","21534","DAIRY MAID LARGE MILK JUG",3,"3/24/11 10:03",4.95,13512,"United Kingdom"
"547572","22423","REGENCY CAKESTAND 3 TIER",1,"3/24/11 10:03",12.75,13512,"United Kingdom"
"547572","22265","EASTER DECORATION NATURAL CHICK",24,"3/24/11 10:03",0.65,13512,"United Kingdom"
"547572","22322","BIRD DECORATION GREEN POLKADOT",12,"3/24/11 10:03",0.85,13512,"United Kingdom"
"547572","85194S","HANGING SPRING FLOWER EGG SMALL",24,"3/24/11 10:03",0.65,13512,"United Kingdom"
"547573","22148","EASTER CRAFT 4 CHICKS",24,"3/24/11 10:04",1.95,12948,"United Kingdom"
"547573","22269","EGG CUP NATURAL CHICKEN",16,"3/24/11 10:04",1.25,12948,"United Kingdom"
"547573","22859","EASTER TIN BUNNY BOUQUET",6,"3/24/11 10:04",1.65,12948,"United Kingdom"
"547573","22860","EASTER TIN CHICKS PINK DAISY",6,"3/24/11 10:04",1.65,12948,"United Kingdom"
"547573","22857","ASSORTED EASTER GIFT TAGS",12,"3/24/11 10:04",0.85,12948,"United Kingdom"
"547573","21981","PACK OF 12 WOODLAND TISSUES",24,"3/24/11 10:04",0.29,12948,"United Kingdom"
"547573","22499","WOODEN UNION JACK BUNTING",6,"3/24/11 10:04",5.95,12948,"United Kingdom"
"547573","22084","PAPER CHAIN KIT EMPIRE",6,"3/24/11 10:04",2.95,12948,"United Kingdom"
"C547574","22841","ROUND CAKE TIN VINTAGE GREEN",-2,"3/24/11 10:13",7.95,14223,"United Kingdom"
"547575","85025C",,144,"3/24/11 10:18",0,,"United Kingdom"
"547576","85099B","JUMBO BAG RED RETROSPOT",10,"3/24/11 10:37",1.95,16620,"United Kingdom"
"547576","21985","PACK OF 12 HEARTS DESIGN TISSUES",24,"3/24/11 10:37",0.29,16620,"United Kingdom"
"547576","22723","SET OF 6 HERB TINS SKETCHBOOK",4,"3/24/11 10:37",3.95,16620,"United Kingdom"
"547576","22487","WHITE WOOD GARDEN PLANT LADDER",4,"3/24/11 10:37",8.5,16620,"United Kingdom"
"547576","20682","RED RETROSPOT CHILDRENS UMBRELLA",6,"3/24/11 10:37",3.25,16620,"United Kingdom"
"547577","82581","TOILET METAL SIGN",12,"3/24/11 10:37",0.55,13183,"United Kingdom"
"547577","82580","BATHROOM METAL SIGN",12,"3/24/11 10:37",0.55,13183,"United Kingdom"
"547577","85150","LADIES & GENTLEMEN METAL SIGN",12,"3/24/11 10:37",2.55,13183,"United Kingdom"
"547577","82600","NO SINGING METAL SIGN",48,"3/24/11 10:37",1.85,13183,"United Kingdom"
"547577","22670","FRENCH WC SIGN BLUE METAL",12,"3/24/11 10:37",1.25,13183,"United Kingdom"
"547577","21181","PLEASE ONE PERSON METAL SIGN",48,"3/24/11 10:37",1.85,13183,"United Kingdom"
"547577","85152","HAND OVER THE CHOCOLATE   SIGN",48,"3/24/11 10:37",1.85,13183,"United Kingdom"
"547577","21175","GIN + TONIC DIET METAL SIGN",48,"3/24/11 10:37",2.08,13183,"United Kingdom"
"547577","21166","COOK WITH WINE METAL SIGN",48,"3/24/11 10:37",1.85,13183,"United Kingdom"
"547578","84946","ANTIQUE SILVER T-LIGHT GLASS",12,"3/24/11 10:38",1.25,13089,"United Kingdom"
"547578","84755","COLOUR GLASS T-LIGHT HOLDER HANGING",16,"3/24/11 10:38",0.65,13089,"United Kingdom"
"547578","82494L","WOODEN FRAME ANTIQUE WHITE",12,"3/24/11 10:38",2.95,13089,"United Kingdom"
"547578","82486","WOOD S/3 CABINET ANT WHITE FINISH",6,"3/24/11 10:38",8.95,13089,"United Kingdom"
"547578","71459","HANGING JAM JAR T-LIGHT HOLDER",12,"3/24/11 10:38",0.85,13089,"United Kingdom"
"547578","22983","CARD BILLBOARD FONT",12,"3/24/11 10:38",0.42,13089,"United Kingdom"
"547578","22892","SET OF SALT AND PEPPER TOADSTOOLS",12,"3/24/11 10:38",1.25,13089,"United Kingdom"
"547578","22718","CARD CAT AND TREE",12,"3/24/11 10:38",0.42,13089,"United Kingdom"
"547578","22667","RECIPE BOX RETROSPOT",6,"3/24/11 10:38",2.95,13089,"United Kingdom"
"547578","22666","RECIPE BOX PANTRY YELLOW DESIGN",6,"3/24/11 10:38",2.95,13089,"United Kingdom"
"547578","22488","NATURAL SLATE RECTANGLE CHALKBOARD",12,"3/24/11 10:38",1.65,13089,"United Kingdom"
"547578","22456","NATURAL SLATE CHALKBOARD LARGE",6,"3/24/11 10:38",4.95,13089,"United Kingdom"
"547578","22196","SMALL HEART MEASURING SPOONS",12,"3/24/11 10:38",0.85,13089,"United Kingdom"
"547578","22178","VICTORIAN GLASS HANGING T-LIGHT",12,"3/24/11 10:38",1.25,13089,"United Kingdom"
"547578","22027","TEA PARTY BIRTHDAY CARD",12,"3/24/11 10:38",0.42,13089,"United Kingdom"
"547578","21874","GIN AND TONIC MUG",12,"3/24/11 10:38",1.25,13089,"United Kingdom"
"547578","21872","GLAMOROUS  MUG",12,"3/24/11 10:38",1.25,13089,"United Kingdom"
"547578","21754","HOME BUILDING BLOCK WORD",4,"3/24/11 10:38",5.95,13089,"United Kingdom"
"547578","21621","VINTAGE UNION JACK BUNTING",4,"3/24/11 10:38",8.5,13089,"United Kingdom"
"547578","21519","GIN & TONIC DIET GREETING CARD",12,"3/24/11 10:38",0.42,13089,"United Kingdom"
"547578","21509","COWBOYS AND INDIANS BIRTHDAY CARD",12,"3/24/11 10:38",0.42,13089,"United Kingdom"
"547578","21508","VINTAGE KID DOLLY CARD",12,"3/24/11 10:38",0.42,13089,"United Kingdom"
"547578","21472","LADYBIRD + BEE RAFFIA FOOD COVER",6,"3/24/11 10:38",3.75,13089,"United Kingdom"
"547578","82580","BATHROOM METAL SIGN",12,"3/24/11 10:38",0.55,13089,"United Kingdom"
"547578","21215","IVORY PAPER CUP CAKE CASES",24,"3/24/11 10:38",0.55,13089,"United Kingdom"
"547578","22479","DAISY GARDEN MARKER",12,"3/24/11 10:38",1.25,13089,"United Kingdom"
"547578","21907","I'M ON HOLIDAY METAL SIGN",12,"3/24/11 10:38",2.1,13089,"United Kingdom"
"547578","22224","WHITE LOVEBIRD LANTERN",6,"3/24/11 10:38",2.95,13089,"United Kingdom"
"547578","21756","BATH BUILDING BLOCK WORD",3,"3/24/11 10:38",5.95,13089,"United Kingdom"
"547579","23076","ICE CREAM SUNDAE LIP GLOSS",48,"3/24/11 10:40",1.25,13089,"United Kingdom"
"547579","23078","ICE CREAM PEN LIP GLOSS",48,"3/24/11 10:40",1.25,13089,"United Kingdom"
"547580","22961","JAM MAKING SET PRINTED",12,"3/24/11 10:48",1.45,13488,"United Kingdom"
"547580","22960","JAM MAKING SET WITH JARS",12,"3/24/11 10:48",3.75,13488,"United Kingdom"
"547580","22722","SET OF 6 SPICE TINS PANTRY DESIGN",4,"3/24/11 10:48",3.95,13488,"United Kingdom"
"547580","22383","LUNCH BAG SUKI DESIGN",10,"3/24/11 10:48",1.65,13488,"United Kingdom"
"547580","22526","WHEELBARROW FOR CHILDREN",12,"3/24/11 10:48",10.95,13488,"United Kingdom"
"547580","22982","PANTRY PASTRY BRUSH",12,"3/24/11 10:48",1.25,13488,"United Kingdom"
"547580","22978","PANTRY ROLLING PIN",6,"3/24/11 10:48",3.75,13488,"United Kingdom"
"547580","84997B","CHILDRENS CUTLERY RETROSPOT RED",6,"3/24/11 10:48",4.15,13488,"United Kingdom"
"547580","22697","GREEN REGENCY TEACUP AND SAUCER",6,"3/24/11 10:48",2.95,13488,"United Kingdom"
"547580","22698","PINK REGENCY TEACUP AND SAUCER",6,"3/24/11 10:48",2.95,13488,"United Kingdom"
"547580","22699","ROSES REGENCY TEACUP AND SAUCER",6,"3/24/11 10:48",2.95,13488,"United Kingdom"
"547580","22626","BLACK KITCHEN SCALES",2,"3/24/11 10:48",8.5,13488,"United Kingdom"
"547580","85123A","WHITE HANGING HEART T-LIGHT HOLDER",12,"3/24/11 10:48",2.95,13488,"United Kingdom"
"547580","22846","BREAD BIN DINER STYLE RED",1,"3/24/11 10:48",16.95,13488,"United Kingdom"
"547580","22855","FINE WICKER HEART",48,"3/24/11 10:48",1.06,13488,"United Kingdom"
"547580","85066","CREAM SWEETHEART MINI CHEST",2,"3/24/11 10:48",12.75,13488,"United Kingdom"
"547580","21754","HOME BUILDING BLOCK WORD",3,"3/24/11 10:48",5.95,13488,"United Kingdom"
"547580","21756","BATH BUILDING BLOCK WORD",3,"3/24/11 10:48",5.95,13488,"United Kingdom"
"547580","47590B","PINK HAPPY BIRTHDAY BUNTING",3,"3/24/11 10:48",5.45,13488,"United Kingdom"
"547580","47590A","BLUE HAPPY BIRTHDAY BUNTING",3,"3/24/11 10:48",5.45,13488,"United Kingdom"
"547580","21932","SCANDINAVIAN PAISLEY PICNIC BAG",5,"3/24/11 10:48",2.95,13488,"United Kingdom"
"547580","22557","PLASTERS IN TIN VINTAGE PAISLEY",12,"3/24/11 10:48",1.65,13488,"United Kingdom"
"547580","21933","PINK VINTAGE PAISLEY PICNIC BAG",5,"3/24/11 10:48",2.95,13488,"United Kingdom"
"547580","21231","SWEETHEART CERAMIC TRINKET BOX",12,"3/24/11 10:48",1.25,13488,"United Kingdom"
"547580","21232","STRAWBERRY CERAMIC TRINKET BOX",12,"3/24/11 10:48",1.25,13488,"United Kingdom"
"547580","21242","RED RETROSPOT PLATE",8,"3/24/11 10:48",1.69,13488,"United Kingdom"
"547580","21238","RED RETROSPOT CUP",8,"3/24/11 10:48",0.85,13488,"United Kingdom"
"547580","20676","RED RETROSPOT BOWL",8,"3/24/11 10:48",1.25,13488,"United Kingdom"
"547580","21210","SET OF 72 RETROSPOT PAPER  DOILIES",12,"3/24/11 10:48",1.45,13488,"United Kingdom"
"547580","21535","RED RETROSPOT SMALL MILK JUG",6,"3/24/11 10:48",2.55,13488,"United Kingdom"
"547580","21527","RED RETROSPOT TRADITIONAL TEAPOT",2,"3/24/11 10:48",7.95,13488,"United Kingdom"
"C547581","22367","CHILDRENS APRON SPACEBOY DESIGN",-1,"3/24/11 10:58",1.95,12474,"Germany"
"C547581","22554","PLASTERS IN TIN WOODLAND ANIMALS",-1,"3/24/11 10:58",1.65,12474,"Germany"
"C547581","21561","DINOSAUR LUNCH BOX WITH CUTLERY",-1,"3/24/11 10:58",2.55,12474,"Germany"
"C547581","22236","CAKE STAND 3 TIER MAGIC GARDEN",-1,"3/24/11 10:58",12.75,12474,"Germany"
"C547582","23194","GYMKHANA TREASURE BOOK BOX",-3,"3/24/11 11:06",2.25,12474,"Germany"
"C547582","23177","TREASURE ISLAND BOOK BOX",-2,"3/24/11 11:06",2.25,12474,"Germany"
"547583","22652","TRAVEL SEWING KIT",36,"3/24/11 11:07",1.65,12901,"United Kingdom"
"547583","21787","RAIN PONCHO RETROSPOT",48,"3/24/11 11:07",0.85,12901,"United Kingdom"
"547583","84378","SET OF 3 HEART COOKIE CUTTERS",48,"3/24/11 11:07",1.25,12901,"United Kingdom"
"547583","22966","GINGERBREAD MAN COOKIE CUTTER",42,"3/24/11 11:07",1.25,12901,"United Kingdom"
"547583","21977","PACK OF 60 PINK PAISLEY CAKE CASES",60,"3/24/11 11:07",0.55,12901,"United Kingdom"
"547583","22938","CUPCAKE LACE PAPER SET 6",42,"3/24/11 11:07",1.95,12901,"United Kingdom"
"547583","22616","PACK OF 12 LONDON TISSUES",36,"3/24/11 11:07",0.29,12901,"United Kingdom"
"547583","22988","SOLDIERS EGG CUP",36,"3/24/11 11:07",1.25,12901,"United Kingdom"
"547583","22971","QUEENS GUARD COFFEE MUG",24,"3/24/11 11:07",2.55,12901,"United Kingdom"
"547583","22970","LONDON BUS COFFEE MUG",24,"3/24/11 11:07",2.55,12901,"United Kingdom"
"547583","22713","CARD I LOVE LONDON",24,"3/24/11 11:07",0.42,12901,"United Kingdom"
"547583","22659","LUNCH BOX I LOVE LONDON",24,"3/24/11 11:07",1.95,12901,"United Kingdom"
"547593","20785",,-2,"3/24/11 11:18",0,,"United Kingdom"
"C547594","22978","PANTRY ROLLING PIN",-4,"3/24/11 11:19",3.75,12693,"Germany"
"547595","82483",,-12,"3/24/11 11:20",0,,"United Kingdom"
"547596","84306",,-5,"3/24/11 11:20",0,,"United Kingdom"
"547597","17011F",,-18,"3/24/11 11:21",0,,"United Kingdom"
"547598","21332",,-25,"3/24/11 11:24",0,,"United Kingdom"
"547599","21361",,-10,"3/24/11 11:24",0,,"United Kingdom"
"547606","22173",,-22,"3/24/11 11:26",0,,"United Kingdom"
"547611","84631",,-9,"3/24/11 11:26",0,,"United Kingdom"
"547618","21547",,-12,"3/24/11 11:28",0,,"United Kingdom"
"547623","47580","TEA TIME DES TEA COSY",6,"3/24/11 11:29",2.55,15641,"United Kingdom"
"547623","37500","TEA TIME TEAPOT IN GIFT BOX",12,"3/24/11 11:29",4.95,15641,"United Kingdom"
"547623","21899","KEY FOB , GARAGE DESIGN",24,"3/24/11 11:29",0.65,15641,"United Kingdom"
"547623","21902","KEY FOB , FRONT  DOOR",24,"3/24/11 11:29",0.65,15641,"United Kingdom"
"547623","21524","DOORMAT SPOTTY HOME SWEET HOME",2,"3/24/11 11:29",7.95,15641,"United Kingdom"
"547623","22691","DOORMAT WELCOME SUNRISE",2,"3/24/11 11:29",7.95,15641,"United Kingdom"
"547623","21164","HOME SWEET HOME METAL SIGN",6,"3/24/11 11:29",2.95,15641,"United Kingdom"
"547623","82552","WASHROOM METAL SIGN",12,"3/24/11 11:29",1.45,15641,"United Kingdom"
"547623","82551","LAUNDRY 15C METAL SIGN",12,"3/24/11 11:29",1.45,15641,"United Kingdom"
"547623","82583","HOT BATHS METAL SIGN",12,"3/24/11 11:29",2.1,15641,"United Kingdom"
"547623","22196","SMALL HEART MEASURING SPOONS",12,"3/24/11 11:29",0.85,15641,"United Kingdom"
"547623","22084","PAPER CHAIN KIT EMPIRE",6,"3/24/11 11:29",2.95,15641,"United Kingdom"
"547623","22644","CERAMIC CHERRY CAKE MONEY BANK",12,"3/24/11 11:29",1.45,15641,"United Kingdom"
"547623","22645","CERAMIC HEART FAIRY CAKE MONEY BANK",12,"3/24/11 11:29",1.45,15641,"United Kingdom"
"547623","22646","CERAMIC STRAWBERRY CAKE MONEY BANK",12,"3/24/11 11:29",1.45,15641,"United Kingdom"
"547623","22175","PINK OWL SOFT TOY",6,"3/24/11 11:29",2.95,15641,"United Kingdom"
"547623","22176","BLUE OWL SOFT TOY",6,"3/24/11 11:29",2.95,15641,"United Kingdom"
"547623","47591D","PINK FAIRY CAKE CHILDRENS APRON",8,"3/24/11 11:29",1.95,15641,"United Kingdom"
"547623","20728","LUNCH BAG CARS BLUE",10,"3/24/11 11:29",1.65,15641,"United Kingdom"
"547623","22256","FELT FARM ANIMAL CHICKEN",12,"3/24/11 11:29",1.25,15641,"United Kingdom"
"547623","84459A","PINK METAL CHICKEN HEART",12,"3/24/11 11:29",1.49,15641,"United Kingdom"
"547623","22779","WOODEN OWLS LIGHT GARLAND",4,"3/24/11 11:29",4.25,15641,"United Kingdom"
"547623","22780","LIGHT GARLAND BUTTERFILES PINK",4,"3/24/11 11:29",4.25,15641,"United Kingdom"
"547623","21399","BLUE POLKADOT COFFEE MUG",48,"3/24/11 11:29",0.39,15641,"United Kingdom"
"547623","21397","BLUE POLKADOT EGG CUP",48,"3/24/11 11:29",0.39,15641,"United Kingdom"
"547623","21400","RED PUDDING SPOON",24,"3/24/11 11:29",0.12,15641,"United Kingdom"
"547623","85027L","FRENCH CHATEAU LARGE PLATTER",6,"3/24/11 11:29",1.95,15641,"United Kingdom"
"547623","85078","SCANDINAVIAN 3 HEARTS NAPKIN RING",48,"3/24/11 11:29",0.19,15641,"United Kingdom"
"547623","22982","PANTRY PASTRY BRUSH",12,"3/24/11 11:29",1.25,15641,"United Kingdom"
"547623","22979","PANTRY WASHING UP BRUSH",12,"3/24/11 11:29",1.45,15641,"United Kingdom"
"547623","23180","MUM'S KITCHEN CLOCK",4,"3/24/11 11:29",4.95,15641,"United Kingdom"
"547626","20973",,60,"3/24/11 11:30",0,,"United Kingdom"
"547639","22961","JAM MAKING SET PRINTED",12,"3/24/11 11:34",1.45,17698,"United Kingdom"
"547639","22077","6 RIBBONS RUSTIC CHARM",12,"3/24/11 11:34",1.65,17698,"United Kingdom"
"547639","22076","6 RIBBONS EMPIRE",12,"3/24/11 11:34",1.65,17698,"United Kingdom"
"547639","22693","GROW A FLYTRAP OR SUNFLOWER IN TIN",24,"3/24/11 11:34",1.25,17698,"United Kingdom"
"547639","22498","WOODEN REGATTA BUNTING",3,"3/24/11 11:34",5.95,17698,"United Kingdom"
"547639","22150","3 STRIPEY MICE FELTCRAFT",6,"3/24/11 11:34",1.95,17698,"United Kingdom"
"547639","85178","VICTORIAN SEWING KIT",12,"3/24/11 11:34",1.25,17698,"United Kingdom"
"547639","21043","APRON MODERN VINTAGE COTTON",12,"3/24/11 11:34",1.95,17698,"United Kingdom"
"547644","85123A","WHITE HANGING HEART T-LIGHT HOLDER",6,"3/24/11 11:38",2.95,14267,"United Kingdom"
"547644","48187","DOORMAT NEW ENGLAND",2,"3/24/11 11:38",7.95,14267,"United Kingdom"
"547644","22989","SET 2 PANTRY DESIGN TEA TOWELS",6,"3/24/11 11:38",3.25,14267,"United Kingdom"
"547644","22961","JAM MAKING SET PRINTED",24,"3/24/11 11:38",1.45,14267,"United Kingdom"
"547644","22960","JAM MAKING SET WITH JARS",12,"3/24/11 11:38",3.75,14267,"United Kingdom"
"547644","22956","36 FOIL HEART CAKE CASES",6,"3/24/11 11:38",2.1,14267,"United Kingdom"
"547644","22776","SWEETHEART CAKESTAND 3 TIER",4,"3/24/11 11:38",9.95,14267,"United Kingdom"
"547644","22720","SET OF 3 CAKE TINS PANTRY DESIGN",6,"3/24/11 11:38",4.95,14267,"United Kingdom"
"547644","22666","RECIPE BOX PANTRY YELLOW DESIGN",6,"3/24/11 11:38",2.95,14267,"United Kingdom"
"547644","22423","REGENCY CAKESTAND 3 TIER",6,"3/24/11 11:38",12.75,14267,"United Kingdom"
"547644","22151","PLACE SETTING WHITE HEART",24,"3/24/11 11:38",0.42,14267,"United Kingdom"
"547644","22061","LARGE CAKE STAND  HANGING STRAWBERY",4,"3/24/11 11:38",9.95,14267,"United Kingdom"
"547644","22055","MINI CAKE STAND  HANGING STRAWBERY",16,"3/24/11 11:38",1.65,14267,"United Kingdom"
"547644","21877","HOME SWEET HOME MUG",12,"3/24/11 11:38",1.25,14267,"United Kingdom"
"547644","21164","HOME SWEET HOME METAL SIGN",6,"3/24/11 11:38",2.95,14267,"United Kingdom"
"547645","22435","SET OF 9 HEART SHAPED BALLOONS",12,"3/24/11 11:40",1.25,12676,"Sweden"
"547645","84988","SET OF 72 PINK HEART PAPER DOILIES",24,"3/24/11 11:40",1.45,12676,"Sweden"
"547645","22090","PAPER BUNTING RETROSPOT",12,"3/24/11 11:40",2.95,12676,"Sweden"
"547645","22128","PARTY CONES CANDY ASSORTED",24,"3/24/11 11:40",1.25,12676,"Sweden"
"547645","22668","PINK BABY BUNTING",10,"3/24/11 11:40",2.95,12676,"Sweden"
"547645","21975","PACK OF 60 DINOSAUR CAKE CASES",24,"3/24/11 11:40",0.55,12676,"Sweden"
"547645","POST","POSTAGE",1,"3/24/11 11:40",40,12676,"Sweden"
"547646","84849D",,-80,"3/24/11 11:42",0,,"United Kingdom"
"547647","20727","LUNCH BAG  BLACK SKULL.",10,"3/24/11 11:43",1.65,15144,"United Kingdom"
"547647","20728","LUNCH BAG CARS BLUE",10,"3/24/11 11:43",1.65,15144,"United Kingdom"
"547647","20977","36 PENCILS TUBE WOODLAND",16,"3/24/11 11:43",1.25,15144,"United Kingdom"
"547647","22384","LUNCH BAG PINK POLKADOT",10,"3/24/11 11:43",1.65,15144,"United Kingdom"
"547647","21086","SET/6 RED SPOTTY PAPER CUPS",12,"3/24/11 11:43",0.65,15144,"United Kingdom"
"547647","22084","PAPER CHAIN KIT EMPIRE",12,"3/24/11 11:43",2.95,15144,"United Kingdom"
"547647","22315","200 RED + WHITE BENDY STRAWS",12,"3/24/11 11:43",1.25,15144,"United Kingdom"
"547647","22333","RETROSPOT PARTY BAG + STICKER SET",8,"3/24/11 11:43",1.65,15144,"United Kingdom"
"547647","20725","LUNCH BAG RED RETROSPOT",10,"3/24/11 11:43",1.65,15144,"United Kingdom"
"547647","20979","36 PENCILS TUBE RED RETROSPOT",16,"3/24/11 11:43",1.25,15144,"United Kingdom"
"547647","21212","PACK OF 72 RETROSPOT CAKE CASES",24,"3/24/11 11:43",0.55,15144,"United Kingdom"
"547647","21977","PACK OF 60 PINK PAISLEY CAKE CASES",24,"3/24/11 11:43",0.55,15144,"United Kingdom"
"547647","21976","PACK OF 60 MUSHROOM CAKE CASES",24,"3/24/11 11:43",0.55,15144,"United Kingdom"
"547647","48187","DOORMAT NEW ENGLAND",2,"3/24/11 11:43",7.95,15144,"United Kingdom"
"547648","22978","PANTRY ROLLING PIN",6,"3/24/11 11:44",3.75,15144,"United Kingdom"
"547648","22993","SET OF 4 PANTRY JELLY MOULDS",12,"3/24/11 11:44",1.25,15144,"United Kingdom"
"547649","15056P","EDWARDIAN PARASOL PINK",1,"3/24/11 12:02",5.95,18118,"United Kingdom"
"547649","20679","EDWARDIAN PARASOL RED",2,"3/24/11 12:02",5.95,18118,"United Kingdom"
"547649","85014A","BLACK/BLUE POLKADOT UMBRELLA",1,"3/24/11 12:02",5.95,18118,"United Kingdom"
"547649","15056N","EDWARDIAN PARASOL NATURAL",1,"3/24/11 12:02",5.95,18118,"United Kingdom"
"547649","15056BL","EDWARDIAN PARASOL BLACK",2,"3/24/11 12:02",5.95,18118,"United Kingdom"
"547649","85014B","RED RETROSPOT UMBRELLA",2,"3/24/11 12:02",5.95,18118,"United Kingdom"
"547649","84978","HANGING HEART JAR T-LIGHT HOLDER",6,"3/24/11 12:02",1.25,18118,"United Kingdom"
"547649","84970S","HANGING HEART ZINC T-LIGHT HOLDER",12,"3/24/11 12:02",0.85,18118,"United Kingdom"
"547649","21561","DINOSAUR LUNCH BOX WITH CUTLERY",2,"3/24/11 12:02",2.55,18118,"United Kingdom"
"547649","21558","SKULL LUNCH BOX WITH CUTLERY",6,"3/24/11 12:02",2.55,18118,"United Kingdom"
"547649","22352","LUNCH BOX WITH CUTLERY RETROSPOT",6,"3/24/11 12:02",2.55,18118,"United Kingdom"
"547649","22197","SMALL POPCORN HOLDER",10,"3/24/11 12:02",0.85,18118,"United Kingdom"
"547649","22084","PAPER CHAIN KIT EMPIRE",2,"3/24/11 12:02",2.95,18118,"United Kingdom"
"547649","20845","ZINC HEART LATTICE 2 WALL PLANTER",2,"3/24/11 12:02",6.35,18118,"United Kingdom"
"547649","21232","STRAWBERRY CERAMIC TRINKET BOX",2,"3/24/11 12:02",1.25,18118,"United Kingdom"
"547649","22890","NOVELTY BISCUITS CAKE STAND 3 TIER",1,"3/24/11 12:02",9.95,18118,"United Kingdom"
"547649","84596F","SMALL MARSHMALLOWS PINK BOWL",8,"3/24/11 12:02",0.42,18118,"United Kingdom"
"547649","84596E","SMALL LICORICE DES PINK BOWL",8,"3/24/11 12:02",0.42,18118,"United Kingdom"
"547649","72741","GRAND CHOCOLATECANDLE",9,"3/24/11 12:02",1.45,18118,"United Kingdom"
"547649","21155","RED RETROSPOT PEG BAG",3,"3/24/11 12:02",2.55,18118,"United Kingdom"
"547649","20751","FUNKY WASHING UP GLOVES ASSORTED",12,"3/24/11 12:02",2.1,18118,"United Kingdom"
"547649","22650","CERAMIC PIRATE CHEST MONEY BANK",4,"3/24/11 12:02",1.45,18118,"United Kingdom"
"547649","22517","CHILDS GARDEN RAKE PINK",2,"3/24/11 12:02",2.1,18118,"United Kingdom"
"547649","22515","CHILDS GARDEN SPADE PINK",1,"3/24/11 12:02",2.1,18118,"United Kingdom"
"547649","22514","CHILDS GARDEN SPADE BLUE",1,"3/24/11 12:02",2.1,18118,"United Kingdom"
"547649","22516","CHILDS GARDEN RAKE BLUE",1,"3/24/11 12:02",2.1,18118,"United Kingdom"
"547649","84898F","YELLOW FLOWERS FELT HANDBAG KIT",2,"3/24/11 12:02",2.1,18118,"United Kingdom"
"547649","22569","FELTCRAFT CUSHION BUTTERFLY",3,"3/24/11 12:02",3.75,18118,"United Kingdom"
"547649","85152","HAND OVER THE CHOCOLATE   SIGN",2,"3/24/11 12:02",2.1,18118,"United Kingdom"
"547649","22993","SET OF 4 PANTRY JELLY MOULDS",1,"3/24/11 12:02",1.25,18118,"United Kingdom"
"547649","22645","CERAMIC HEART FAIRY CAKE MONEY BANK",2,"3/24/11 12:02",1.45,18118,"United Kingdom"
"547649","20992","JAZZ HEARTS PURSE NOTEBOOK",2,"3/24/11 12:02",0.85,18118,"United Kingdom"
"547649","21212","PACK OF 72 RETROSPOT CAKE CASES",2,"3/24/11 12:02",0.55,18118,"United Kingdom"
"547649","21559","STRAWBERRY LUNCH BOX WITH CUTLERY",6,"3/24/11 12:02",2.55,18118,"United Kingdom"
"547649","85123A","WHITE HANGING HEART T-LIGHT HOLDER",6,"3/24/11 12:02",2.95,18118,"United Kingdom"
"547649","21733","RED HANGING HEART T-LIGHT HOLDER",6,"3/24/11 12:02",2.95,18118,"United Kingdom"
"547649","22522","CHILDS GARDEN FORK BLUE",4,"3/24/11 12:02",0.85,18118,"United Kingdom"
"547649","22521","CHILDS GARDEN TROWEL PINK",4,"3/24/11 12:02",0.85,18118,"United Kingdom"
"547649","22520","CHILDS GARDEN TROWEL BLUE",4,"3/24/11 12:02",0.85,18118,"United Kingdom"
"547649","22523","CHILDS GARDEN FORK PINK",4,"3/24/11 12:02",0.85,18118,"United Kingdom"
"547649","20725","LUNCH BAG RED RETROSPOT",2,"3/24/11 12:02",1.65,18118,"United Kingdom"
"547649","22384","LUNCH BAG PINK POLKADOT",2,"3/24/11 12:02",1.65,18118,"United Kingdom"
"547649","22524","CHILDRENS GARDEN GLOVES BLUE",4,"3/24/11 12:02",1.25,18118,"United Kingdom"
"547649","22525","CHILDRENS GARDEN GLOVES PINK",4,"3/24/11 12:02",1.25,18118,"United Kingdom"
"547649","20727","LUNCH BAG  BLACK SKULL.",2,"3/24/11 12:02",1.65,18118,"United Kingdom"
"547649","22382","LUNCH BAG SPACEBOY DESIGN",1,"3/24/11 12:02",1.65,18118,"United Kingdom"
"547649","20754","RETROSPOT RED WASHING UP GLOVES",3,"3/24/11 12:02",2.1,18118,"United Kingdom"
"547649","22558","CLOTHES PEGS RETROSPOT PACK 24",5,"3/24/11 12:02",1.49,18118,"United Kingdom"
"547649","85099B","JUMBO BAG RED RETROSPOT",2,"3/24/11 12:02",1.95,18118,"United Kingdom"
"547649","22385","JUMBO BAG SPACEBOY DESIGN",1,"3/24/11 12:02",1.95,18118,"United Kingdom"
"547649","20712","JUMBO BAG WOODLAND ANIMALS",1,"3/24/11 12:02",1.95,18118,"United Kingdom"
"547649","21930","JUMBO STORAGE BAG SKULLS",2,"3/24/11 12:02",1.95,18118,"United Kingdom"
"547649","85099F","JUMBO BAG STRAWBERRY",2,"3/24/11 12:02",1.95,18118,"United Kingdom"
"547649","22386","JUMBO BAG PINK POLKADOT",2,"3/24/11 12:02",1.95,18118,"United Kingdom"
"547649","85099C","JUMBO  BAG BAROQUE BLACK WHITE",2,"3/24/11 12:02",1.95,18118,"United Kingdom"
"547649","21931","JUMBO STORAGE BAG SUKI",2,"3/24/11 12:02",1.95,18118,"United Kingdom"
"547650","21165","BEWARE OF THE CAT METAL SIGN",1,"3/24/11 12:08",1.69,17059,"United Kingdom"
"547650","82582","AREA PATROLLED METAL SIGN",2,"3/24/11 12:08",2.1,17059,"United Kingdom"
"547650","82583","HOT BATHS METAL SIGN",1,"3/24/11 12:08",2.1,17059,"United Kingdom"
"547650","85152","HAND OVER THE CHOCOLATE   SIGN",1,"3/24/11 12:08",2.1,17059,"United Kingdom"
"547650","82599","FANNY'S REST STOPMETAL SIGN",1,"3/24/11 12:08",2.1,17059,"United Kingdom"
"547650","22989","SET 2 PANTRY DESIGN TEA TOWELS",4,"3/24/11 12:08",3.25,17059,"United Kingdom"
"547650","20750","RED RETROSPOT MINI CASES",1,"3/24/11 12:08",7.95,17059,"United Kingdom"
"547650","22138","BAKING SET 9 PIECE RETROSPOT",1,"3/24/11 12:08",4.95,17059,"United Kingdom"
"547650","22720","SET OF 3 CAKE TINS PANTRY DESIGN",1,"3/24/11 12:08",4.95,17059,"United Kingdom"
"547650","22567","20 DOLLY PEGS RETROSPOT",5,"3/24/11 12:08",1.25,17059,"United Kingdom"
"547650","22084","PAPER CHAIN KIT EMPIRE",6,"3/24/11 12:08",2.95,17059,"United Kingdom"
"547650","22993","SET OF 4 PANTRY JELLY MOULDS",2,"3/24/11 12:08",1.25,17059,"United Kingdom"
"547650","22960","JAM MAKING SET WITH JARS",3,"3/24/11 12:08",4.25,17059,"United Kingdom"
"547650","22666","RECIPE BOX PANTRY YELLOW DESIGN",2,"3/24/11 12:08",2.95,17059,"United Kingdom"
"547650","21623","VINTAGE UNION JACK MEMOBOARD",1,"3/24/11 12:08",9.95,17059,"United Kingdom"
"547650","21500","PINK POLKADOT WRAP",25,"3/24/11 12:08",0.42,17059,"United Kingdom"
"547650","21499","BLUE POLKADOT WRAP",25,"3/24/11 12:08",0.42,17059,"United Kingdom"
"547650","21930","JUMBO STORAGE BAG SKULLS",1,"3/24/11 12:08",1.95,17059,"United Kingdom"
"547650","85099C","JUMBO  BAG BAROQUE BLACK WHITE",1,"3/24/11 12:08",1.95,17059,"United Kingdom"
"547650","22411","JUMBO SHOPPER VINTAGE RED PAISLEY",1,"3/24/11 12:08",1.95,17059,"United Kingdom"
"547650","85014B","RED RETROSPOT UMBRELLA",1,"3/24/11 12:08",5.95,17059,"United Kingdom"
"547650","85014A","BLACK/BLUE POLKADOT UMBRELLA",1,"3/24/11 12:08",5.95,17059,"United Kingdom"
"547650","20679","EDWARDIAN PARASOL RED",1,"3/24/11 12:08",5.95,17059,"United Kingdom"
"547650","15056N","EDWARDIAN PARASOL NATURAL",1,"3/24/11 12:08",5.95,17059,"United Kingdom"
"547650","15056P","EDWARDIAN PARASOL PINK",1,"3/24/11 12:08",5.95,17059,"United Kingdom"
"547650","21034","REX CASH+CARRY JUMBO SHOPPER",2,"3/24/11 12:08",0.95,17059,"United Kingdom"
"547650","22961","JAM MAKING SET PRINTED",6,"3/24/11 12:08",1.45,17059,"United Kingdom"
"547650","22499","WOODEN UNION JACK BUNTING",3,"3/24/11 12:08",5.95,17059,"United Kingdom"
"547650","21878","PACK OF 6 SANDCASTLE FLAGS ASSORTED",9,"3/24/11 12:08",0.85,17059,"United Kingdom"
"547650","84879","ASSORTED COLOUR BIRD ORNAMENT",8,"3/24/11 12:08",1.69,17059,"United Kingdom"
"547650","22284","HEN HOUSE DECORATION",12,"3/24/11 12:08",1.65,17059,"United Kingdom"
"547650","22285","HANGING HEN ON NEST DECORATION",12,"3/24/11 12:08",1.65,17059,"United Kingdom"
"547650","21588","RETROSPOT GIANT TUBE MATCHES",4,"3/24/11 12:08",2.55,17059,"United Kingdom"
"547650","21586","KINGS CHOICE GIANT TUBE MATCHES",4,"3/24/11 12:08",2.55,17059,"United Kingdom"
"547650","21922","UNION STRIPE WITH FRINGE  HAMMOCK",2,"3/24/11 12:08",7.95,17059,"United Kingdom"
"547650","48187","DOORMAT NEW ENGLAND",1,"3/24/11 12:08",7.95,17059,"United Kingdom"
"547650","48138","DOORMAT UNION FLAG",1,"3/24/11 12:08",7.95,17059,"United Kingdom"
"547650","48194","DOORMAT HEARTS",1,"3/24/11 12:08",7.95,17059,"United Kingdom"
"547650","48184","DOORMAT ENGLISH ROSE",1,"3/24/11 12:08",7.95,17059,"United Kingdom"
"547650","21937","STRAWBERRY   PICNIC BAG",2,"3/24/11 12:08",2.95,17059,"United Kingdom"
"547650","21936","RED RETROSPOT PICNIC BAG",2,"3/24/11 12:08",2.95,17059,"United Kingdom"
"547650","85099B","JUMBO BAG RED RETROSPOT",3,"3/24/11 12:08",1.95,17059,"United Kingdom"
"547650","22386","JUMBO BAG PINK POLKADOT",2,"3/24/11 12:08",1.95,17059,"United Kingdom"
"547650","21929","JUMBO BAG PINK VINTAGE PAISLEY",2,"3/24/11 12:08",1.95,17059,"United Kingdom"
"547650","21928","JUMBO BAG SCANDINAVIAN BLUE PAISLEY",1,"3/24/11 12:08",1.95,17059,"United Kingdom"
"547650","85099F","JUMBO BAG STRAWBERRY",1,"3/24/11 12:08",1.95,17059,"United Kingdom"
"547650","20713","JUMBO BAG OWLS",1,"3/24/11 12:08",1.95,17059,"United Kingdom"
"547650","47590B","PINK HAPPY BIRTHDAY BUNTING",1,"3/24/11 12:08",5.45,17059,"United Kingdom"
"547650","47590A","BLUE HAPPY BIRTHDAY BUNTING",1,"3/24/11 12:08",5.45,17059,"United Kingdom"
"547650","22084","PAPER CHAIN KIT EMPIRE",4,"3/24/11 12:08",2.95,17059,"United Kingdom"
"547650","22383","LUNCH BAG SUKI DESIGN",3,"3/24/11 12:08",1.65,17059,"United Kingdom"
"547650","20725","LUNCH BAG RED RETROSPOT",2,"3/24/11 12:08",1.65,17059,"United Kingdom"
"547650","85187","S/12 MINI RABBIT EASTER",10,"3/24/11 12:08",1.65,17059,"United Kingdom"
"547650","22989","SET 2 PANTRY DESIGN TEA TOWELS",4,"3/24/11 12:08",3.25,17059,"United Kingdom"
"547650","22990","COTTON APRON PANTRY DESIGN",3,"3/24/11 12:08",4.95,17059,"United Kingdom"
"547650","22382","LUNCH BAG SPACEBOY DESIGN",1,"3/24/11 12:08",1.65,17059,"United Kingdom"
"547650","22384","LUNCH BAG PINK POLKADOT",3,"3/24/11 12:08",1.65,17059,"United Kingdom"
"547650","20728","LUNCH BAG CARS BLUE",2,"3/24/11 12:08",1.65,17059,"United Kingdom"
"547650","21931","JUMBO STORAGE BAG SUKI",2,"3/24/11 12:08",1.95,17059,"United Kingdom"
"547650","22663","JUMBO BAG DOLLY GIRL DESIGN",2,"3/24/11 12:08",1.95,17059,"United Kingdom"
"547650","20727","LUNCH BAG  BLACK SKULL.",2,"3/24/11 12:08",1.65,17059,"United Kingdom"
"547650","22662","LUNCH BAG DOLLY GIRL DESIGN",2,"3/24/11 12:08",1.65,17059,"United Kingdom"
"547650","21908","CHOCOLATE THIS WAY METAL SIGN",1,"3/24/11 12:08",2.1,17059,"United Kingdom"
"547650","21166","COOK WITH WINE METAL SIGN",1,"3/24/11 12:08",2.08,17059,"United Kingdom"
"547650","21174","POTTERING IN THE SHED METAL SIGN",2,"3/24/11 12:08",2.08,17059,"United Kingdom"
"547650","21175","GIN + TONIC DIET METAL SIGN",2,"3/24/11 12:08",2.55,17059,"United Kingdom"
"547650","21164","HOME SWEET HOME METAL SIGN",1,"3/24/11 12:08",2.95,17059,"United Kingdom"
"547651","84795B","SUNSET CHECK HAMMOCK",1,"3/24/11 12:11",7.95,16904,"United Kingdom"
"547651","21922","UNION STRIPE WITH FRINGE  HAMMOCK",1,"3/24/11 12:11",7.95,16904,"United Kingdom"
"547651","82613A","METAL SIGN,CUPCAKE SINGLE HOOK",1,"3/24/11 12:11",1.25,16904,"United Kingdom"
"547651","82613B","METAL SIGN,CUPCAKE SINGLE HOOK",1,"3/24/11 12:11",1.25,16904,"United Kingdom"
"547651","82613C","METAL SIGN,CUPCAKE SINGLE HOOK",1,"3/24/11 12:11",1.25,16904,"United Kingdom"
"547651","82613D","METAL SIGN CUPCAKE SINGLE HOOK",1,"3/24/11 12:11",1.25,16904,"United Kingdom"
"547651","82613A","METAL SIGN,CUPCAKE SINGLE HOOK",1,"3/24/11 12:11",1.25,16904,"United Kingdom"
"547651","82613C","METAL SIGN,CUPCAKE SINGLE HOOK",1,"3/24/11 12:11",1.25,16904,"United Kingdom"
"547651","82613D","METAL SIGN CUPCAKE SINGLE HOOK",1,"3/24/11 12:11",1.25,16904,"United Kingdom"
"547651","82613B","METAL SIGN,CUPCAKE SINGLE HOOK",1,"3/24/11 12:11",1.25,16904,"United Kingdom"
"547651","23184","BULL DOG BOTTLE OPENER",2,"3/24/11 12:11",4.95,16904,"United Kingdom"
"547651","22084","PAPER CHAIN KIT EMPIRE",1,"3/24/11 12:11",2.95,16904,"United Kingdom"
"547651","85038","6 CHOCOLATE LOVE HEART T-LIGHTS",1,"3/24/11 12:11",2.1,16904,"United Kingdom"
"547651","22990","COTTON APRON PANTRY DESIGN",2,"3/24/11 12:11",4.95,16904,"United Kingdom"
"547651","22989","SET 2 PANTRY DESIGN TEA TOWELS",2,"3/24/11 12:11",3.25,16904,"United Kingdom"
"547651","22467","GUMBALL COAT RACK",1,"3/24/11 12:11",2.55,16904,"United Kingdom"
"547651","22084","PAPER CHAIN KIT EMPIRE",1,"3/24/11 12:11",2.95,16904,"United Kingdom"
"547651","85202","HANGING WOOD AND FELT HEART",2,"3/24/11 12:11",0.42,16904,"United Kingdom"
"547651","22247","BUNNY DECORATION MAGIC GARDEN",1,"3/24/11 12:11",0.85,16904,"United Kingdom"
"547651","21389","IVORY HANGING DECORATION  BIRD",1,"3/24/11 12:11",0.85,16904,"United Kingdom"
"547651","21389","IVORY HANGING DECORATION  BIRD",1,"3/24/11 12:11",0.85,16904,"United Kingdom"
"547651","22293","HANGING CHICK GREEN DECORATION",1,"3/24/11 12:11",1.45,16904,"United Kingdom"
"547651","22265","EASTER DECORATION NATURAL CHICK",2,"3/24/11 12:11",0.65,16904,"United Kingdom"
"547651","21386","IVORY HANGING DECORATION  EGG",1,"3/24/11 12:11",0.85,16904,"United Kingdom"
"547651","22291","HANGING CHICK CREAM DECORATION",1,"3/24/11 12:11",1.45,16904,"United Kingdom"
"547651","22292","HANGING CHICK  YELLOW DECORATION",1,"3/24/11 12:11",1.45,16904,"United Kingdom"
"547651","22979","PANTRY WASHING UP BRUSH",1,"3/24/11 12:11",1.45,16904,"United Kingdom"
"547651","85205B","PINK FELT EASTER RABBIT GARLAND",2,"3/24/11 12:11",2.55,16904,"United Kingdom"
"547651","22284","HEN HOUSE DECORATION",1,"3/24/11 12:11",1.65,16904,"United Kingdom"
"547651","22287","DECORATION , WOBBLY CHICKEN, METAL",1,"3/24/11 12:11",1.65,16904,"United Kingdom"
"547651","22286","DECORATION , WOBBLY RABBIT , METAL",2,"3/24/11 12:11",1.65,16904,"United Kingdom"
"547651","22285","HANGING HEN ON NEST DECORATION",1,"3/24/11 12:11",1.65,16904,"United Kingdom"
"547651","85203","HANGING WOOD AND FELT BUTTERFLY",1,"3/24/11 12:11",0.42,16904,"United Kingdom"
"547651","85038","6 CHOCOLATE LOVE HEART T-LIGHTS",1,"3/24/11 12:11",2.1,16904,"United Kingdom"
"547651","22719","GUMBALL MONOCHROME COAT RACK",1,"3/24/11 12:11",1.25,16904,"United Kingdom"
"547651","22244","3 HOOK HANGER MAGIC GARDEN",1,"3/24/11 12:11",1.95,16904,"United Kingdom"
"547651","20686","DOLLY MIXTURE CHILDREN'S UMBRELLA",1,"3/24/11 12:11",3.25,16904,"United Kingdom"
"547651","20684","STRAWBERRY DREAM CHILDS UMBRELLA",1,"3/24/11 12:11",3.25,16904,"United Kingdom"
"547651","85014B","RED RETROSPOT UMBRELLA",1,"3/24/11 12:11",5.95,16904,"United Kingdom"
"547651","20682","RED RETROSPOT CHILDRENS UMBRELLA",1,"3/24/11 12:11",3.25,16904,"United Kingdom"
"547651","21459","YELLOW EASTER EGG HUNT START POST",3,"3/24/11 12:11",1.95,16904,"United Kingdom"
"547651","21172","PARTY METAL SIGN",3,"3/24/11 12:11",1.45,16904,"United Kingdom"
"547651","22553","PLASTERS IN TIN SKULLS",1,"3/24/11 12:11",1.65,16904,"United Kingdom"
"547651","22554","PLASTERS IN TIN WOODLAND ANIMALS",1,"3/24/11 12:11",1.65,16904,"United Kingdom"
"547651","22554","PLASTERS IN TIN WOODLAND ANIMALS",1,"3/24/11 12:11",1.65,16904,"United Kingdom"
"547651","22551","PLASTERS IN TIN SPACEBOY",1,"3/24/11 12:11",1.65,16904,"United Kingdom"
"547651","22551","PLASTERS IN TIN SPACEBOY",1,"3/24/11 12:11",1.65,16904,"United Kingdom"
"547651","22555","PLASTERS IN TIN STRONGMAN",1,"3/24/11 12:11",1.65,16904,"United Kingdom"
"547651","22556","PLASTERS IN TIN CIRCUS PARADE",1,"3/24/11 12:11",1.65,16904,"United Kingdom"
"547651","22553","PLASTERS IN TIN SKULLS",1,"3/24/11 12:11",1.65,16904,"United Kingdom"
"547651","22556","PLASTERS IN TIN CIRCUS PARADE",1,"3/24/11 12:11",1.65,16904,"United Kingdom"
"547651","22555","PLASTERS IN TIN STRONGMAN",1,"3/24/11 12:11",1.65,16904,"United Kingdom"
"547651","21903","MAN FLU METAL SIGN",1,"3/24/11 12:11",2.1,16904,"United Kingdom"
"547651","22413","METAL SIGN TAKE IT OR LEAVE IT",1,"3/24/11 12:11",2.95,16904,"United Kingdom"
"547651","21181","PLEASE ONE PERSON METAL SIGN",1,"3/24/11 12:11",2.1,16904,"United Kingdom"
"547651","21904","HOUSE WRECKING METAL SIGN",1,"3/24/11 12:11",2.1,16904,"United Kingdom"
"547651","21908","CHOCOLATE THIS WAY METAL SIGN",1,"3/24/11 12:11",2.1,16904,"United Kingdom"
"547651","21174","POTTERING IN THE SHED METAL SIGN",1,"3/24/11 12:11",2.08,16904,"United Kingdom"
"547651","21175","GIN + TONIC DIET METAL SIGN",2,"3/24/11 12:11",2.55,16904,"United Kingdom"
"547651","21163","DO NOT TOUCH MY STUFF DOOR HANGER",1,"3/24/11 12:11",1.45,16904,"United Kingdom"
"547651","21162","TOXIC AREA  DOOR HANGER",1,"3/24/11 12:11",1.45,16904,"United Kingdom"
"547651","21159","MOODY BOY  DOOR HANGER",1,"3/24/11 12:11",1.45,16904,"United Kingdom"
"547651","15056P","EDWARDIAN PARASOL PINK",1,"3/24/11 12:11",5.95,16904,"United Kingdom"
"547651","85014B","RED RETROSPOT UMBRELLA",1,"3/24/11 12:11",5.95,16904,"United Kingdom"
"547651","15056P","EDWARDIAN PARASOL PINK",1,"3/24/11 12:11",5.95,16904,"United Kingdom"
"547651","85014A","BLACK/BLUE POLKADOT UMBRELLA",1,"3/24/11 12:11",5.95,16904,"United Kingdom"
"547651","15056N","EDWARDIAN PARASOL NATURAL",2,"3/24/11 12:11",5.95,16904,"United Kingdom"
"547651","20679","EDWARDIAN PARASOL RED",2,"3/24/11 12:11",5.95,16904,"United Kingdom"
"547651","22291","HANGING CHICK CREAM DECORATION",1,"3/24/11 12:11",1.45,16904,"United Kingdom"
"547651","22292","HANGING CHICK  YELLOW DECORATION",1,"3/24/11 12:11",1.45,16904,"United Kingdom"
"547651","22289","HANGING METAL CHICKEN DECORATION",1,"3/24/11 12:11",1.25,16904,"United Kingdom"
"547651","84457","SET/3 RABBITS FLOWER SKIPPPING ROPE",1,"3/24/11 12:11",0.85,16904,"United Kingdom"
"547651","22248","DECORATION  PINK CHICK MAGIC GARDEN",1,"3/24/11 12:11",0.85,16904,"United Kingdom"
"547651","22293","HANGING CHICK GREEN DECORATION",1,"3/24/11 12:11",1.45,16904,"United Kingdom"
"547651","22249","DECORATION WHITE CHICK MAGIC GARDEN",1,"3/24/11 12:11",0.85,16904,"United Kingdom"
"547651","22249","DECORATION WHITE CHICK MAGIC GARDEN",1,"3/24/11 12:11",0.85,16904,"United Kingdom"
"547651","22292","HANGING CHICK  YELLOW DECORATION",1,"3/24/11 12:11",1.45,16904,"United Kingdom"
"547651","22249","DECORATION WHITE CHICK MAGIC GARDEN",1,"3/24/11 12:11",0.85,16904,"United Kingdom"
"547651","22288","HANGING METAL RABBIT DECORATION",1,"3/24/11 12:11",1.25,16904,"United Kingdom"
"547651","22287","DECORATION , WOBBLY CHICKEN, METAL",1,"3/24/11 12:11",1.65,16904,"United Kingdom"
"547651","22291","HANGING CHICK CREAM DECORATION",1,"3/24/11 12:11",1.45,16904,"United Kingdom"
"547651","22248","DECORATION  PINK CHICK MAGIC GARDEN",1,"3/24/11 12:11",0.85,16904,"United Kingdom"
"547651","22243","5 HOOK HANGER RED MAGIC TOADSTOOL",1,"3/24/11 12:11",1.65,16904,"United Kingdom"
"547651","22212","FOUR HOOK  WHITE LOVEBIRDS",1,"3/24/11 12:11",2.1,16904,"United Kingdom"
"547651","22595","GINGHAM HEART DECORATION",1,"3/24/11 12:11",0.85,16904,"United Kingdom"
"547651","22249","DECORATION WHITE CHICK MAGIC GARDEN",1,"3/24/11 12:11",0.85,16904,"United Kingdom"
"547651","22288","HANGING METAL RABBIT DECORATION",1,"3/24/11 12:11",1.25,16904,"United Kingdom"
"547651","22595","GINGHAM HEART DECORATION",1,"3/24/11 12:11",0.85,16904,"United Kingdom"
"547651","85203","HANGING WOOD AND FELT BUTTERFLY",1,"3/24/11 12:11",0.42,16904,"United Kingdom"
"547651","84457","SET/3 RABBITS FLOWER SKIPPPING ROPE",1,"3/24/11 12:11",0.85,16904,"United Kingdom"
"547651","22293","HANGING CHICK GREEN DECORATION",1,"3/24/11 12:11",1.45,16904,"United Kingdom"
"547651","21386","IVORY HANGING DECORATION  EGG",3,"3/24/11 12:11",0.85,16904,"United Kingdom"
"547651","22285","HANGING HEN ON NEST DECORATION",1,"3/24/11 12:11",1.65,16904,"United Kingdom"
"547651","21158","MOODY GIRL DOOR HANGER",1,"3/24/11 12:11",1.45,16904,"United Kingdom"
"547651","21248","DOOR HANGER  MUM + DADS ROOM",1,"3/24/11 12:11",1.45,16904,"United Kingdom"
"547651","21165","BEWARE OF THE CAT METAL SIGN",1,"3/24/11 12:11",1.69,16904,"United Kingdom"
"547651","85152","HAND OVER THE CHOCOLATE   SIGN",2,"3/24/11 12:11",2.1,16904,"United Kingdom"
"547651","22117","METAL SIGN HER DINNER IS SERVED",1,"3/24/11 12:11",2.95,16904,"United Kingdom"
"547651","21907","I'M ON HOLIDAY METAL SIGN",1,"3/24/11 12:11",2.1,16904,"United Kingdom"
"547651","21770","OPEN CLOSED METAL SIGN",2,"3/24/11 12:11",4.95,16904,"United Kingdom"
"547651","22456","NATURAL SLATE CHALKBOARD LARGE",1,"3/24/11 12:11",4.95,16904,"United Kingdom"
"547651","22456","NATURAL SLATE CHALKBOARD LARGE",2,"3/24/11 12:11",4.95,16904,"United Kingdom"
"547651","85123A","WHITE HANGING HEART T-LIGHT HOLDER",4,"3/24/11 12:11",2.95,16904,"United Kingdom"
"547651","22804","CANDLEHOLDER PINK HANGING HEART",2,"3/24/11 12:11",2.95,16904,"United Kingdom"
"547651","84763","ZINC FINISH 15CM PLANTER POTS",8,"3/24/11 12:11",1.25,16904,"United Kingdom"
"547651","22432","WATERING CAN PINK BUNNY",3,"3/24/11 12:11",1.95,16904,"United Kingdom"
"547651","22431","WATERING CAN BLUE ELEPHANT",1,"3/24/11 12:11",1.95,16904,"United Kingdom"
"547651","22432","WATERING CAN PINK BUNNY",1,"3/24/11 12:11",1.95,16904,"United Kingdom"
"547651","22431","WATERING CAN BLUE ELEPHANT",1,"3/24/11 12:11",1.95,16904,"United Kingdom"
"547651","85175","CACTI T-LIGHT CANDLES",32,"3/24/11 12:11",0.42,16904,"United Kingdom"
"547651","22968","ROSE COTTAGE KEEPSAKE BOX",1,"3/24/11 12:11",9.95,16904,"United Kingdom"
"547651","22501","PICNIC BASKET WICKER LARGE",1,"3/24/11 12:11",9.95,16904,"United Kingdom"
"547651","22782","SET 3 WICKER STORAGE BASKETS",1,"3/24/11 12:11",24.95,16904,"United Kingdom"
"547651","22444","GROW YOUR OWN PLANT IN A CAN",48,"3/24/11 12:11",1.25,16904,"United Kingdom"
"547652","37450","CERAMIC CAKE BOWL + HANGING CAKES",1,"3/24/11 12:15",2.95,14606,"United Kingdom"
"547652","21447","12 IVORY ROSE PEG PLACE SETTINGS",24,"3/24/11 12:15",1.25,14606,"United Kingdom"
"547652","21445","12 PINK ROSE PEG PLACE SETTINGS",96,"3/24/11 12:15",1.25,14606,"United Kingdom"
"547652","21471","STRAWBERRY RAFFIA FOOD COVER",2,"3/24/11 12:15",3.75,14606,"United Kingdom"
"547652","22221","CAKE STAND LOVEBIRD 2 TIER PINK",1,"3/24/11 12:15",9.95,14606,"United Kingdom"
"547652","22851","SET 20 NAPKINS FAIRY CAKES DESIGN",1,"3/24/11 12:15",0.85,14606,"United Kingdom"
"547652","22348","TEA BAG PLATE RED RETROSPOT",1,"3/24/11 12:15",0.85,14606,"United Kingdom"
"547652","21555","CERAMIC STRAWBERRY TRINKET TRAY",1,"3/24/11 12:15",2.55,14606,"United Kingdom"
"547652","21364","PEACE SMALL WOOD LETTERS",1,"3/24/11 12:15",6.75,14606,"United Kingdom"
"547652","21664","RIDGED GLASS STORAGE JAR CREAM LID",1,"3/24/11 12:15",3.75,14606,"United Kingdom"
"547652","21041","RED RETROSPOT OVEN GLOVE DOUBLE",1,"3/24/11 12:15",2.95,14606,"United Kingdom"
"547652","22195","LARGE HEART MEASURING SPOONS",1,"3/24/11 12:15",1.65,14606,"United Kingdom"
"547652","82583","HOT BATHS METAL SIGN",1,"3/24/11 12:15",2.1,14606,"United Kingdom"
"547652","20727","LUNCH BAG  BLACK SKULL.",1,"3/24/11 12:15",1.65,14606,"United Kingdom"
"547652","20726","LUNCH BAG WOODLAND",1,"3/24/11 12:15",1.65,14606,"United Kingdom"
"547652","21311","SET/4 BIRD MIRROR MAGNETS",1,"3/24/11 12:15",2.1,14606,"United Kingdom"
"547652","22261","FELT EGG COSY WHITE RABBIT",1,"3/24/11 12:15",0.85,14606,"United Kingdom"
"547652","85129D","BEADED CRYSTAL HEART PINK SMALL",1,"3/24/11 12:15",1.25,14606,"United Kingdom"
"547652","21889","WOODEN BOX OF DOMINOES",1,"3/24/11 12:15",1.25,14606,"United Kingdom"
"547652","22543","MINI JIGSAW BAKE A CAKE",1,"3/24/11 12:15",0.42,14606,"United Kingdom"
"547652","22260","FELT EGG COSY BLUE RABBIT",1,"3/24/11 12:15",0.85,14606,"United Kingdom"
"547652","22262","FELT EGG COSY CHICKEN",1,"3/24/11 12:15",0.85,14606,"United Kingdom"
"547652","82580","BATHROOM METAL SIGN",1,"3/24/11 12:15",0.55,14606,"United Kingdom"
"547652","22286","DECORATION , WOBBLY RABBIT , METAL",1,"3/24/11 12:15",1.65,14606,"United Kingdom"
"547652","21232","STRAWBERRY CERAMIC TRINKET BOX",1,"3/24/11 12:15",1.25,14606,"United Kingdom"
"547652","22405","MONEY BOX POCKET MONEY DESIGN",1,"3/24/11 12:15",1.25,14606,"United Kingdom"
"547652","21067","VINTAGE RED TEATIME MUG",1,"3/24/11 12:15",1.25,14606,"United Kingdom"
"547652","22079","RIBBON REEL HEARTS DESIGN",1,"3/24/11 12:15",1.65,14606,"United Kingdom"
"547652","21563","RED HEART SHAPE LOVE BUCKET",1,"3/24/11 12:15",2.95,14606,"United Kingdom"
"547652","84970L","SINGLE HEART ZINC T-LIGHT HOLDER",24,"3/24/11 12:15",0.95,14606,"United Kingdom"
"547653","22356","CHARLOTTE BAG PINK POLKADOT",100,"3/24/11 12:21",0.72,16745,"United Kingdom"
"547653","22243","5 HOOK HANGER RED MAGIC TOADSTOOL",5,"3/24/11 12:21",1.65,16745,"United Kingdom"
"547653","22383","LUNCH BAG SUKI DESIGN",10,"3/24/11 12:21",1.65,16745,"United Kingdom"
"547653","22666","RECIPE BOX PANTRY YELLOW DESIGN",7,"3/24/11 12:21",2.95,16745,"United Kingdom"
"547653","22857","ASSORTED EASTER GIFT TAGS",6,"3/24/11 12:21",0.85,16745,"United Kingdom"
"547653","22857","ASSORTED EASTER GIFT TAGS",6,"3/24/11 12:21",0.85,16745,"United Kingdom"
"547653","22993","SET OF 4 PANTRY JELLY MOULDS",5,"3/24/11 12:21",1.25,16745,"United Kingdom"
"547653","22667","RECIPE BOX RETROSPOT",4,"3/24/11 12:21",2.95,16745,"United Kingdom"
"547653","22722","SET OF 6 SPICE TINS PANTRY DESIGN",5,"3/24/11 12:21",3.95,16745,"United Kingdom"
"547653","20749","ASSORTED COLOUR MINI CASES",2,"3/24/11 12:21",7.95,16745,"United Kingdom"
"547653","21669","BLUE STRIPE CERAMIC DRAWER KNOB",12,"3/24/11 12:21",1.25,16745,"United Kingdom"
"547653","21155","RED RETROSPOT PEG BAG",3,"3/24/11 12:21",2.55,16745,"United Kingdom"
"547653","22558","CLOTHES PEGS RETROSPOT PACK 24",5,"3/24/11 12:21",1.49,16745,"United Kingdom"
"547653","22900","SET 2 TEA TOWELS I LOVE LONDON",3,"3/24/11 12:21",2.95,16745,"United Kingdom"
"547653","21035","SET/2 RED RETROSPOT TEA TOWELS",3,"3/24/11 12:21",3.25,16745,"United Kingdom"
"547653","22989","SET 2 PANTRY DESIGN TEA TOWELS",2,"3/24/11 12:21",3.25,16745,"United Kingdom"
"547653","22989","SET 2 PANTRY DESIGN TEA TOWELS",4,"3/24/11 12:21",3.25,16745,"United Kingdom"
"547653","22138","BAKING SET 9 PIECE RETROSPOT",24,"3/24/11 12:21",4.25,16745,"United Kingdom"
"547653","21213","PACK OF 72 SKULL CAKE CASES",24,"3/24/11 12:21",0.55,16745,"United Kingdom"
"547653","21975","PACK OF 60 DINOSAUR CAKE CASES",120,"3/24/11 12:21",0.42,16745,"United Kingdom"
"547653","21977","PACK OF 60 PINK PAISLEY CAKE CASES",120,"3/24/11 12:21",0.42,16745,"United Kingdom"
"547653","21212","PACK OF 72 RETROSPOT CAKE CASES",120,"3/24/11 12:21",0.42,16745,"United Kingdom"
"547654","21245","GREEN POLKADOT PLATE",1,"3/24/11 12:32",1.69,14527,"United Kingdom"
"547654","21244","BLUE POLKADOT PLATE",1,"3/24/11 12:32",1.69,14527,"United Kingdom"
"547654","21243","PINK  POLKADOT PLATE",1,"3/24/11 12:32",1.69,14527,"United Kingdom"
"547654","21242","RED RETROSPOT PLATE",1,"3/24/11 12:32",1.69,14527,"United Kingdom"
"547654","22676","FRENCH BLUE METAL DOOR SIGN 1",2,"3/24/11 12:32",1.25,14527,"United Kingdom"
"547654","22677","FRENCH BLUE METAL DOOR SIGN 2",1,"3/24/11 12:32",1.25,14527,"United Kingdom"
"547654","22682","FRENCH BLUE METAL DOOR SIGN 7",1,"3/24/11 12:32",1.25,14527,"United Kingdom"
"547654","22684","FRENCH BLUE METAL DOOR SIGN 9",1,"3/24/11 12:32",1.25,14527,"United Kingdom"
"547654","22685","FRENCH BLUE METAL DOOR SIGN 0",1,"3/24/11 12:32",1.25,14527,"United Kingdom"
"547654","22680","FRENCH BLUE METAL DOOR SIGN 5",1,"3/24/11 12:32",1.25,14527,"United Kingdom"
"547654","22679","FRENCH BLUE METAL DOOR SIGN 4",1,"3/24/11 12:32",1.25,14527,"United Kingdom"
"547654","22678","FRENCH BLUE METAL DOOR SIGN 3",1,"3/24/11 12:32",1.25,14527,"United Kingdom"
"547654","84997D","CHILDRENS CUTLERY POLKADOT PINK",1,"3/24/11 12:32",4.15,14527,"United Kingdom"
"547654","21770","OPEN CLOSED METAL SIGN",2,"3/24/11 12:32",4.95,14527,"United Kingdom"
"547654","84691","PACK 20 DOLLY PEGS",2,"3/24/11 12:32",0.85,14527,"United Kingdom"
"547654","23182","TOILET SIGN OCCUPIED OR VACANT",2,"3/24/11 12:32",0.83,14527,"United Kingdom"
"547654","21930","JUMBO STORAGE BAG SKULLS",2,"3/24/11 12:32",1.95,14527,"United Kingdom"
"547654","85183B","CHARLIE & LOLA WASTEPAPER BIN FLORA",1,"3/24/11 12:32",3.75,14527,"United Kingdom"
"547654","22844","VINTAGE CREAM DOG FOOD CONTAINER",2,"3/24/11 12:32",8.5,14527,"United Kingdom"
"547654","22796","PHOTO FRAME 3 CLASSIC HANGING",1,"3/24/11 12:32",9.95,14527,"United Kingdom"
"547654","22508","DOORSTOP RETROSPOT HEART",1,"3/24/11 12:32",3.75,14527,"United Kingdom"
"547655","85123A","WHITE HANGING HEART T-LIGHT HOLDER",6,"3/24/11 12:52",2.95,14267,"United Kingdom"
"547655","48187","DOORMAT NEW ENGLAND",2,"3/24/11 12:52",7.95,14267,"United Kingdom"
"547655","22989","SET 2 PANTRY DESIGN TEA TOWELS",6,"3/24/11 12:52",3.25,14267,"United Kingdom"
"547655","22961","JAM MAKING SET PRINTED",24,"3/24/11 12:52",1.45,14267,"United Kingdom"
"547655","22960","JAM MAKING SET WITH JARS",12,"3/24/11 12:52",3.75,14267,"United Kingdom"
"547655","22956","36 FOIL HEART CAKE CASES",6,"3/24/11 12:52",2.1,14267,"United Kingdom"
"547655","22776","SWEETHEART CAKESTAND 3 TIER",4,"3/24/11 12:52",9.95,14267,"United Kingdom"
"547655","22720","SET OF 3 CAKE TINS PANTRY DESIGN",6,"3/24/11 12:52",4.95,14267,"United Kingdom"
"547655","22666","RECIPE BOX PANTRY YELLOW DESIGN",6,"3/24/11 12:52",2.95,14267,"United Kingdom"
"547655","22423","REGENCY CAKESTAND 3 TIER",6,"3/24/11 12:52",12.75,14267,"United Kingdom"
"547655","22151","PLACE SETTING WHITE HEART",24,"3/24/11 12:52",0.42,14267,"United Kingdom"
"547655","22061","LARGE CAKE STAND  HANGING STRAWBERY",4,"3/24/11 12:52",9.95,14267,"United Kingdom"
"547655","22055","MINI CAKE STAND  HANGING STRAWBERY",16,"3/24/11 12:52",1.65,14267,"United Kingdom"
"547655","21877","HOME SWEET HOME MUG",12,"3/24/11 12:52",1.25,14267,"United Kingdom"
"547655","21164","HOME SWEET HOME METAL SIGN",6,"3/24/11 12:52",2.95,14267,"United Kingdom"
"547656","82552","WASHROOM METAL SIGN",1,"3/24/11 12:53",1.45,13263,"United Kingdom"
"547656","22487","WHITE WOOD GARDEN PLANT LADDER",1,"3/24/11 12:53",9.95,13263,"United Kingdom"
"547656","22173","METAL 4 HOOK HANGER FRENCH CHATEAU",1,"3/24/11 12:53",2.95,13263,"United Kingdom"
"547656","21181","PLEASE ONE PERSON METAL SIGN",3,"3/24/11 12:53",2.1,13263,"United Kingdom"
"547656","85150","LADIES & GENTLEMEN METAL SIGN",2,"3/24/11 12:53",2.55,13263,"United Kingdom"
"547656","85152","HAND OVER THE CHOCOLATE   SIGN",1,"3/24/11 12:53",2.1,13263,"United Kingdom"
"547656","21165","BEWARE OF THE CAT METAL SIGN",1,"3/24/11 12:53",1.69,13263,"United Kingdom"
"547656","82582","AREA PATROLLED METAL SIGN",3,"3/24/11 12:53",2.1,13263,"United Kingdom"
"547656","21164","HOME SWEET HOME METAL SIGN",1,"3/24/11 12:53",2.95,13263,"United Kingdom"
"547656","82551","LAUNDRY 15C METAL SIGN",1,"3/24/11 12:53",1.45,13263,"United Kingdom"
"547656","21175","GIN + TONIC DIET METAL SIGN",4,"3/24/11 12:53",2.55,13263,"United Kingdom"
"547656","21174","POTTERING IN THE SHED METAL SIGN",2,"3/24/11 12:53",2.08,13263,"United Kingdom"
"547656","21179","NO JUNK MAIL METAL SIGN",2,"3/24/11 12:53",1.25,13263,"United Kingdom"
"547656","21166","COOK WITH WINE METAL SIGN",3,"3/24/11 12:53",2.08,13263,"United Kingdom"
"547656","21908","CHOCOLATE THIS WAY METAL SIGN",2,"3/24/11 12:53",2.1,13263,"United Kingdom"
"547656","21899","KEY FOB , GARAGE DESIGN",1,"3/24/11 12:53",0.65,13263,"United Kingdom"
"547656","21900","KEY FOB , SHED",1,"3/24/11 12:53",0.65,13263,"United Kingdom"
"547656","21902","KEY FOB , FRONT  DOOR",1,"3/24/11 12:53",0.65,13263,"United Kingdom"
"547656","21901","KEY FOB , BACK DOOR",1,"3/24/11 12:53",0.65,13263,"United Kingdom"
"547656","85123A","WHITE HANGING HEART T-LIGHT HOLDER",2,"3/24/11 12:53",2.95,13263,"United Kingdom"
"547656","47566","PARTY BUNTING",2,"3/24/11 12:53",4.95,13263,"United Kingdom"
"547656","22110","BIRD HOUSE HOT WATER BOTTLE",1,"3/24/11 12:53",2.55,13263,"United Kingdom"
"547656","21484","CHICK GREY HOT WATER BOTTLE",1,"3/24/11 12:53",3.45,13263,"United Kingdom"
"547656","22441","GROW YOUR OWN BASIL IN ENAMEL MUG",1,"3/24/11 12:53",2.1,13263,"United Kingdom"
"547656","22520","CHILDS GARDEN TROWEL BLUE",1,"3/24/11 12:53",0.85,13263,"United Kingdom"
"547656","22867","HAND WARMER BIRD DESIGN",1,"3/24/11 12:53",2.1,13263,"United Kingdom"
"547656","22633","HAND WARMER UNION JACK",1,"3/24/11 12:53",2.1,13263,"United Kingdom"
"547656","17090D","VANILLA INCENSE 40 CONES IN TIN",1,"3/24/11 12:53",1.25,13263,"United Kingdom"
"547656","22982","PANTRY PASTRY BRUSH",1,"3/24/11 12:53",1.25,13263,"United Kingdom"
"547656","22980","PANTRY SCRUBBING BRUSH",1,"3/24/11 12:53",1.65,13263,"United Kingdom"
"547656","21977","PACK OF 60 PINK PAISLEY CAKE CASES",1,"3/24/11 12:53",0.55,13263,"United Kingdom"
"547656","85231B","CINAMMON SET OF 9 T-LIGHTS",1,"3/24/11 12:53",0.85,13263,"United Kingdom"
"547656","22999","TRAVEL CARD WALLET RETRO PETALS",2,"3/24/11 12:53",0.42,13263,"United Kingdom"
"547656","22998","TRAVEL CARD WALLET KEEP CALM",2,"3/24/11 12:53",0.42,13263,"United Kingdom"
"547656","22997","TRAVEL CARD WALLET UNION JACK",2,"3/24/11 12:53",0.42,13263,"United Kingdom"
"547656","22995","TRAVEL CARD WALLET SUKI",1,"3/24/11 12:53",0.42,13263,"United Kingdom"
"547656","22994","TRAVEL CARD WALLET RETROSPOT",2,"3/24/11 12:53",0.42,13263,"United Kingdom"
"547656","23004","TRAVEL CARD WALLET PANTRY",2,"3/24/11 12:53",0.42,13263,"United Kingdom"
"547656","23003","TRAVEL CARD WALLET VINTAGE ROSE",1,"3/24/11 12:53",0.42,13263,"United Kingdom"
"547656","21124","SET/10 BLUE POLKADOT PARTY CANDLES",1,"3/24/11 12:53",1.25,13263,"United Kingdom"
"547656","21122","SET/10 PINK POLKADOT PARTY CANDLES",1,"3/24/11 12:53",1.25,13263,"United Kingdom"
"547656","21121","SET/10 RED POLKADOT PARTY CANDLES",1,"3/24/11 12:53",1.25,13263,"United Kingdom"
"547656","47593B","SCOTTIE DOGS BABY BIB",1,"3/24/11 12:53",0.39,13263,"United Kingdom"
"547656","47593A","CAROUSEL PONIES BABY BIB",2,"3/24/11 12:53",0.29,13263,"United Kingdom"
"547656","22077","6 RIBBONS RUSTIC CHARM",2,"3/24/11 12:53",1.65,13263,"United Kingdom"
"547656","20658","RED RETROSPOT LUGGAGE TAG",1,"3/24/11 12:53",1.25,13263,"United Kingdom"
"547656","85049E","SCANDINAVIAN REDS RIBBONS",1,"3/24/11 12:53",1.25,13263,"United Kingdom"
"547656","85049F","BABY BOOM RIBBONS",2,"3/24/11 12:53",1.25,13263,"United Kingdom"
"547656","22652","TRAVEL SEWING KIT",2,"3/24/11 12:53",1.65,13263,"United Kingdom"
"547656","84991","60 TEATIME FAIRY CAKE CASES",1,"3/24/11 12:53",0.55,13263,"United Kingdom"
"547656","21215","IVORY PAPER CUP CAKE CASES",1,"3/24/11 12:53",0.55,13263,"United Kingdom"
"547656","21212","PACK OF 72 RETROSPOT CAKE CASES",3,"3/24/11 12:53",0.55,13263,"United Kingdom"
"547656","85049G","CHOCOLATE BOX RIBBONS",2,"3/24/11 12:53",1.25,13263,"United Kingdom"
"547656","85049C","ROMANTIC PINKS RIBBONS",2,"3/24/11 12:53",1.25,13263,"United Kingdom"
"547656","22851","SET 20 NAPKINS FAIRY CAKES DESIGN",2,"3/24/11 12:53",0.85,13263,"United Kingdom"
"547656","22907","PACK OF 20 NAPKINS PANTRY DESIGN",3,"3/24/11 12:53",0.85,13263,"United Kingdom"
"547656","22120","WELCOME  WOODEN BLOCK LETTERS",1,"3/24/11 12:53",9.95,13263,"United Kingdom"
"547656","21755","LOVE BUILDING BLOCK WORD",1,"3/24/11 12:53",5.95,13263,"United Kingdom"
"547656","17091J","VANILLA INCENSE IN TIN",36,"3/24/11 12:53",0.38,13263,"United Kingdom"
"547656","22083","PAPER CHAIN KIT RETROSPOT",1,"3/24/11 12:53",2.95,13263,"United Kingdom"
"547656","21154","RED RETROSPOT OVEN GLOVE",1,"3/24/11 12:53",1.25,13263,"United Kingdom"
"547656","20752","BLUE POLKADOT WASHING UP GLOVES",1,"3/24/11 12:53",2.1,13263,"United Kingdom"
"547656","20914","SET/5 RED RETROSPOT LID GLASS BOWLS",1,"3/24/11 12:53",2.95,13263,"United Kingdom"
"547656","84978","HANGING HEART JAR T-LIGHT HOLDER",6,"3/24/11 12:53",1.25,13263,"United Kingdom"
"547656","22558","CLOTHES PEGS RETROSPOT PACK 24",2,"3/24/11 12:53",1.49,13263,"United Kingdom"
"547656","22722","SET OF 6 SPICE TINS PANTRY DESIGN",1,"3/24/11 12:53",3.95,13263,"United Kingdom"
"547656","85053","FRENCH ENAMEL CANDLEHOLDER",2,"3/24/11 12:53",2.1,13263,"United Kingdom"
"547656","84375","SET OF 20 KIDS COOKIE CUTTERS",1,"3/24/11 12:53",2.1,13263,"United Kingdom"
"547656","21877","HOME SWEET HOME MUG",1,"3/24/11 12:53",1.25,13263,"United Kingdom"
"547656","21070","VINTAGE BILLBOARD MUG",2,"3/24/11 12:53",1.25,13263,"United Kingdom"
"547656","84279P","CHERRY BLOSSOM  DECORATIVE FLASK",2,"3/24/11 12:53",3.75,13263,"United Kingdom"
"547656","84279B","CHERRY BLOSSOM DECORATIVE FLASK",2,"3/24/11 12:53",3.75,13263,"United Kingdom"
"547656","20718","RED RETROSPOT SHOPPER BAG",1,"3/24/11 12:53",1.25,13263,"United Kingdom"
"547657","21534","DAIRY MAID LARGE MILK JUG",3,"3/24/11 12:58",4.95,13871,"United Kingdom"
"547657","21527","RED RETROSPOT TRADITIONAL TEAPOT",2,"3/24/11 12:58",7.95,13871,"United Kingdom"
"547657","21754","HOME BUILDING BLOCK WORD",3,"3/24/11 12:58",5.95,13871,"United Kingdom"
"547657","21877","HOME SWEET HOME MUG",12,"3/24/11 12:58",1.25,13871,"United Kingdom"
"547657","22720","SET OF 3 CAKE TINS PANTRY DESIGN",6,"3/24/11 12:58",4.95,13871,"United Kingdom"
"547657","22990","COTTON APRON PANTRY DESIGN",2,"3/24/11 12:58",4.95,13871,"United Kingdom"
"547657","22993","SET OF 4 PANTRY JELLY MOULDS",12,"3/24/11 12:58",1.25,13871,"United Kingdom"
"547657","21533","RETROSPOT LARGE MILK JUG",12,"3/24/11 12:58",4.25,13871,"United Kingdom"
"547657","21535","RED RETROSPOT SMALL MILK JUG",12,"3/24/11 12:58",2.55,13871,"United Kingdom"
"547657","22427","ENAMEL FLOWER JUG CREAM",6,"3/24/11 12:58",5.95,13871,"United Kingdom"
"547657","82482","WOODEN PICTURE FRAME WHITE FINISH",6,"3/24/11 12:58",2.55,13871,"United Kingdom"
"547657","22411","JUMBO SHOPPER VINTAGE RED PAISLEY",10,"3/24/11 12:58",1.95,13871,"United Kingdom"
"547657","21314","SMALL GLASS HEART TRINKET POT",8,"3/24/11 12:58",2.1,13871,"United Kingdom"
"547657","22798","ANTIQUE GLASS DRESSING TABLE POT",8,"3/24/11 12:58",2.95,13871,"United Kingdom"
"547657","84946","ANTIQUE SILVER T-LIGHT GLASS",12,"3/24/11 12:58",1.25,13871,"United Kingdom"
"547657","22178","VICTORIAN GLASS HANGING T-LIGHT",36,"3/24/11 12:58",1.25,13871,"United Kingdom"
"547657","71459","HANGING JAM JAR T-LIGHT HOLDER",36,"3/24/11 12:58",0.85,13871,"United Kingdom"
"547658","22854","CREAM SWEETHEART EGG HOLDER",2,"3/24/11 13:04",4.95,13736,"United Kingdom"
"547658","47559B","TEA TIME OVEN GLOVE",1,"3/24/11 13:04",1.25,13736,"United Kingdom"
"547658","21154","RED RETROSPOT OVEN GLOVE",4,"3/24/11 13:04",1.25,13736,"United Kingdom"
"547658","84218","BOX/12 CHICK & EGG IN BASKET",1,"3/24/11 13:04",1.95,13736,"United Kingdom"
"547658","47013A","WINE BOTTLE DRESSING LT.BLUE",2,"3/24/11 13:04",0.29,13736,"United Kingdom"
"547658","47013C","WINE BOTTLE DRESSING DARK BLUE",2,"3/24/11 13:04",0.29,13736,"United Kingdom"
"547658","22934","BAKING MOULD EASTER EGG WHITE CHOC",6,"3/24/11 13:04",2.95,13736,"United Kingdom"
"547658","84452","METAL RABBIT LADDER EASTER",4,"3/24/11 13:04",0.85,13736,"United Kingdom"
"547658","21041","RED RETROSPOT OVEN GLOVE DOUBLE",1,"3/24/11 13:04",2.95,13736,"United Kingdom"
"547658","84692","BOX OF 24 COCKTAIL PARASOLS",3,"3/24/11 13:04",0.42,13736,"United Kingdom"
"547658","21382","SET/4 SPRING FLOWER DECORATION",4,"3/24/11 13:04",2.95,13736,"United Kingdom"
"547658","22244","3 HOOK HANGER MAGIC GARDEN",1,"3/24/11 13:04",1.95,13736,"United Kingdom"
"547658","21455","PAINTED YELLOW WOODEN DAISY",2,"3/24/11 13:04",0.85,13736,"United Kingdom"
"547658","22951","60 CAKE CASES DOLLY GIRL DESIGN",4,"3/24/11 13:04",0.55,13736,"United Kingdom"
"547658","21977","PACK OF 60 PINK PAISLEY CAKE CASES",2,"3/24/11 13:04",0.55,13736,"United Kingdom"
"547658","21212","PACK OF 72 RETROSPOT CAKE CASES",5,"3/24/11 13:04",0.55,13736,"United Kingdom"
"547658","21212","PACK OF 72 RETROSPOT CAKE CASES",4,"3/24/11 13:04",0.55,13736,"United Kingdom"
"547658","22892","SET OF SALT AND PEPPER TOADSTOOLS",4,"3/24/11 13:04",1.25,13736,"United Kingdom"
"547658","22505","MEMO BOARD COTTAGE DESIGN",1,"3/24/11 13:04",4.95,13736,"United Kingdom"
"547658","37449","CERAMIC CAKE STAND + HANGING CAKES",2,"3/24/11 13:04",9.95,13736,"United Kingdom"
"547658","22846","BREAD BIN DINER STYLE RED",1,"3/24/11 13:04",16.95,13736,"United Kingdom"
"547658","22848","BREAD BIN DINER STYLE PINK",1,"3/24/11 13:04",16.95,13736,"United Kingdom"
"547658","85159A","BLACK TEA,COFFEE,SUGAR JARS",1,"3/24/11 13:04",1.95,13736,"United Kingdom"
"547658","22839","3 TIER CAKE TIN GREEN AND CREAM",1,"3/24/11 13:04",14.95,13736,"United Kingdom"
"547658","21399","BLUE POLKADOT COFFEE MUG",12,"3/24/11 13:04",0.39,13736,"United Kingdom"
"547658","21398","RED POLKADOT COFFEE  MUG",12,"3/24/11 13:04",0.39,13736,"United Kingdom"
"547658","35265","COLOURFUL FLOWER FRUIT BOWL",1,"3/24/11 13:04",1.95,13736,"United Kingdom"
"547658","22666","RECIPE BOX PANTRY YELLOW DESIGN",1,"3/24/11 13:04",2.95,13736,"United Kingdom"
"547658","22665","RECIPE BOX BLUE SKETCHBOOK DESIGN",1,"3/24/11 13:04",2.95,13736,"United Kingdom"
"547658","22667","RECIPE BOX RETROSPOT",1,"3/24/11 13:04",2.95,13736,"United Kingdom"
"547658","22720","SET OF 3 CAKE TINS PANTRY DESIGN",2,"3/24/11 13:04",4.95,13736,"United Kingdom"
"547658","84596B","SMALL DOLLY MIX DESIGN ORANGE BOWL",8,"3/24/11 13:04",0.42,13736,"United Kingdom"
"547658","84596E","SMALL LICORICE DES PINK BOWL",8,"3/24/11 13:04",0.42,13736,"United Kingdom"
"547658","22626","BLACK KITCHEN SCALES",2,"3/24/11 13:04",8.5,13736,"United Kingdom"
"547658","71406C","BLACK ORANGE SQUEEZER",2,"3/24/11 13:04",0.42,13736,"United Kingdom"
"547658","22854","CREAM SWEETHEART EGG HOLDER",4,"3/24/11 13:04",4.95,13736,"United Kingdom"
"547658","21539","RED RETROSPOT BUTTER DISH",1,"3/24/11 13:04",4.95,13736,"United Kingdom"
"547658","22722","SET OF 6 SPICE TINS PANTRY DESIGN",2,"3/24/11 13:04",3.95,13736,"United Kingdom"
"547658","22993","SET OF 4 PANTRY JELLY MOULDS",2,"3/24/11 13:04",1.25,13736,"United Kingdom"
"547658","21080","SET/20 RED RETROSPOT PAPER NAPKINS",6,"3/24/11 13:04",0.85,13736,"United Kingdom"
"547658","22649","STRAWBERRY FAIRY CAKE TEAPOT",1,"3/24/11 13:04",4.95,13736,"United Kingdom"
"547658","22851","SET 20 NAPKINS FAIRY CAKES DESIGN",6,"3/24/11 13:04",0.85,13736,"United Kingdom"
"547658","84531B","BLUE KNITTED EGG COSY",6,"3/24/11 13:04",0.39,13736,"United Kingdom"
"547658","84531A","PINK KNITTED EGG COSY",6,"3/24/11 13:04",0.39,13736,"United Kingdom"
"547658","22348","TEA BAG PLATE RED RETROSPOT",2,"3/24/11 13:04",0.85,13736,"United Kingdom"
"547658","21397","BLUE POLKADOT EGG CUP",12,"3/24/11 13:04",0.39,13736,"United Kingdom"
"547658","22961","JAM MAKING SET PRINTED",6,"3/24/11 13:04",1.45,13736,"United Kingdom"
"547658","85214","TUB 24 PINK FLOWER PEGS",2,"3/24/11 13:04",1.65,13736,"United Kingdom"
"547658","21181","PLEASE ONE PERSON METAL SIGN",2,"3/24/11 13:04",2.1,13736,"United Kingdom"
"547658","85150","LADIES & GENTLEMEN METAL SIGN",1,"3/24/11 13:04",2.55,13736,"United Kingdom"
"547658","82600","NO SINGING METAL SIGN",2,"3/24/11 13:04",2.1,13736,"United Kingdom"
"547658","85152","HAND OVER THE CHOCOLATE   SIGN",2,"3/24/11 13:04",2.1,13736,"United Kingdom"
"547658","82583","HOT BATHS METAL SIGN",1,"3/24/11 13:04",2.1,13736,"United Kingdom"
"547658","21165","BEWARE OF THE CAT METAL SIGN",1,"3/24/11 13:04",1.69,13736,"United Kingdom"
"547658","21166","COOK WITH WINE METAL SIGN",2,"3/24/11 13:04",2.08,13736,"United Kingdom"
"547658","82599","FANNY'S REST STOPMETAL SIGN",1,"3/24/11 13:04",2.1,13736,"United Kingdom"
"547658","21169","YOU'RE CONFUSING ME METAL SIGN",1,"3/24/11 13:04",1.69,13736,"United Kingdom"
"547658","22228","BUNNY WOODEN PAINTED WITH BIRD",2,"3/24/11 13:04",0.85,13736,"United Kingdom"
"547658","82552","WASHROOM METAL SIGN",2,"3/24/11 13:04",1.45,13736,"United Kingdom"
"547658","21454","PAINTED PINK RABBIT",2,"3/24/11 13:04",0.85,13736,"United Kingdom"
"547658","22721","SET OF 3 CAKE TINS SKETCHBOOK",1,"3/24/11 13:04",4.95,13736,"United Kingdom"
"547658","22229","BUNNY WOODEN PAINTED WITH FLOWER",2,"3/24/11 13:04",0.85,13736,"United Kingdom"
"547658","21402","RED  EGG  SPOON",6,"3/24/11 13:04",0.12,13736,"United Kingdom"
"547658","21403","BLUE EGG  SPOON",6,"3/24/11 13:04",0.12,13736,"United Kingdom"
"547658","22723","SET OF 6 HERB TINS SKETCHBOOK",2,"3/24/11 13:04",3.95,13736,"United Kingdom"
"547658","22173","METAL 4 HOOK HANGER FRENCH CHATEAU",1,"3/24/11 13:04",2.95,13736,"United Kingdom"
"547658","22383","LUNCH BAG SUKI DESIGN",2,"3/24/11 13:04",1.65,13736,"United Kingdom"
"547658","22662","LUNCH BAG DOLLY GIRL DESIGN",2,"3/24/11 13:04",1.65,13736,"United Kingdom"
"547658","22356","CHARLOTTE BAG PINK POLKADOT",1,"3/24/11 13:04",0.85,13736,"United Kingdom"
"547658","20719","WOODLAND CHARLOTTE BAG",3,"3/24/11 13:04",0.85,13736,"United Kingdom"
"547658","20725","LUNCH BAG RED RETROSPOT",1,"3/24/11 13:04",1.65,13736,"United Kingdom"
"547658","20723","STRAWBERRY CHARLOTTE BAG",6,"3/24/11 13:04",0.85,13736,"United Kingdom"
"547658","22661","CHARLOTTE BAG DOLLY GIRL DESIGN",2,"3/24/11 13:04",0.85,13736,"United Kingdom"
"547658","22355","CHARLOTTE BAG SUKI DESIGN",1,"3/24/11 13:04",0.85,13736,"United Kingdom"
"547658","22356","CHARLOTTE BAG PINK POLKADOT",5,"3/24/11 13:04",0.85,13736,"United Kingdom"
"547658","22384","LUNCH BAG PINK POLKADOT",3,"3/24/11 13:04",1.65,13736,"United Kingdom"
"547659","20665","RED RETROSPOT PURSE",6,"3/24/11 13:05",2.95,12434,"Australia"
"547659","22232","JIGSAW TOADSTOOLS 3 PIECE",8,"3/24/11 13:05",1.65,12434,"Australia"
"547659","23052","RECYCLED ACAPULCO MAT TURQUOISE",2,"3/24/11 13:05",8.25,12434,"Australia"
"547659","23053","RECYCLED ACAPULCO MAT PINK",2,"3/24/11 13:05",8.25,12434,"Australia"
"547659","20749","ASSORTED COLOUR MINI CASES",2,"3/24/11 13:05",7.95,12434,"Australia"
"547659","20750","RED RETROSPOT MINI CASES",2,"3/24/11 13:05",7.95,12434,"Australia"
"547659","47590A","BLUE HAPPY BIRTHDAY BUNTING",3,"3/24/11 13:05",5.45,12434,"Australia"
"547659","47590B","PINK HAPPY BIRTHDAY BUNTING",3,"3/24/11 13:05",5.45,12434,"Australia"
"547659","21366","MIRRORED WALL ART PHOTO FRAMES",3,"3/24/11 13:05",4.25,12434,"Australia"
"547659","21372","MIRRORED WALL ART TABLE LAMP",6,"3/24/11 13:05",2.95,12434,"Australia"
"547659","20984","12 PENCILS TALL TUBE POSY",12,"3/24/11 13:05",0.85,12434,"Australia"
"547659","20983","12 PENCILS TALL TUBE RED RETROSPOT",12,"3/24/11 13:05",0.85,12434,"Australia"
"547659","22786","CUSHION COVER PINK UNION JACK",8,"3/24/11 13:05",5.95,12434,"Australia"
"547659","22785","SQUARECUSHION COVER PINK UNION FLAG",4,"3/24/11 13:05",6.75,12434,"Australia"
"547659","48138","DOORMAT UNION FLAG",2,"3/24/11 13:05",7.95,12434,"Australia"
"547659","23051","RECYCLED ACAPULCO MAT BLUE",2,"3/24/11 13:05",8.25,12434,"Australia"
"C547661","22356","CHARLOTTE BAG PINK POLKADOT",-2,"3/24/11 13:09",0.85,13736,"United Kingdom"
"C547661","21874","GIN AND TONIC MUG",-1,"3/24/11 13:09",1.25,13736,"United Kingdom"
"C547661","21216","SET 3 RETROSPOT TEA,COFFEE,SUGAR",-1,"3/24/11 13:09",4.95,13736,"United Kingdom"
"547662","20828","GLITTER BUTTERFLY CLIPS",4,"3/24/11 13:12",2.55,14085,"United Kingdom"
"547662","21622","VINTAGE UNION JACK CUSHION COVER",2,"3/24/11 13:12",4.95,14085,"United Kingdom"
"547662","22907","PACK OF 20 NAPKINS PANTRY DESIGN",2,"3/24/11 13:12",0.85,14085,"United Kingdom"
"547662","22914","BLUE COAT RACK PARIS FASHION",1,"3/24/11 13:12",4.95,14085,"United Kingdom"
"547662","22913","RED COAT RACK PARIS FASHION",1,"3/24/11 13:12",4.95,14085,"United Kingdom"
"547662","22993","SET OF 4 PANTRY JELLY MOULDS",4,"3/24/11 13:12",1.25,14085,"United Kingdom"
"547662","22652","TRAVEL SEWING KIT",3,"3/24/11 13:12",1.65,14085,"United Kingdom"
"547662","21774","DECORATIVE CATS BATHROOM BOTTLE",2,"3/24/11 13:12",1.25,14085,"United Kingdom"
"547662","21773","DECORATIVE ROSE BATHROOM BOTTLE",2,"3/24/11 13:12",1.25,14085,"United Kingdom"
"547662","22181","SNOWSTORM PHOTO FRAME FRIDGE MAGNET",4,"3/24/11 13:12",0.85,14085,"United Kingdom"
"547662","22989","SET 2 PANTRY DESIGN TEA TOWELS",3,"3/24/11 13:12",3.25,14085,"United Kingdom"
"547662","84879","ASSORTED COLOUR BIRD ORNAMENT",16,"3/24/11 13:12",1.69,14085,"United Kingdom"
"547662","22178","VICTORIAN GLASS HANGING T-LIGHT",6,"3/24/11 13:12",1.25,14085,"United Kingdom"
"547662","22654","DELUXE SEWING KIT",2,"3/24/11 13:12",5.95,14085,"United Kingdom"
"547662","22666","RECIPE BOX PANTRY YELLOW DESIGN",3,"3/24/11 13:12",2.95,14085,"United Kingdom"
"547662","17091J","VANILLA INCENSE IN TIN",3,"3/24/11 13:12",1.25,14085,"United Kingdom"
"547662","17091A","LAVENDER INCENSE IN TIN",3,"3/24/11 13:12",1.25,14085,"United Kingdom"
"547662","21259","VICTORIAN SEWING BOX SMALL",3,"3/24/11 13:12",5.95,14085,"United Kingdom"
"547662","22720","SET OF 3 CAKE TINS PANTRY DESIGN",2,"3/24/11 13:12",4.95,14085,"United Kingdom"
"547663","22660","DOORMAT I LOVE LONDON",1,"3/24/11 13:16",7.95,16022,"United Kingdom"
"547663","20886","BOX OF 9 PEBBLE CANDLES",5,"3/24/11 13:16",1.95,16022,"United Kingdom"
"547663","21066","VINTAGE RED MUG",12,"3/24/11 13:16",1.25,16022,"United Kingdom"
"547663","22383","LUNCH BAG SUKI DESIGN",5,"3/24/11 13:16",1.65,16022,"United Kingdom"
"547663","21213","PACK OF 72 SKULL CAKE CASES",1,"3/24/11 13:16",0.55,16022,"United Kingdom"
"547663","21212","PACK OF 72 RETROSPOT CAKE CASES",1,"3/24/11 13:16",0.55,16022,"United Kingdom"
"547663","84992","72 SWEETHEART FAIRY CAKE CASES",1,"3/24/11 13:16",0.55,16022,"United Kingdom"
"547663","21975","PACK OF 60 DINOSAUR CAKE CASES",1,"3/24/11 13:16",0.55,16022,"United Kingdom"
"547663","21043","APRON MODERN VINTAGE COTTON",6,"3/24/11 13:16",1.95,16022,"United Kingdom"
"547663","23000","TRAVEL CARD WALLET TRANSPORT",11,"3/24/11 13:16",0.42,16022,"United Kingdom"
"547663","23000","TRAVEL CARD WALLET TRANSPORT",9,"3/24/11 13:16",0.42,16022,"United Kingdom"
"547663","22481","BLACK TEA TOWEL CLASSIC DESIGN",3,"3/24/11 13:16",1.25,16022,"United Kingdom"
"547663","21592","RETROSPOT CIGAR BOX MATCHES",1,"3/24/11 13:16",1.25,16022,"United Kingdom"
"547663","85132C","CHARLIE AND LOLA FIGURES TINS",1,"3/24/11 13:16",9.95,16022,"United Kingdom"
"547663","85132B","CHARLIE AND LOLA TABLE TINS",1,"3/24/11 13:16",9.95,16022,"United Kingdom"
"547663","22139","RETROSPOT TEA SET CERAMIC 11 PC",1,"3/24/11 13:16",4.95,16022,"United Kingdom"
"547663","22813","PACK 3 BOXES BIRD PANNETONE",5,"3/24/11 13:16",1.95,16022,"United Kingdom"
"547663","22498","WOODEN REGATTA BUNTING",2,"3/24/11 13:16",5.95,16022,"United Kingdom"
"547663","22555","PLASTERS IN TIN STRONGMAN",5,"3/24/11 13:16",1.65,16022,"United Kingdom"
"547663","22139","RETROSPOT TEA SET CERAMIC 11 PC",2,"3/24/11 13:16",4.95,16022,"United Kingdom"
"547663","84946","ANTIQUE SILVER T-LIGHT GLASS",12,"3/24/11 13:16",1.25,16022,"United Kingdom"
"547663","20728","LUNCH BAG CARS BLUE",6,"3/24/11 13:16",1.65,16022,"United Kingdom"
"547663","20695","FLORAL BLUE MONSTER",1,"3/24/11 13:16",4.25,16022,"United Kingdom"
"547663","23127","FELTCRAFT GIRL NICOLE KIT",1,"3/24/11 13:16",4.95,16022,"United Kingdom"
"547663","23126","FELTCRAFT GIRL AMELIE KIT",1,"3/24/11 13:16",4.95,16022,"United Kingdom"
"547663","23126","FELTCRAFT GIRL AMELIE KIT",1,"3/24/11 13:16",4.95,16022,"United Kingdom"
"547663","23128","FELTCRAFT BOY JEAN-PAUL KIT",1,"3/24/11 13:16",4.95,16022,"United Kingdom"
"547663","21027","NINJA RABBIT PINK",4,"3/24/11 13:16",1.25,16022,"United Kingdom"
"547663","21059","PARTY INVITES DINOSAURS",5,"3/24/11 13:16",0.85,16022,"United Kingdom"
"547663","21058","PARTY INVITES WOODLAND",1,"3/24/11 13:16",0.85,16022,"United Kingdom"
"547663","21058","PARTY INVITES WOODLAND",1,"3/24/11 13:16",0.85,16022,"United Kingdom"
"547663","21061","PARTY INVITES FOOTBALL",5,"3/24/11 13:16",0.85,16022,"United Kingdom"
"547663","21060","PARTY INVITES BALLOON GIRL",5,"3/24/11 13:16",0.85,16022,"United Kingdom"
"547663","21058","PARTY INVITES WOODLAND",3,"3/24/11 13:16",0.85,16022,"United Kingdom"
"547663","22654","DELUXE SEWING KIT",1,"3/24/11 13:16",5.95,16022,"United Kingdom"
"547663","22150","3 STRIPEY MICE FELTCRAFT",5,"3/24/11 13:16",1.95,16022,"United Kingdom"
"547663","22556","PLASTERS IN TIN CIRCUS PARADE",5,"3/24/11 13:16",1.65,16022,"United Kingdom"
"547663","22616","PACK OF 12 LONDON TISSUES",12,"3/24/11 13:16",0.29,16022,"United Kingdom"
"547663","84548","CROCHET BEAR RED/BLUE  KEYRING",10,"3/24/11 13:16",1.65,16022,"United Kingdom"
"547663","22665","RECIPE BOX BLUE SKETCHBOOK DESIGN",4,"3/24/11 13:16",2.95,16022,"United Kingdom"
"547663","22564","ALPHABET STENCIL CRAFT",2,"3/24/11 13:16",1.25,16022,"United Kingdom"
"547663","22563","HAPPY STENCIL CRAFT",2,"3/24/11 13:16",1.25,16022,"United Kingdom"
"547663","22562","MONSTERS STENCIL CRAFT",2,"3/24/11 13:16",1.25,16022,"United Kingdom"
"547663","47590B","PINK HAPPY BIRTHDAY BUNTING",1,"3/24/11 13:16",5.45,16022,"United Kingdom"
"547663","47590A","BLUE HAPPY BIRTHDAY BUNTING",2,"3/24/11 13:16",5.45,16022,"United Kingdom"
"547663","47590B","PINK HAPPY BIRTHDAY BUNTING",1,"3/24/11 13:16",5.45,16022,"United Kingdom"
"547663","20704","MR ROBOT SOFT TOY",2,"3/24/11 13:16",6.95,16022,"United Kingdom"
"547663","20705","MRS ROBOT SOFT TOY",4,"3/24/11 13:16",6.95,16022,"United Kingdom"
"547663","21025","SPACE FROG",5,"3/24/11 13:16",1.25,16022,"United Kingdom"
"547663","22376","AIRLINE BAG VINTAGE JET SET WHITE",4,"3/24/11 13:16",4.25,16022,"United Kingdom"
"547663","22374","AIRLINE BAG VINTAGE JET SET RED",3,"3/24/11 13:16",4.25,16022,"United Kingdom"
"547663","22375","AIRLINE BAG VINTAGE JET SET BROWN",3,"3/24/11 13:16",4.25,16022,"United Kingdom"
"547663","22371","AIRLINE BAG VINTAGE TOKYO 78",3,"3/24/11 13:16",4.25,16022,"United Kingdom"
"547663","21577","SAVE THE PLANET COTTON TOTE BAG",2,"3/24/11 13:16",2.25,16022,"United Kingdom"
"547663","21576","LETS GO SHOPPING COTTON TOTE BAG",3,"3/24/11 13:16",2.25,16022,"United Kingdom"
"547663","84032B","CHARLIE + LOLA RED HOT WATER BOTTLE",3,"3/24/11 13:16",2.95,16022,"United Kingdom"
"547663","84032A","CHARLIE+LOLA PINK HOT WATER BOTTLE",3,"3/24/11 13:16",2.95,16022,"United Kingdom"
"547663","22845","VINTAGE CREAM CAT FOOD CONTAINER",1,"3/24/11 13:16",6.35,16022,"United Kingdom"
"547663","84796A","PINK HAWAIIAN PICNIC HAMPER FOR 2",2,"3/24/11 13:16",12.75,16022,"United Kingdom"
"547663","22441","GROW YOUR OWN BASIL IN ENAMEL MUG",6,"3/24/11 13:16",2.1,16022,"United Kingdom"
"547663","22727","ALARM CLOCK BAKELIKE RED",2,"3/24/11 13:16",3.75,16022,"United Kingdom"
"547663","22730","ALARM CLOCK BAKELIKE IVORY",2,"3/24/11 13:16",3.75,16022,"United Kingdom"
"547663","21931","JUMBO STORAGE BAG SUKI",2,"3/24/11 13:16",1.95,16022,"United Kingdom"
"547663","22631","CIRCUS PARADE LUNCH BOX",4,"3/24/11 13:16",1.95,16022,"United Kingdom"
"547663","22659","LUNCH BOX I LOVE LONDON",4,"3/24/11 13:16",1.95,16022,"United Kingdom"
"547663","22852","DOG BOWL VINTAGE CREAM",10,"3/24/11 13:16",4.25,16022,"United Kingdom"
"547663","72140E","BEST DAD CANDLE LETTERS",2,"3/24/11 13:16",0.85,16022,"United Kingdom"
"547663","22844","VINTAGE CREAM DOG FOOD CONTAINER",1,"3/24/11 13:16",8.5,16022,"United Kingdom"
"547663","22853","CAT BOWL VINTAGE CREAM",10,"3/24/11 13:16",3.25,16022,"United Kingdom"
"547663","22700","BLACK AND WHITE DOG BOWL",2,"3/24/11 13:16",2.95,16022,"United Kingdom"
"547663","22701","PINK DOG BOWL",2,"3/24/11 13:16",2.95,16022,"United Kingdom"
"547663","22700","BLACK AND WHITE DOG BOWL",2,"3/24/11 13:16",2.95,16022,"United Kingdom"
"547663","22702","BLACK AND WHITE CAT BOWL",2,"3/24/11 13:16",2.1,16022,"United Kingdom"
"547663","22703","PINK CAT BOWL",2,"3/24/11 13:16",2.1,16022,"United Kingdom"
"547663","22191","IVORY DINER WALL CLOCK",1,"3/24/11 13:16",8.5,16022,"United Kingdom"
"547663","22191","IVORY DINER WALL CLOCK",1,"3/24/11 13:16",8.5,16022,"United Kingdom"
"547664","20685","DOORMAT RED RETROSPOT",1,"3/24/11 13:16",7.95,13069,"United Kingdom"
"547664","47566B","TEA TIME PARTY BUNTING",1,"3/24/11 13:16",4.95,13069,"United Kingdom"
"547664","47566","PARTY BUNTING",1,"3/24/11 13:16",4.95,13069,"United Kingdom"
"547664","47590A","BLUE HAPPY BIRTHDAY BUNTING",1,"3/24/11 13:16",5.45,13069,"United Kingdom"
"547664","21936","RED RETROSPOT PICNIC BAG",2,"3/24/11 13:16",2.95,13069,"United Kingdom"
"547664","21586","KINGS CHOICE GIANT TUBE MATCHES",1,"3/24/11 13:16",2.55,13069,"United Kingdom"
"547664","21399","BLUE POLKADOT COFFEE MUG",12,"3/24/11 13:16",0.39,13069,"United Kingdom"
"547664","22326","ROUND SNACK BOXES SET OF4 WOODLAND",1,"3/24/11 13:16",2.95,13069,"United Kingdom"
"547664","22328","ROUND SNACK BOXES SET OF 4 FRUITS",1,"3/24/11 13:16",2.95,13069,"United Kingdom"
"547664","22993","SET OF 4 PANTRY JELLY MOULDS",2,"3/24/11 13:16",1.25,13069,"United Kingdom"
"547664","21397","BLUE POLKADOT EGG CUP",6,"3/24/11 13:16",0.39,13069,"United Kingdom"
"547664","21402","RED  EGG  SPOON",12,"3/24/11 13:16",0.12,13069,"United Kingdom"
"547664","84970L","SINGLE HEART ZINC T-LIGHT HOLDER",6,"3/24/11 13:16",0.95,13069,"United Kingdom"
"547664","84970S","HANGING HEART ZINC T-LIGHT HOLDER",6,"3/24/11 13:16",0.85,13069,"United Kingdom"
"547664","21673","WHITE SPOT BLUE CERAMIC DRAWER KNOB",9,"3/24/11 13:16",1.25,13069,"United Kingdom"
"547664","22241","GARLAND WOODEN HAPPY EASTER",1,"3/24/11 13:16",1.25,13069,"United Kingdom"
"547664","22379","RECYCLING BAG RETROSPOT",10,"3/24/11 13:16",2.1,13069,"United Kingdom"
"547664","22380","TOY TIDY SPACEBOY",10,"3/24/11 13:16",2.1,13069,"United Kingdom"
"547664","22066","LOVE HEART TRINKET POT",10,"3/24/11 13:16",0.39,13069,"United Kingdom"
"547664","37327","ASSTD MULTICOLOUR CIRCLES MUG",12,"3/24/11 13:16",0.39,13069,"United Kingdom"
"547664","37340","MULTICOLOUR SPRING FLOWER MUG",12,"3/24/11 13:16",0.39,13069,"United Kingdom"
"547664","37444A","YELLOW BREAKFAST CUP AND SAUCER",2,"3/24/11 13:16",0.39,13069,"United Kingdom"
"547664","37444C","PINK BREAKFAST CUP AND SAUCER",2,"3/24/11 13:16",0.39,13069,"United Kingdom"
"547664","22997","TRAVEL CARD WALLET UNION JACK",5,"3/24/11 13:16",0.42,13069,"United Kingdom"
"547664","22995","TRAVEL CARD WALLET SUKI",5,"3/24/11 13:16",0.42,13069,"United Kingdom"
"547664","22994","TRAVEL CARD WALLET RETROSPOT",5,"3/24/11 13:16",0.42,13069,"United Kingdom"
"547664","22996","TRAVEL CARD WALLET VINTAGE TICKET",5,"3/24/11 13:16",0.42,13069,"United Kingdom"
"547664","84596E","SMALL LICORICE DES PINK BOWL",40,"3/24/11 13:16",0.42,13069,"United Kingdom"
"547664","22062","CERAMIC BOWL WITH LOVE HEART DESIGN",4,"3/24/11 13:16",0.83,13069,"United Kingdom"
"547664","84596G","SMALL CHOCOLATES PINK BOWL",24,"3/24/11 13:16",0.42,13069,"United Kingdom"
"547664","84596L","BISCUITS SMALL BOWL LIGHT BLUE",24,"3/24/11 13:16",0.42,13069,"United Kingdom"
"547664","84596J","MIXED NUTS LIGHT GREEN BOWL",24,"3/24/11 13:16",0.42,13069,"United Kingdom"
"547664","84596F","SMALL MARSHMALLOWS PINK BOWL",24,"3/24/11 13:16",0.42,13069,"United Kingdom"
"547664","84596B","SMALL DOLLY MIX DESIGN ORANGE BOWL",40,"3/24/11 13:16",0.42,13069,"United Kingdom"
"547664","84050","PINK HEART SHAPE EGG FRYING PAN",2,"3/24/11 13:16",1.65,13069,"United Kingdom"
"547664","21393","BLUE POLKADOT PUDDING BOWL",6,"3/24/11 13:16",0.39,13069,"United Kingdom"
"547664","37482P","CUBIC MUG PINK POLKADOT",6,"3/24/11 13:16",0.39,13069,"United Kingdom"
"547664","21439","BASKET OF TOADSTOOLS",1,"3/24/11 13:16",1.25,13069,"United Kingdom"
"547664","82486","WOOD S/3 CABINET ANT WHITE FINISH",1,"3/24/11 13:16",8.95,13069,"United Kingdom"
"547664","21257","VICTORIAN SEWING BOX MEDIUM",1,"3/24/11 13:16",7.95,13069,"United Kingdom"
"547664","84596G","SMALL CHOCOLATES PINK BOWL",8,"3/24/11 13:16",0.42,13069,"United Kingdom"
"547664","21755","LOVE BUILDING BLOCK WORD",1,"3/24/11 13:16",5.95,13069,"United Kingdom"
"547664","22084","PAPER CHAIN KIT EMPIRE",1,"3/24/11 13:16",2.95,13069,"United Kingdom"
"547664","22241","GARLAND WOODEN HAPPY EASTER",2,"3/24/11 13:16",1.25,13069,"United Kingdom"
"547664","21395","BLUE POLKADOT BEAKER",12,"3/24/11 13:16",0.39,13069,"United Kingdom"
"547664","21398","RED POLKADOT COFFEE  MUG",12,"3/24/11 13:16",0.39,13069,"United Kingdom"
"547664","21399","BLUE POLKADOT COFFEE MUG",12,"3/24/11 13:16",0.39,13069,"United Kingdom"
"547664","21394","RED POLKADOT BEAKER",12,"3/24/11 13:16",0.39,13069,"United Kingdom"
"547665","22907","PACK OF 20 NAPKINS PANTRY DESIGN",12,"3/24/11 13:17",0.85,14256,"United Kingdom"
"547665","22960","JAM MAKING SET WITH JARS",12,"3/24/11 13:17",3.75,14256,"United Kingdom"
"547665","22961","JAM MAKING SET PRINTED",12,"3/24/11 13:17",1.45,14256,"United Kingdom"
"547665","22989","SET 2 PANTRY DESIGN TEA TOWELS",6,"3/24/11 13:17",3.25,14256,"United Kingdom"
"547665","22720","SET OF 3 CAKE TINS PANTRY DESIGN",6,"3/24/11 13:17",4.95,14256,"United Kingdom"
"547665","22978","PANTRY ROLLING PIN",6,"3/24/11 13:17",3.75,14256,"United Kingdom"
"547665","22965","3 TRADITIONAl BISCUIT CUTTERS  SET",6,"3/24/11 13:17",2.1,14256,"United Kingdom"
"547665","22326","ROUND SNACK BOXES SET OF4 WOODLAND",6,"3/24/11 13:17",2.95,14256,"United Kingdom"
"547665","22626","BLACK KITCHEN SCALES",4,"3/24/11 13:17",8.5,14256,"United Kingdom"
"547665","22894","TABLECLOTH RED APPLES DESIGN",2,"3/24/11 13:17",9.95,14256,"United Kingdom"
"547665","22303","COFFEE MUG APPLES DESIGN",6,"3/24/11 13:17",2.55,14256,"United Kingdom"
"547665","22302","COFFEE MUG PEARS  DESIGN",6,"3/24/11 13:17",2.55,14256,"United Kingdom"
"547665","22895","SET OF 2 TEA TOWELS APPLE AND PEARS",6,"3/24/11 13:17",2.95,14256,"United Kingdom"
"547665","22843","BISCUIT TIN VINTAGE GREEN",2,"3/24/11 13:17",6.75,14256,"United Kingdom"
"547665","22842","BISCUIT TIN VINTAGE RED",2,"3/24/11 13:17",6.75,14256,"United Kingdom"
"547665","22841","ROUND CAKE TIN VINTAGE GREEN",2,"3/24/11 13:17",7.95,14256,"United Kingdom"
"547665","22840","ROUND CAKE TIN VINTAGE RED",2,"3/24/11 13:17",7.95,14256,"United Kingdom"
"547665","22839","3 TIER CAKE TIN GREEN AND CREAM",1,"3/24/11 13:17",14.95,14256,"United Kingdom"
"547665","22854","CREAM SWEETHEART EGG HOLDER",4,"3/24/11 13:17",4.95,14256,"United Kingdom"
"547665","22776","SWEETHEART CAKESTAND 3 TIER",3,"3/24/11 13:17",9.95,14256,"United Kingdom"
"547665","84880","WHITE WIRE EGG HOLDER",6,"3/24/11 13:17",7.5,14256,"United Kingdom"
"547666","22502","PICNIC BASKET WICKER SMALL",16,"3/24/11 13:23",4.95,14235,"United Kingdom"
"547666","23231","WRAP DOILEY DESIGN",25,"3/24/11 13:23",0.42,14235,"United Kingdom"
"547666","22708","WRAP DOLLY GIRL",25,"3/24/11 13:23",0.42,14235,"United Kingdom"
"547666","22759","SET OF 3 NOTEBOOKS IN PARCEL",24,"3/24/11 13:23",1.65,14235,"United Kingdom"
"547666","22985","WRAP, BILLBOARD FONTS DESIGN",25,"3/24/11 13:23",0.42,14235,"United Kingdom"
"547666","21497","FANCY FONTS BIRTHDAY WRAP",25,"3/24/11 13:23",0.42,14235,"United Kingdom"
"547666","85099F","JUMBO BAG STRAWBERRY",40,"3/24/11 13:23",1.95,14235,"United Kingdom"
"547666","85099B","JUMBO BAG RED RETROSPOT",40,"3/24/11 13:23",1.95,14235,"United Kingdom"
"547666","20914","SET/5 RED RETROSPOT LID GLASS BOWLS",6,"3/24/11 13:23",2.95,14235,"United Kingdom"
"547666","21539","RED RETROSPOT BUTTER DISH",3,"3/24/11 13:23",4.95,14235,"United Kingdom"
"547666","22961","JAM MAKING SET PRINTED",12,"3/24/11 13:23",1.45,14235,"United Kingdom"
"547666","22720","SET OF 3 CAKE TINS PANTRY DESIGN",24,"3/24/11 13:23",4.25,14235,"United Kingdom"
"547666","22722","SET OF 6 SPICE TINS PANTRY DESIGN",24,"3/24/11 13:23",3.45,14235,"United Kingdom"
"547666","21874","GIN AND TONIC MUG",12,"3/24/11 13:23",1.25,14235,"United Kingdom"
"547666","21390","FILIGRIS HEART WITH BUTTERFLY",48,"3/24/11 13:23",1.25,14235,"United Kingdom"
"547666","21916","SET 12 RETRO WHITE CHALK STICKS",48,"3/24/11 13:23",0.42,14235,"United Kingdom"
"547666","22986","GINGHAM ROSE WRAP",25,"3/24/11 13:23",0.42,14235,"United Kingdom"
"547666","22348","TEA BAG PLATE RED RETROSPOT",24,"3/24/11 13:23",0.85,14235,"United Kingdom"
"547666","22666","RECIPE BOX PANTRY YELLOW DESIGN",6,"3/24/11 13:23",2.95,14235,"United Kingdom"
"547666","22686","FRENCH BLUE METAL DOOR SIGN No",10,"3/24/11 13:23",1.25,14235,"United Kingdom"
"547666","22685","FRENCH BLUE METAL DOOR SIGN 0",10,"3/24/11 13:23",1.25,14235,"United Kingdom"
"547666","22684","FRENCH BLUE METAL DOOR SIGN 9",10,"3/24/11 13:23",1.25,14235,"United Kingdom"
"547666","22683","FRENCH BLUE METAL DOOR SIGN 8",10,"3/24/11 13:23",1.25,14235,"United Kingdom"
"547666","22682","FRENCH BLUE METAL DOOR SIGN 7",10,"3/24/11 13:23",1.25,14235,"United Kingdom"
"547666","22681","FRENCH BLUE METAL DOOR SIGN 6",10,"3/24/11 13:23",1.25,14235,"United Kingdom"
"547666","22680","FRENCH BLUE METAL DOOR SIGN 5",10,"3/24/11 13:23",1.25,14235,"United Kingdom"
"547666","22679","FRENCH BLUE METAL DOOR SIGN 4",10,"3/24/11 13:23",1.25,14235,"United Kingdom"
"547666","22677","FRENCH BLUE METAL DOOR SIGN 2",10,"3/24/11 13:23",1.25,14235,"United Kingdom"
"547666","22676","FRENCH BLUE METAL DOOR SIGN 1",10,"3/24/11 13:23",1.25,14235,"United Kingdom"
"547666","84978","HANGING HEART JAR T-LIGHT HOLDER",24,"3/24/11 13:23",1.25,14235,"United Kingdom"
"547667","22978","PANTRY ROLLING PIN",6,"3/24/11 13:25",3.75,16700,"United Kingdom"
"547667","22979","PANTRY WASHING UP BRUSH",12,"3/24/11 13:25",1.45,16700,"United Kingdom"
"547667","22993","SET OF 4 PANTRY JELLY MOULDS",12,"3/24/11 13:25",1.25,16700,"United Kingdom"
"547667","22982","PANTRY PASTRY BRUSH",12,"3/24/11 13:25",1.25,16700,"United Kingdom"
"547667","22991","GIRAFFE WOODEN RULER",12,"3/24/11 13:25",1.95,16700,"United Kingdom"
"547667","22994","TRAVEL CARD WALLET RETROSPOT",24,"3/24/11 13:25",0.42,16700,"United Kingdom"
"547667","22995","TRAVEL CARD WALLET SUKI",24,"3/24/11 13:25",0.42,16700,"United Kingdom"
"547667","22996","TRAVEL CARD WALLET VINTAGE TICKET",24,"3/24/11 13:25",0.42,16700,"United Kingdom"
"547667","22999","TRAVEL CARD WALLET RETRO PETALS",24,"3/24/11 13:25",0.42,16700,"United Kingdom"
"547667","22998","TRAVEL CARD WALLET KEEP CALM",24,"3/24/11 13:25",0.42,16700,"United Kingdom"
"547667","22997","TRAVEL CARD WALLET UNION JACK",24,"3/24/11 13:25",0.42,16700,"United Kingdom"
"547667","23193","BUFFALO BILL TREASURE BOOK BOX",8,"3/24/11 13:25",2.25,16700,"United Kingdom"
"547667","22666","RECIPE BOX PANTRY YELLOW DESIGN",6,"3/24/11 13:25",2.95,16700,"United Kingdom"
"547667","22960","JAM MAKING SET WITH JARS",6,"3/24/11 13:25",4.25,16700,"United Kingdom"
"547667","20725","LUNCH BAG RED RETROSPOT",10,"3/24/11 13:25",1.65,16700,"United Kingdom"
"547667","22328","ROUND SNACK BOXES SET OF 4 FRUITS",6,"3/24/11 13:25",2.95,16700,"United Kingdom"
"547667","22955","36 FOIL STAR CAKE CASES",6,"3/24/11 13:25",2.1,16700,"United Kingdom"
"547667","22951","60 CAKE CASES DOLLY GIRL DESIGN",24,"3/24/11 13:25",0.55,16700,"United Kingdom"
"547667","22637","PIGGY BANK RETROSPOT",8,"3/24/11 13:25",2.55,16700,"United Kingdom"
"547667","22713","CARD I LOVE LONDON",12,"3/24/11 13:25",0.42,16700,"United Kingdom"
"547667","22970","LONDON BUS COFFEE MUG",6,"3/24/11 13:25",2.55,16700,"United Kingdom"
"547667","22971","QUEENS GUARD COFFEE MUG",6,"3/24/11 13:25",2.55,16700,"United Kingdom"
"547667","22030","SWALLOWS GREETING CARD",12,"3/24/11 13:25",0.42,16700,"United Kingdom"
"547667","22716","CARD CIRCUS PARADE",12,"3/24/11 13:25",0.42,16700,"United Kingdom"
"547667","22983","CARD BILLBOARD FONT",12,"3/24/11 13:25",0.42,16700,"United Kingdom"
"547667","23000","TRAVEL CARD WALLET TRANSPORT",24,"3/24/11 13:25",0.42,16700,"United Kingdom"
"547667","23006","TRAVEL CARD WALLET FLOWER MEADOW",24,"3/24/11 13:25",0.42,16700,"United Kingdom"
"547667","21931","JUMBO STORAGE BAG SUKI",20,"3/24/11 13:25",1.95,16700,"United Kingdom"
"547667","85099C","JUMBO  BAG BAROQUE BLACK WHITE",20,"3/24/11 13:25",1.95,16700,"United Kingdom"
"547667","85099B","JUMBO BAG RED RETROSPOT",20,"3/24/11 13:25",1.95,16700,"United Kingdom"
"547668","21381","MINI WOODEN HAPPY BIRTHDAY GARLAND",24,"3/24/11 13:28",1.69,14071,"United Kingdom"
"547668","22231","JIGSAW TREE WITH BIRDHOUSE",12,"3/24/11 13:28",1.45,14071,"United Kingdom"
"547668","22084","PAPER CHAIN KIT EMPIRE",5,"3/24/11 13:28",2.95,14071,"United Kingdom"
"547668","22233","JIGSAW RABBIT AND BIRDHOUSE",6,"3/24/11 13:28",1.65,14071,"United Kingdom"
"547668","22345","PARTY PIZZA DISH BLUE POLKADOT",18,"3/24/11 13:28",0.85,14071,"United Kingdom"
"547668","21626","VINTAGE UNION JACK PENNANT",5,"3/24/11 13:28",1.95,14071,"United Kingdom"
"547668","22252","BIRDCAGE DECORATION TEALIGHT HOLDER",6,"3/24/11 13:28",1.25,14071,"United Kingdom"
"547668","21034","REX CASH+CARRY JUMBO SHOPPER",1,"3/24/11 13:28",0.95,14071,"United Kingdom"
"547668","22343","PARTY PIZZA DISH RED RETROSPOT",18,"3/24/11 13:28",0.85,14071,"United Kingdom"
"547669","85159A","BLACK TEA,COFFEE,SUGAR JARS",1,"3/24/11 13:37",1.95,12748,"United Kingdom"
"547669","21937","STRAWBERRY   PICNIC BAG",1,"3/24/11 13:37",2.95,12748,"United Kingdom"
"547669","48111","DOORMAT 3 SMILEY CATS",1,"3/24/11 13:37",7.95,12748,"United Kingdom"
"547669","22626","BLACK KITCHEN SCALES",1,"3/24/11 13:37",8.5,12748,"United Kingdom"
"547669","22371","AIRLINE BAG VINTAGE TOKYO 78",1,"3/24/11 13:37",4.25,12748,"United Kingdom"
"547669","21080","SET/20 RED RETROSPOT PAPER NAPKINS",2,"3/24/11 13:37",0.85,12748,"United Kingdom"
"547669","22495","SET OF 2 ROUND TINS CAMEMBERT",1,"3/24/11 13:37",2.95,12748,"United Kingdom"
"547669","85161","ACRYLIC GEOMETRIC LAMP",1,"3/24/11 13:37",18.95,12748,"United Kingdom"
"547669","85099C","JUMBO  BAG BAROQUE BLACK WHITE",4,"3/24/11 13:37",1.95,12748,"United Kingdom"
"547669","85036A","GARDENIA 1 WICK MORRIS BOXED CANDLE",1,"3/24/11 13:37",4.25,12748,"United Kingdom"
"547669","21364","PEACE SMALL WOOD LETTERS",1,"3/24/11 13:37",6.75,12748,"United Kingdom"
"547669","85099F","JUMBO BAG STRAWBERRY",4,"3/24/11 13:37",1.95,12748,"United Kingdom"
"547669","21930","JUMBO STORAGE BAG SKULLS",2,"3/24/11 13:37",1.95,12748,"United Kingdom"
"547669","21931","JUMBO STORAGE BAG SUKI",10,"3/24/11 13:37",1.95,12748,"United Kingdom"
"547669","21928","JUMBO BAG SCANDINAVIAN BLUE PAISLEY",5,"3/24/11 13:37",1.95,12748,"United Kingdom"
"547669","21166","COOK WITH WINE METAL SIGN",1,"3/24/11 13:37",2.08,12748,"United Kingdom"
"547669","85099F","JUMBO BAG STRAWBERRY",1,"3/24/11 13:37",1.95,12748,"United Kingdom"
"547669","15030","FAN BLACK FRAME",5,"3/24/11 13:37",0.29,12748,"United Kingdom"
"547669","21034","REX CASH+CARRY JUMBO SHOPPER",5,"3/24/11 13:37",0.95,12748,"United Kingdom"
"547669","22087","PAPER BUNTING WHITE LACE",1,"3/24/11 13:37",2.95,12748,"United Kingdom"
"547669","22930","BAKING MOULD HEART MILK CHOCOLATE",1,"3/24/11 13:37",2.55,12748,"United Kingdom"
"547669","22932","BAKING MOULD TOFFEE CUP CHOCOLATE",1,"3/24/11 13:37",2.55,12748,"United Kingdom"
"547669","22417","PACK OF 60 SPACEBOY CAKE CASES",1,"3/24/11 13:37",0.55,12748,"United Kingdom"
"547669","21745","GAOLERS KEYS DECORATIVE GARDEN",1,"3/24/11 13:37",3.75,12748,"United Kingdom"
"547669","84849B","FAIRY SOAP SOAP HOLDER",1,"3/24/11 13:37",1.69,12748,"United Kingdom"
"547669","22998","TRAVEL CARD WALLET KEEP CALM",24,"3/24/11 13:37",0.42,12748,"United Kingdom"
"547669","22995","TRAVEL CARD WALLET SUKI",24,"3/24/11 13:37",0.42,12748,"United Kingdom"
"547669","23002","TRAVEL CARD WALLET SKULLS",24,"3/24/11 13:37",0.42,12748,"United Kingdom"
"547670","22363","GLASS JAR MARMALADE",2,"3/24/11 13:41",2.95,16769,"United Kingdom"
"547670","22364","GLASS JAR DIGESTIVE BISCUITS",1,"3/24/11 13:41",2.95,16769,"United Kingdom"
"547670","22361","GLASS JAR DAISY FRESH COTTON WOOL",1,"3/24/11 13:41",2.95,16769,"United Kingdom"
"547670","22363","GLASS JAR MARMALADE",1,"3/24/11 13:41",2.95,16769,"United Kingdom"
"547670","22364","GLASS JAR DIGESTIVE BISCUITS",1,"3/24/11 13:41",2.95,16769,"United Kingdom"
"547670","22359","GLASS JAR KINGS CHOICE",1,"3/24/11 13:41",2.95,16769,"United Kingdom"
"547670","22362","GLASS JAR PEACOCK BATH SALTS",1,"3/24/11 13:41",2.95,16769,"United Kingdom"
"547670","21671","RED SPOT CERAMIC DRAWER KNOB",1,"3/24/11 13:41",1.25,16769,"United Kingdom"
"547670","21668","RED STRIPE CERAMIC DRAWER KNOB",1,"3/24/11 13:41",1.25,16769,"United Kingdom"
"547670","21669","BLUE STRIPE CERAMIC DRAWER KNOB",1,"3/24/11 13:41",1.25,16769,"United Kingdom"
"547670","21672","WHITE SPOT RED CERAMIC DRAWER KNOB",1,"3/24/11 13:41",1.25,16769,"United Kingdom"
"547670","22501","PICNIC BASKET WICKER LARGE",3,"3/24/11 13:41",9.95,16769,"United Kingdom"
"547670","21754","HOME BUILDING BLOCK WORD",1,"3/24/11 13:41",5.95,16769,"United Kingdom"
"547670","22169","FAMILY ALBUM WHITE PICTURE FRAME",1,"3/24/11 13:41",8.5,16769,"United Kingdom"
"547670","22283","6 EGG HOUSE PAINTED WOOD",2,"3/24/11 13:41",7.95,16769,"United Kingdom"
"547670","21754","HOME BUILDING BLOCK WORD",2,"3/24/11 13:41",5.95,16769,"United Kingdom"
"547670","22120","WELCOME  WOODEN BLOCK LETTERS",2,"3/24/11 13:41",9.95,16769,"United Kingdom"
"547670","85123A","WHITE HANGING HEART T-LIGHT HOLDER",1,"3/24/11 13:41",2.95,16769,"United Kingdom"
"547670","21067","VINTAGE RED TEATIME MUG",2,"3/24/11 13:41",1.25,16769,"United Kingdom"
"547670","22283","6 EGG HOUSE PAINTED WOOD",2,"3/24/11 13:41",7.95,16769,"United Kingdom"
"547670","85123A","WHITE HANGING HEART T-LIGHT HOLDER",3,"3/24/11 13:41",2.95,16769,"United Kingdom"
"547670","22993","SET OF 4 PANTRY JELLY MOULDS",2,"3/24/11 13:41",1.25,16769,"United Kingdom"
"547670","85066","CREAM SWEETHEART MINI CHEST",2,"3/24/11 13:41",12.75,16769,"United Kingdom"
"547670","22796","PHOTO FRAME 3 CLASSIC HANGING",2,"3/24/11 13:41",9.95,16769,"United Kingdom"
"547670","21137","BLACK RECORD COVER FRAME",3,"3/24/11 13:41",3.75,16769,"United Kingdom"
"547670","22041","RECORD FRAME 7"" SINGLE SIZE",3,"3/24/11 13:41",2.55,16769,"United Kingdom"
"547670","21175","GIN + TONIC DIET METAL SIGN",5,"3/24/11 13:41",2.55,16769,"United Kingdom"
"547670","21174","POTTERING IN THE SHED METAL SIGN",3,"3/24/11 13:41",2.08,16769,"United Kingdom"
"547670","21165","BEWARE OF THE CAT METAL SIGN",3,"3/24/11 13:41",1.69,16769,"United Kingdom"
"547670","21166","COOK WITH WINE METAL SIGN",6,"3/24/11 13:41",2.08,16769,"United Kingdom"
"547670","85123A","WHITE HANGING HEART T-LIGHT HOLDER",6,"3/24/11 13:41",2.95,16769,"United Kingdom"
"547670","21115","ROSE CARAVAN DOORSTOP",1,"3/24/11 13:41",6.75,16769,"United Kingdom"
"547670","22854","CREAM SWEETHEART EGG HOLDER",1,"3/24/11 13:41",4.95,16769,"United Kingdom"
"547670","21115","ROSE CARAVAN DOORSTOP",2,"3/24/11 13:41",6.75,16769,"United Kingdom"
"547670","84631","FRUIT TREE AND BIRDS WALL PLAQUE",2,"3/24/11 13:41",7.95,16769,"United Kingdom"
"547670","47566","PARTY BUNTING",2,"3/24/11 13:41",4.95,16769,"United Kingdom"
"547670","22968","ROSE COTTAGE KEEPSAKE BOX",2,"3/24/11 13:41",9.95,16769,"United Kingdom"
"547670","22505","MEMO BOARD COTTAGE DESIGN",2,"3/24/11 13:41",4.95,16769,"United Kingdom"
"547670","22507","MEMO BOARD RETROSPOT  DESIGN",2,"3/24/11 13:41",4.95,16769,"United Kingdom"
"547670","22499","WOODEN UNION JACK BUNTING",3,"3/24/11 13:41",5.95,16769,"United Kingdom"
"547671","22215","CAKE STAND WHITE TWO TIER LACE",4,"3/24/11 13:45",8.5,14560,"United Kingdom"
"547671","37447","CERAMIC CAKE DESIGN SPOTTED PLATE",12,"3/24/11 13:45",1.49,14560,"United Kingdom"
"547671","16156S","WRAP PINK FAIRY CAKES",25,"3/24/11 13:45",0.42,14560,"United Kingdom"
"547672","21500","PINK POLKADOT WRAP",25,"3/24/11 13:54",0.42,17754,"United Kingdom"
"547672","21499","BLUE POLKADOT WRAP",25,"3/24/11 13:54",0.42,17754,"United Kingdom"
"547672","22986","GINGHAM ROSE WRAP",25,"3/24/11 13:54",0.42,17754,"United Kingdom"
"547672","84459A","PINK METAL CHICKEN HEART",2,"3/24/11 13:54",1.49,17754,"United Kingdom"
"547672","85093","CANDY SPOT EGG WARMER HARE",10,"3/24/11 13:54",0.39,17754,"United Kingdom"
"547672","35914","PINK CHICK EGG WARMER + EGG CUP",24,"3/24/11 13:54",0.85,17754,"United Kingdom"
"547672","35911A","MULTICOLOUR RABBIT EGG WARMER",24,"3/24/11 13:54",0.85,17754,"United Kingdom"
"547672","84596E","SMALL LICORICE DES PINK BOWL",16,"3/24/11 13:54",0.42,17754,"United Kingdom"
"547672","37482P","CUBIC MUG PINK POLKADOT",24,"3/24/11 13:54",0.39,17754,"United Kingdom"
"547672","22263","FELT EGG COSY LADYBIRD",48,"3/24/11 13:54",0.85,17754,"United Kingdom"
"547672","23077","DOUGHNUT LIP GLOSS",20,"3/24/11 13:54",1.25,17754,"United Kingdom"
"547672","23078","ICE CREAM PEN LIP GLOSS",24,"3/24/11 13:54",1.25,17754,"United Kingdom"
"547672","22263","FELT EGG COSY LADYBIRD",1,"3/24/11 13:54",0.85,17754,"United Kingdom"
"547672","85049D","BRIGHT BLUES RIBBONS",6,"3/24/11 13:54",1.25,17754,"United Kingdom"
"547672","22268","EASTER DECORATION SITTING BUNNY",3,"3/24/11 13:54",0.85,17754,"United Kingdom"
"547672","22262","FELT EGG COSY CHICKEN",9,"3/24/11 13:54",0.85,17754,"United Kingdom"
"547672","84218","BOX/12 CHICK & EGG IN BASKET",4,"3/24/11 13:54",1.95,17754,"United Kingdom"
"547672","84461","12 PINK HEN+CHICKS IN BASKET",1,"3/24/11 13:54",2.55,17754,"United Kingdom"
"547672","22258","FELT FARM ANIMAL RABBIT",2,"3/24/11 13:54",1.25,17754,"United Kingdom"
"547672","22261","FELT EGG COSY WHITE RABBIT",14,"3/24/11 13:54",0.85,17754,"United Kingdom"
"547672","84596G","SMALL CHOCOLATES PINK BOWL",7,"3/24/11 13:54",0.42,17754,"United Kingdom"
"547672","22293","HANGING CHICK GREEN DECORATION",4,"3/24/11 13:54",1.45,17754,"United Kingdom"
"547672","85094","CANDY SPOT EGG WARMER RABBIT",16,"3/24/11 13:54",0.19,17754,"United Kingdom"
"547672","22257","FELT FARM ANIMAL SHEEP",2,"3/24/11 13:54",1.25,17754,"United Kingdom"
"547672","22256","FELT FARM ANIMAL CHICKEN",2,"3/24/11 13:54",1.25,17754,"United Kingdom"
"547672","22262","FELT EGG COSY CHICKEN",2,"3/24/11 13:54",0.85,17754,"United Kingdom"
"547672","84741C","CITRUS GARLAND FELT FLOWERS",2,"3/24/11 13:54",1.95,17754,"United Kingdom"
"547672","85049C","ROMANTIC PINKS RIBBONS",6,"3/24/11 13:54",1.25,17754,"United Kingdom"
"547673","47593A","found",13,"3/24/11 13:57",0,,"United Kingdom"
"547674","22568","FELTCRAFT CUSHION OWL",4,"3/24/11 13:59",3.75,15835,"United Kingdom"
"547674","22147","FELTCRAFT BUTTERFLY HEARTS",12,"3/24/11 13:59",1.45,15835,"United Kingdom"
"547674","20969","RED FLORAL FELTCRAFT SHOULDER BAG",4,"3/24/11 13:59",3.75,15835,"United Kingdom"
"547674","20713","JUMBO BAG OWLS",10,"3/24/11 13:59",1.95,15835,"United Kingdom"
"547674","20712","JUMBO BAG WOODLAND ANIMALS",10,"3/24/11 13:59",1.95,15835,"United Kingdom"
"547674","85099B","JUMBO BAG RED RETROSPOT",10,"3/24/11 13:59",1.95,15835,"United Kingdom"
"547674","22148","EASTER CRAFT 4 CHICKS",12,"3/24/11 13:59",1.95,15835,"United Kingdom"
"547674","22750","FELTCRAFT PRINCESS LOLA DOLL",4,"3/24/11 13:59",3.75,15835,"United Kingdom"
"547674","22274","FELTCRAFT DOLL EMILY",6,"3/24/11 13:59",2.95,15835,"United Kingdom"
"547674","22586","FELTCRAFT HAIRBAND PINK AND BLUE",12,"3/24/11 13:59",0.85,15835,"United Kingdom"
"547674","22570","FELTCRAFT CUSHION RABBIT",4,"3/24/11 13:59",3.75,15835,"United Kingdom"
"C547675","22263","FELT EGG COSY LADYBIRD",-49,"3/24/11 14:07",0.66,17754,"United Kingdom"
"C547676","22423","REGENCY CAKESTAND 3 TIER",-2,"3/24/11 14:15",10.95,15189,"United Kingdom"
"547684","22099","CARAVAN SQUARE TISSUE BOX",12,"3/24/11 14:46",1.25,12408,"Belgium"
"547684","22098","BOUDOIR SQUARE TISSUE BOX",12,"3/24/11 14:46",1.25,12408,"Belgium"
"547684","23000","TRAVEL CARD WALLET TRANSPORT",24,"3/24/11 14:46",0.42,12408,"Belgium"
"547684","23177","TREASURE ISLAND BOOK BOX",8,"3/24/11 14:46",2.25,12408,"Belgium"
"547684","23176","ABC TREASURE BOOK BOX",8,"3/24/11 14:46",2.25,12408,"Belgium"
"547684","22630","DOLLY GIRL LUNCH BOX",12,"3/24/11 14:46",1.95,12408,"Belgium"
"547684","22551","PLASTERS IN TIN SPACEBOY",12,"3/24/11 14:46",1.65,12408,"Belgium"
"547684","22748","POPPY'S PLAYHOUSE KITCHEN",6,"3/24/11 14:46",2.1,12408,"Belgium"
"547684","22746","POPPY'S PLAYHOUSE LIVINGROOM",6,"3/24/11 14:46",2.1,12408,"Belgium"
"547684","22745","POPPY'S PLAYHOUSE BEDROOM",6,"3/24/11 14:46",2.1,12408,"Belgium"
"547684","22614","PACK OF 12 SPACEBOY TISSUES",24,"3/24/11 14:46",0.29,12408,"Belgium"
"547684","23008","DOLLY GIRL BABY GIFT SET",3,"3/24/11 14:46",16.95,12408,"Belgium"
"547684","23007","SPACEBOY BABY GIFT SET",3,"3/24/11 14:46",16.95,12408,"Belgium"
"547684","22726","ALARM CLOCK BAKELIKE GREEN",12,"3/24/11 14:46",3.75,12408,"Belgium"
"547684","22729","ALARM CLOCK BAKELIKE ORANGE",12,"3/24/11 14:46",3.75,12408,"Belgium"
"547684","22727","ALARM CLOCK BAKELIKE RED",16,"3/24/11 14:46",3.75,12408,"Belgium"
"547684","22725","ALARM CLOCK BAKELIKE CHOCOLATE",12,"3/24/11 14:46",3.75,12408,"Belgium"
"547684","22728","ALARM CLOCK BAKELIKE PINK",4,"3/24/11 14:46",3.75,12408,"Belgium"
"547684","22663","JUMBO BAG DOLLY GIRL DESIGN",10,"3/24/11 14:46",1.95,12408,"Belgium"
"547684","20719","WOODLAND CHARLOTTE BAG",10,"3/24/11 14:46",0.85,12408,"Belgium"
"547684","20724","RED RETROSPOT CHARLOTTE BAG",10,"3/24/11 14:46",0.85,12408,"Belgium"
"547684","20723","STRAWBERRY CHARLOTTE BAG",10,"3/24/11 14:46",0.85,12408,"Belgium"
"547684","21937","STRAWBERRY   PICNIC BAG",5,"3/24/11 14:46",2.95,12408,"Belgium"
"547684","85099F","JUMBO BAG STRAWBERRY",10,"3/24/11 14:46",1.95,12408,"Belgium"
"547684","20712","JUMBO BAG WOODLAND ANIMALS",10,"3/24/11 14:46",1.95,12408,"Belgium"
"547684","85099C","JUMBO  BAG BAROQUE BLACK WHITE",10,"3/24/11 14:46",1.95,12408,"Belgium"
"547684","85099B","JUMBO BAG RED RETROSPOT",10,"3/24/11 14:46",1.95,12408,"Belgium"
"547684","84012","MAGIC SHEEP WOOL GROWING FROM PAPER",12,"3/24/11 14:46",2.55,12408,"Belgium"
"547684","84006","MAGIC TREE -PAPER FLOWERS",12,"3/24/11 14:46",0.85,12408,"Belgium"
"547684","22245","HOOK, 1 HANGER ,MAGIC GARDEN",12,"3/24/11 14:46",0.85,12408,"Belgium"
"547684","22466","FAIRY TALE COTTAGE NIGHTLIGHT",12,"3/24/11 14:46",1.95,12408,"Belgium"
"547684","POST","POSTAGE",5,"3/24/11 14:46",15,12408,"Belgium"
"547685","22328","ROUND SNACK BOXES SET OF 4 FRUITS",6,"3/24/11 14:47",2.95,12408,"Belgium"
"547685","22628","PICNIC BOXES SET OF 3 RETROSPOT",4,"3/24/11 14:47",4.95,12408,"Belgium"
"547685","22666","RECIPE BOX PANTRY YELLOW DESIGN",6,"3/24/11 14:47",2.95,12408,"Belgium"
"547685","20713","JUMBO BAG OWLS",10,"3/24/11 14:47",1.95,12408,"Belgium"
"547686","21210","SET OF 72 RETROSPOT PAPER  DOILIES",12,"3/24/11 14:49",1.45,15513,"United Kingdom"
"547686","21094","SET/6 RED SPOTTY PAPER PLATES",12,"3/24/11 14:49",0.85,15513,"United Kingdom"
"547686","21080","SET/20 RED RETROSPOT PAPER NAPKINS",12,"3/24/11 14:49",0.85,15513,"United Kingdom"
"547686","21086","SET/6 RED SPOTTY PAPER CUPS",12,"3/24/11 14:49",0.65,15513,"United Kingdom"
"547686","22333","RETROSPOT PARTY BAG + STICKER SET",16,"3/24/11 14:49",1.65,15513,"United Kingdom"
"547686","22090","PAPER BUNTING RETROSPOT",12,"3/24/11 14:49",2.95,15513,"United Kingdom"
"547686","22087","PAPER BUNTING WHITE LACE",6,"3/24/11 14:49",2.95,15513,"United Kingdom"
"547686","22088","PAPER BUNTING COLOURED LACE",6,"3/24/11 14:49",2.95,15513,"United Kingdom"
"547686","22084","PAPER CHAIN KIT EMPIRE",6,"3/24/11 14:49",2.95,15513,"United Kingdom"
"547686","22083","PAPER CHAIN KIT RETROSPOT",6,"3/24/11 14:49",2.95,15513,"United Kingdom"
"547686","21202","DOLLY HONEYCOMB GARLAND",12,"3/24/11 14:49",1.65,15513,"United Kingdom"
"547686","21204","DAISIES  HONEYCOMB GARLAND",12,"3/24/11 14:49",1.65,15513,"United Kingdom"
"547686","22964","3 PIECE SPACEBOY COOKIE CUTTER SET",6,"3/24/11 14:49",2.1,15513,"United Kingdom"
"547686","75049L","LARGE CIRCULAR MIRROR MOBILE",12,"3/24/11 14:49",1.25,15513,"United Kingdom"
"547686","84380","SET OF 3 BUTTERFLY COOKIE CUTTERS",12,"3/24/11 14:49",1.25,15513,"United Kingdom"
"547686","22437","SET OF 9 BLACK SKULL BALLOONS",20,"3/24/11 14:49",0.85,15513,"United Kingdom"
"547686","21207","SKULL AND CROSSBONES  GARLAND",12,"3/24/11 14:49",1.65,15513,"United Kingdom"
"547686","21215","IVORY PAPER CUP CAKE CASES",24,"3/24/11 14:49",0.55,15513,"United Kingdom"
"547687","22993","SET OF 4 PANTRY JELLY MOULDS",12,"3/24/11 14:52",1.25,15078,"United Kingdom"
"547687","22383","LUNCH BAG SUKI DESIGN",10,"3/24/11 14:52",1.65,15078,"United Kingdom"
"547687","22382","LUNCH BAG SPACEBOY DESIGN",10,"3/24/11 14:52",1.65,15078,"United Kingdom"
"547687","22084","PAPER CHAIN KIT EMPIRE",6,"3/24/11 14:52",2.95,15078,"United Kingdom"
"547687","22083","PAPER CHAIN KIT RETROSPOT",6,"3/24/11 14:52",2.95,15078,"United Kingdom"
"547687","85152","HAND OVER THE CHOCOLATE   SIGN",12,"3/24/11 14:52",2.1,15078,"United Kingdom"
"547687","22384","LUNCH BAG PINK POLKADOT",10,"3/24/11 14:52",1.65,15078,"United Kingdom"
"547687","22381","TOY TIDY PINK POLKADOT",10,"3/24/11 14:52",2.1,15078,"United Kingdom"
"547687","22411","JUMBO SHOPPER VINTAGE RED PAISLEY",10,"3/24/11 14:52",1.95,15078,"United Kingdom"
"547687","22386","JUMBO BAG PINK POLKADOT",10,"3/24/11 14:52",1.95,15078,"United Kingdom"
"547687","21929","JUMBO BAG PINK VINTAGE PAISLEY",10,"3/24/11 14:52",1.95,15078,"United Kingdom"
"547687","21928","JUMBO BAG SCANDINAVIAN BLUE PAISLEY",10,"3/24/11 14:52",1.95,15078,"United Kingdom"
"547687","84991","60 TEATIME FAIRY CAKE CASES",24,"3/24/11 14:52",0.55,15078,"United Kingdom"
"547687","21212","PACK OF 72 RETROSPOT CAKE CASES",24,"3/24/11 14:52",0.55,15078,"United Kingdom"
"547687","82600","NO SINGING METAL SIGN",6,"3/24/11 14:52",2.1,15078,"United Kingdom"
"547687","21181","PLEASE ONE PERSON METAL SIGN",12,"3/24/11 14:52",2.1,15078,"United Kingdom"
"547687","20718","RED RETROSPOT SHOPPER BAG",10,"3/24/11 14:52",1.25,15078,"United Kingdom"
"547687","20725","LUNCH BAG RED RETROSPOT",10,"3/24/11 14:52",1.65,15078,"United Kingdom"
"547687","85099B","JUMBO BAG RED RETROSPOT",20,"3/24/11 14:52",1.95,15078,"United Kingdom"
"547688","22084","PAPER CHAIN KIT EMPIRE",40,"3/24/11 14:54",2.55,12971,"United Kingdom"
"547688","22087","PAPER BUNTING WHITE LACE",12,"3/24/11 14:54",2.95,12971,"United Kingdom"
"547689","21896","POTTING SHED TWINE",1,"3/24/11 14:55",2.1,17757,"United Kingdom"
"547689","47590A","BLUE HAPPY BIRTHDAY BUNTING",2,"3/24/11 14:55",5.45,17757,"United Kingdom"
"547689","47590B","PINK HAPPY BIRTHDAY BUNTING",1,"3/24/11 14:55",5.45,17757,"United Kingdom"
"547689","22282","12 EGG HOUSE PAINTED WOOD",1,"3/24/11 14:55",12.75,17757,"United Kingdom"
"547689","22139","RETROSPOT TEA SET CERAMIC 11 PC",3,"3/24/11 14:55",4.95,17757,"United Kingdom"
"547689","21094","SET/6 RED SPOTTY PAPER PLATES",8,"3/24/11 14:55",0.85,17757,"United Kingdom"
"547689","21212","PACK OF 72 RETROSPOT CAKE CASES",4,"3/24/11 14:55",0.55,17757,"United Kingdom"
"547689","21086","SET/6 RED SPOTTY PAPER CUPS",3,"3/24/11 14:55",0.65,17757,"United Kingdom"
"547689","79191C","RETRO PLASTIC ELEPHANT TRAY",1,"3/24/11 14:55",0.85,17757,"United Kingdom"
"547689","79191B","RETRO PLASTIC POLKA TRAY",2,"3/24/11 14:55",0.85,17757,"United Kingdom"
"547689","21754","HOME BUILDING BLOCK WORD",1,"3/24/11 14:55",5.95,17757,"United Kingdom"
"547689","22667","RECIPE BOX RETROSPOT",1,"3/24/11 14:55",2.95,17757,"United Kingdom"
"547689","22684","FRENCH BLUE METAL DOOR SIGN 9",1,"3/24/11 14:55",1.25,17757,"United Kingdom"
"547689","22676","FRENCH BLUE METAL DOOR SIGN 1",1,"3/24/11 14:55",1.25,17757,"United Kingdom"
"547689","22682","FRENCH BLUE METAL DOOR SIGN 7",2,"3/24/11 14:55",1.25,17757,"United Kingdom"
"547689","21902","KEY FOB , FRONT  DOOR",6,"3/24/11 14:55",0.65,17757,"United Kingdom"
"547689","21528","DAIRY MAID TRADITIONAL TEAPOT",1,"3/24/11 14:55",6.95,17757,"United Kingdom"
"547689","22427","ENAMEL FLOWER JUG CREAM",2,"3/24/11 14:55",5.95,17757,"United Kingdom"
"547689","21217","RED RETROSPOT ROUND CAKE TINS",2,"3/24/11 14:55",9.95,17757,"United Kingdom"
"547689","22844","VINTAGE CREAM DOG FOOD CONTAINER",1,"3/24/11 14:55",8.5,17757,"United Kingdom"
"547689","22502","PICNIC BASKET WICKER SMALL",2,"3/24/11 14:55",5.95,17757,"United Kingdom"
"547689","22090","PAPER BUNTING RETROSPOT",2,"3/24/11 14:55",2.95,17757,"United Kingdom"
"547689","22430","ENAMEL WATERING CAN CREAM",2,"3/24/11 14:55",4.95,17757,"United Kingdom"
"547689","22427","ENAMEL FLOWER JUG CREAM",2,"3/24/11 14:55",5.95,17757,"United Kingdom"
"547689","21080","SET/20 RED RETROSPOT PAPER NAPKINS",3,"3/24/11 14:55",0.85,17757,"United Kingdom"
"547690","22621","TRADITIONAL KNITTING NANCY",12,"3/24/11 14:55",1.45,16063,"United Kingdom"
"547690","22418","10 COLOUR SPACEBOY PEN",24,"3/24/11 14:55",0.85,16063,"United Kingdom"
"547690","22371","AIRLINE BAG VINTAGE TOKYO 78",4,"3/24/11 14:55",4.25,16063,"United Kingdom"
"547690","22372","AIRLINE BAG VINTAGE WORLD CHAMPION",4,"3/24/11 14:55",4.25,16063,"United Kingdom"
"547690","22374","AIRLINE BAG VINTAGE JET SET RED",4,"3/24/11 14:55",4.25,16063,"United Kingdom"
"547690","22961","JAM MAKING SET PRINTED",12,"3/24/11 14:55",1.45,16063,"United Kingdom"
"547690","22722","SET OF 6 SPICE TINS PANTRY DESIGN",4,"3/24/11 14:55",3.95,16063,"United Kingdom"
"547690","22249","DECORATION WHITE CHICK MAGIC GARDEN",16,"3/24/11 14:55",0.85,16063,"United Kingdom"
"547690","22247","BUNNY DECORATION MAGIC GARDEN",16,"3/24/11 14:55",0.85,16063,"United Kingdom"
"547690","22251","BIRDHOUSE DECORATION MAGIC GARDEN",12,"3/24/11 14:56",1.25,16063,"United Kingdom"
"547690","22367","CHILDRENS APRON SPACEBOY DESIGN",8,"3/24/11 14:56",1.95,16063,"United Kingdom"
"547690","22899","CHILDREN'S APRON DOLLY GIRL",6,"3/24/11 14:56",2.1,16063,"United Kingdom"
"547690","21912","VINTAGE SNAKES & LADDERS",4,"3/24/11 14:56",3.75,16063,"United Kingdom"
"547690","22539","MINI JIGSAW DOLLY GIRL",24,"3/24/11 14:56",0.42,16063,"United Kingdom"
"547690","22547","MINI JIGSAW DINOSAUR",24,"3/24/11 14:56",0.42,16063,"United Kingdom"
"547690","22536","MAGIC DRAWING SLATE PURDEY",24,"3/24/11 14:56",0.42,16063,"United Kingdom"
"547690","22531","MAGIC DRAWING SLATE CIRCUS PARADE",24,"3/24/11 14:56",0.42,16063,"United Kingdom"
"547690","22273","FELTCRAFT DOLL MOLLY",6,"3/24/11 14:56",2.95,16063,"United Kingdom"
"547690","20972","PINK CREAM FELT CRAFT TRINKET BOX",12,"3/24/11 14:56",1.25,16063,"United Kingdom"
"547690","22138","BAKING SET 9 PIECE RETROSPOT",3,"3/24/11 14:56",4.95,16063,"United Kingdom"
"547690","22617","BAKING SET SPACEBOY DESIGN",3,"3/24/11 14:56",4.95,16063,"United Kingdom"
"547690","21790","VINTAGE SNAP CARDS",12,"3/24/11 14:56",0.85,16063,"United Kingdom"
"547690","22619","SET OF 6 SOLDIER SKITTLES",4,"3/24/11 14:56",3.75,16063,"United Kingdom"
"547691","23182","TOILET SIGN OCCUPIED OR VACANT",24,"3/24/11 15:02",0.83,16767,"United Kingdom"
"547691","22993","SET OF 4 PANTRY JELLY MOULDS",12,"3/24/11 15:02",1.25,16767,"United Kingdom"
"547691","22991","GIRAFFE WOODEN RULER",24,"3/24/11 15:02",1.95,16767,"United Kingdom"
"547691","22992","REVOLVER WOODEN RULER",24,"3/24/11 15:02",1.95,16767,"United Kingdom"
"547691","23176","ABC TREASURE BOOK BOX",16,"3/24/11 15:02",2.25,16767,"United Kingdom"
"547691","23194","GYMKHANNA TREASURE BOOK BOX",16,"3/24/11 15:02",2.08,16767,"United Kingdom"
"547691","23177","TREASURE ISLAND BOOK BOX",16,"3/24/11 15:02",2.25,16767,"United Kingdom"
"547691","23000","TRAVEL CARD WALLET TRANSPORT",24,"3/24/11 15:02",0.42,16767,"United Kingdom"
"547691","21381","MINI WOODEN HAPPY BIRTHDAY GARLAND",24,"3/24/11 15:02",1.69,16767,"United Kingdom"
"547691","22254","FELT TOADSTOOL LARGE",24,"3/24/11 15:02",1.25,16767,"United Kingdom"
"547691","22745","POPPY'S PLAYHOUSE BEDROOM",12,"3/24/11 15:02",2.1,16767,"United Kingdom"
"547691","22748","POPPY'S PLAYHOUSE KITCHEN",12,"3/24/11 15:02",2.1,16767,"United Kingdom"
"547694","85099F","JUMBO BAG STRAWBERRY",10,"3/24/11 15:12",1.95,15178,"United Kingdom"
"547694","20723","STRAWBERRY CHARLOTTE BAG",10,"3/24/11 15:12",0.85,15178,"United Kingdom"
"547694","20717","STRAWBERRY SHOPPER BAG",10,"3/24/11 15:12",1.25,15178,"United Kingdom"
"547695","22229","BUNNY WOODEN PAINTED WITH FLOWER",12,"3/24/11 15:15",0.85,18239,"United Kingdom"
"547695","22231","JIGSAW TREE WITH BIRDHOUSE",12,"3/24/11 15:15",1.45,18239,"United Kingdom"
"547695","22287","DECORATION , WOBBLY CHICKEN, METAL",12,"3/24/11 15:15",1.65,18239,"United Kingdom"
"547695","22267","EASTER DECORATION EGG BUNNY",12,"3/24/11 15:15",1.25,18239,"United Kingdom"
"547695","21382","SET/4 SPRING FLOWER DECORATION",12,"3/24/11 15:15",2.95,18239,"United Kingdom"
"547695","22249","DECORATION WHITE CHICK MAGIC GARDEN",16,"3/24/11 15:15",0.85,18239,"United Kingdom"
"547695","85186A","EASTER BUNNY GARLAND OF FLOWERS",24,"3/24/11 15:15",0.42,18239,"United Kingdom"
"547695","71053","WHITE METAL LANTERN",4,"3/24/11 15:15",3.75,18239,"United Kingdom"
"547695","22784","LANTERN CREAM GAZEBO",6,"3/24/11 15:15",4.95,18239,"United Kingdom"
"547695","22268","EASTER DECORATION SITTING BUNNY",12,"3/24/11 15:15",0.85,18239,"United Kingdom"
"547696","35809B",,12,"3/24/11 16:07",0,,"United Kingdom"
"547697","22171","3 HOOK PHOTO SHELF ANTIQUE WHITE",12,"3/24/11 16:23",7.65,14348,"United Kingdom"
"547697","21912","VINTAGE SNAKES & LADDERS",4,"3/24/11 16:23",3.75,14348,"United Kingdom"
"547697","22621","TRADITIONAL KNITTING NANCY",12,"3/24/11 16:23",1.45,14348,"United Kingdom"
"547697","22561","WOODEN SCHOOL COLOURING SET",12,"3/24/11 16:23",1.65,14348,"United Kingdom"
"547697","22654","DELUXE SEWING KIT",3,"3/24/11 16:23",5.95,14348,"United Kingdom"
"547697","21108","FAIRY CAKE FLANNEL ASSORTED COLOUR",18,"3/24/11 16:23",2.55,14348,"United Kingdom"
"547697","84378","SET OF 3 HEART COOKIE CUTTERS",12,"3/24/11 16:23",1.25,14348,"United Kingdom"
"547697","22301","COFFEE MUG CAT + BIRD DESIGN",6,"3/24/11 16:23",2.55,14348,"United Kingdom"
"547697","22300","COFFEE MUG DOG + BALL DESIGN",6,"3/24/11 16:23",2.55,14348,"United Kingdom"
"547697","22285","HANGING HEN ON NEST DECORATION",12,"3/24/11 16:23",1.65,14348,"United Kingdom"
"547697","84945","MULTI COLOUR SILVER T-LIGHT HOLDER",24,"3/24/11 16:23",0.85,14348,"United Kingdom"
"547697","22804","CANDLEHOLDER PINK HANGING HEART",6,"3/24/11 16:23",2.95,14348,"United Kingdom"
"547697","22969","HOMEMADE JAM SCENTED CANDLES",12,"3/24/11 16:23",1.45,14348,"United Kingdom"
"547697","22807","SET OF 6 T-LIGHTS TOADSTOOLS",6,"3/24/11 16:23",2.95,14348,"United Kingdom"
"547697","85175","CACTI T-LIGHT CANDLES",16,"3/24/11 16:23",0.42,14348,"United Kingdom"
"547697","22487","WHITE WOOD GARDEN PLANT LADDER",2,"3/24/11 16:23",9.95,14348,"United Kingdom"
"547697","22441","GROW YOUR OWN BASIL IN ENAMEL MUG",8,"3/24/11 16:23",2.1,14348,"United Kingdom"
"547697","22077","6 RIBBONS RUSTIC CHARM",12,"3/24/11 16:23",1.65,14348,"United Kingdom"
"547698","22423","REGENCY CAKESTAND 3 TIER",4,"3/24/11 16:30",12.75,15304,"United Kingdom"
"547699","21143",,-32,"3/24/11 16:38",0,,"United Kingdom"
"547700","21147",,-105,"3/24/11 16:39",0,,"United Kingdom"
"547701","84559D",,-7,"3/24/11 16:42",0,,"United Kingdom"
"547702","22568","FELTCRAFT CUSHION OWL",12,"3/24/11 16:45",3.75,14911,"EIRE"
"547702","22569","FELTCRAFT CUSHION BUTTERFLY",12,"3/24/11 16:45",3.75,14911,"EIRE"
"547702","22570","FELTCRAFT CUSHION RABBIT",12,"3/24/11 16:45",3.75,14911,"EIRE"
"547702","84898F","YELLOW FLOWERS FELT HANDBAG KIT",2,"3/24/11 16:45",2.1,14911,"EIRE"
"547702","20733","GOLD MINI TAPE MEASURE",10,"3/24/11 16:45",0.85,14911,"EIRE"
"547702","85049D","BRIGHT BLUES RIBBONS",12,"3/24/11 16:45",1.25,14911,"EIRE"
"547702","85049C","ROMANTIC PINKS RIBBONS",12,"3/24/11 16:45",1.25,14911,"EIRE"
"547702","72802B","OCEAN SCENT CANDLE IN JEWELLED BOX",6,"3/24/11 16:45",4.25,14911,"EIRE"
"547702","72802C","VANILLA SCENT CANDLE JEWELLED BOX",6,"3/24/11 16:45",4.25,14911,"EIRE"
"547702","72807C","SET/3 VANILLA SCENTED CANDLE IN BOX",4,"3/24/11 16:45",4.25,14911,"EIRE"
"547702","82494L","WOODEN FRAME ANTIQUE WHITE",6,"3/24/11 16:45",2.95,14911,"EIRE"
"547702","22766","PHOTO FRAME CORNICE",8,"3/24/11 16:45",2.95,14911,"EIRE"
"547702","20749","ASSORTED COLOUR MINI CASES",4,"3/24/11 16:45",7.95,14911,"EIRE"
"547702","20750","RED RETROSPOT MINI CASES",4,"3/24/11 16:45",7.95,14911,"EIRE"
"547702","22138","BAKING SET 9 PIECE RETROSPOT",3,"3/24/11 16:45",4.95,14911,"EIRE"
"547702","C2","CARRIAGE",1,"3/24/11 16:45",50,14911,"EIRE"
"547703","16161P","WRAP ENGLISH ROSE",25,"3/24/11 17:10",0.42,12540,"Spain"
"547703","23231","WRAP DOILEY DESIGN",25,"3/24/11 17:10",0.42,12540,"Spain"
"547703","22708","WRAP DOLLY GIRL",25,"3/24/11 17:10",0.42,12540,"Spain"
"547703","22985","WRAP, BILLBOARD FONTS DESIGN",25,"3/24/11 17:10",0.42,12540,"Spain"
"547703","21829","DINOSAUR KEYRINGS ASSORTED",36,"3/24/11 17:10",0.21,12540,"Spain"
"547703","22329","ROUND CONTAINER SET OF 5 RETROSPOT",12,"3/24/11 17:10",1.65,12540,"Spain"
"547703","22630","DOLLY GIRL LUNCH BOX",12,"3/24/11 17:10",1.95,12540,"Spain"
"547703","22629","SPACEBOY LUNCH BOX",12,"3/24/11 17:10",1.95,12540,"Spain"
"547703","21212","PACK OF 72 RETROSPOT CAKE CASES",24,"3/24/11 17:10",0.55,12540,"Spain"
"547703","21218","RED SPOTTY BISCUIT TIN",12,"3/24/11 17:10",3.75,12540,"Spain"
"547703","21210","SET OF 72 RETROSPOT PAPER  DOILIES",12,"3/24/11 17:10",1.45,12540,"Spain"
"547703","22423","REGENCY CAKESTAND 3 TIER",8,"3/24/11 17:10",12.75,12540,"Spain"
"547703","21844","RED RETROSPOT MUG",12,"3/24/11 17:10",2.95,12540,"Spain"
"547703","21874","GIN AND TONIC MUG",12,"3/24/11 17:10",1.25,12540,"Spain"
"547703","21137","BLACK RECORD COVER FRAME",8,"3/24/11 17:10",3.75,12540,"Spain"
"547703","82494L","WOODEN FRAME ANTIQUE WHITE",6,"3/24/11 17:10",2.95,12540,"Spain"
"547703","21080","SET/20 RED RETROSPOT PAPER NAPKINS",12,"3/24/11 17:10",0.85,12540,"Spain"
"547703","22991","GIRAFFE WOODEN RULER",12,"3/24/11 17:10",1.95,12540,"Spain"
"547703","21843","RED RETROSPOT CAKE STAND",10,"3/24/11 17:10",10.95,12540,"Spain"
"547703","21340","CLASSIC METAL BIRDCAGE PLANT HOLDER",8,"3/24/11 17:10",9.95,12540,"Spain"
"547703","84879","ASSORTED COLOUR BIRD ORNAMENT",40,"3/24/11 17:10",1.69,12540,"Spain"
"547703","21164","HOME SWEET HOME METAL SIGN",12,"3/24/11 17:10",2.95,12540,"Spain"
"547703","22077","6 RIBBONS RUSTIC CHARM",24,"3/24/11 17:10",1.65,12540,"Spain"
"547703","85049C","ROMANTIC PINKS RIBBONS",12,"3/24/11 17:10",1.25,12540,"Spain"
"547703","85049D","BRIGHT BLUES RIBBONS",12,"3/24/11 17:10",1.25,12540,"Spain"
"547703","85049G","CHOCOLATE BOX RIBBONS",12,"3/24/11 17:10",1.25,12540,"Spain"
"547703","85049H","URBAN BLACK RIBBONS",12,"3/24/11 17:10",1.25,12540,"Spain"
"547703","21668","RED STRIPE CERAMIC DRAWER KNOB",12,"3/24/11 17:10",1.25,12540,"Spain"
"547703","21669","BLUE STRIPE CERAMIC DRAWER KNOB",12,"3/24/11 17:10",1.25,12540,"Spain"
"547703","21671","RED SPOT CERAMIC DRAWER KNOB",12,"3/24/11 17:10",1.25,12540,"Spain"
"547703","21670","BLUE SPOT CERAMIC DRAWER KNOB",12,"3/24/11 17:10",1.25,12540,"Spain"
"547703","22553","PLASTERS IN TIN SKULLS",12,"3/24/11 17:10",1.65,12540,"Spain"
"547703","22556","PLASTERS IN TIN CIRCUS PARADE",12,"3/24/11 17:10",1.65,12540,"Spain"
"547703","POST","POSTAGE",8,"3/24/11 17:10",28,12540,"Spain"
"547704","21621","rcvd be air temp fix for dotcom sit",100,"3/24/11 17:51",0,,"United Kingdom"
"547705","22845","VINTAGE CREAM CAT FOOD CONTAINER",1,"3/24/11 18:20",6.35,14056,"United Kingdom"
"547705","22998","TRAVEL CARD WALLET KEEP CALM",24,"3/24/11 18:20",0.42,14056,"United Kingdom"
"547705","23000","TRAVEL CARD WALLET TRANSPORT",24,"3/24/11 18:20",0.42,14056,"United Kingdom"
"547705","22996","TRAVEL CARD WALLET VINTAGE TICKET",24,"3/24/11 18:20",0.42,14056,"United Kingdom"
"547705","22720","SET OF 3 CAKE TINS PANTRY DESIGN",2,"3/24/11 18:20",4.95,14056,"United Kingdom"
"547705","23194","GYMKHANA TREASURE BOOK BOX",1,"3/24/11 18:20",2.25,14056,"United Kingdom"
"547705","22844","VINTAGE CREAM DOG FOOD CONTAINER",1,"3/24/11 18:20",8.5,14056,"United Kingdom"
"547705","22382","LUNCH BAG SPACEBOY DESIGN",1,"3/24/11 18:20",1.65,14056,"United Kingdom"
"547705","22975","SPACEBOY CHILDRENS EGG CUP",6,"3/24/11 18:20",1.25,14056,"United Kingdom"
"547705","21039","RED RETROSPOT SHOPPING BAG",2,"3/24/11 18:20",2.55,14056,"United Kingdom"
"547705","22558","CLOTHES PEGS RETROSPOT PACK 24",3,"3/24/11 18:20",1.49,14056,"United Kingdom"
"547705","21397","BLUE POLKADOT EGG CUP",12,"3/24/11 18:20",0.39,14056,"United Kingdom"
"547705","21354","TOAST ITS - BEST MUM",16,"3/24/11 18:20",1.25,14056,"United Kingdom"
"547705","21358","TOAST ITS - HAPPY BIRTHDAY",15,"3/24/11 18:20",1.25,14056,"United Kingdom"
"547705","20914","SET/5 RED RETROSPOT LID GLASS BOWLS",5,"3/24/11 18:20",2.95,14056,"United Kingdom"
"547705","22629","SPACEBOY LUNCH BOX",1,"3/24/11 18:20",1.95,14056,"United Kingdom"
"547705","22560","TRADITIONAL MODELLING CLAY",2,"3/24/11 18:20",1.25,14056,"United Kingdom"
"547705","22561","WOODEN SCHOOL COLOURING SET",2,"3/24/11 18:20",1.65,14056,"United Kingdom"
"547705","22726","ALARM CLOCK BAKELIKE GREEN",4,"3/24/11 18:20",3.75,14056,"United Kingdom"
"547705","22727","ALARM CLOCK BAKELIKE RED",4,"3/24/11 18:20",3.75,14056,"United Kingdom"
"547705","22730","ALARM CLOCK BAKELIKE IVORY",1,"3/24/11 18:20",3.75,14056,"United Kingdom"
"547705","22191","IVORY DINER WALL CLOCK",1,"3/24/11 18:20",8.5,14056,"United Kingdom"
"547705","22191","IVORY DINER WALL CLOCK",1,"3/24/11 18:20",8.5,14056,"United Kingdom"
"547705","22191","IVORY DINER WALL CLOCK",1,"3/24/11 18:20",8.5,14056,"United Kingdom"
"547705","22722","SET OF 6 SPICE TINS PANTRY DESIGN",1,"3/24/11 18:20",3.95,14056,"United Kingdom"
"547705","22722","SET OF 6 SPICE TINS PANTRY DESIGN",1,"3/24/11 18:20",3.95,14056,"United Kingdom"
"547705","22722","SET OF 6 SPICE TINS PANTRY DESIGN",1,"3/24/11 18:20",3.95,14056,"United Kingdom"
"547705","22378","WALL TIDY RETROSPOT",3,"3/24/11 18:20",2.1,14056,"United Kingdom"
"547705","22467","GUMBALL COAT RACK",4,"3/24/11 18:20",2.55,14056,"United Kingdom"
"547706","22900","SET 2 TEA TOWELS I LOVE LONDON",600,"3/24/11 18:25",2.32,12901,"United Kingdom"
"547706","22659","LUNCH BOX I LOVE LONDON",400,"3/24/11 18:25",1.65,12901,"United Kingdom"
"547706","22970","LONDON BUS COFFEE MUG",108,"3/24/11 18:25",2.1,12901,"United Kingdom"
"547707","22659","LUNCH BOX I LOVE LONDON",300,"3/24/11 18:28",1.95,18008,"United Kingdom"
"547708","22479","DAISY GARDEN MARKER",360,"3/24/11 18:34",1.48,17450,"United Kingdom"
"547708","22478","BIRDHOUSE GARDEN MARKER",360,"3/24/11 18:34",1.48,17450,"United Kingdom"
"547708","22477","WATERING CAN GARDEN MARKER",360,"3/24/11 18:34",1.48,17450,"United Kingdom"
"547708","22458","CAST IRON HOOK GARDEN FORK",324,"3/24/11 18:34",2.69,17450,"United Kingdom"
"547708","21897","POTTING SHED CANDLE CITRONELLA",342,"3/24/11 18:34",3.21,17450,"United Kingdom"
"547708","21898","POTTING SHED ROSE CANDLE",378,"3/24/11 18:34",3.21,17450,"United Kingdom"
"547708","21876","POTTERING MUG",432,"3/24/11 18:34",1.48,17450,"United Kingdom"
"547708","21896","POTTING SHED TWINE",432,"3/24/11 18:34",2.4,17450,"United Kingdom"
"547708","82551","LAUNDRY 15C METAL SIGN",288,"3/24/11 18:34",1.7,17450,"United Kingdom"
"547708","82552","WASHROOM METAL SIGN",288,"3/24/11 18:34",1.7,17450,"United Kingdom"
"547708","21259","VICTORIAN SEWING BOX SMALL",192,"3/24/11 18:34",6,17450,"United Kingdom"
"547708","85066","CREAM SWEETHEART MINI CHEST",160,"3/24/11 18:34",12.98,17450,"United Kingdom"
"547708","22459","CAST IRON HOOK GARDEN TROWEL",252,"3/24/11 18:34",2.69,17450,"United Kingdom"
"547709","48187","DOORMAT NEW ENGLAND",2,"3/24/11 18:43",7.95,18109,"United Kingdom"
"547709","22507","MEMO BOARD RETROSPOT  DESIGN",1,"3/24/11 18:43",4.95,18109,"United Kingdom"
"547709","21218","RED SPOTTY BISCUIT TIN",2,"3/24/11 18:43",3.75,18109,"United Kingdom"
"547709","21340","CLASSIC METAL BIRDCAGE PLANT HOLDER",1,"3/24/11 18:43",12.75,18109,"United Kingdom"
"547709","22722","SET OF 6 SPICE TINS PANTRY DESIGN",2,"3/24/11 18:43",3.95,18109,"United Kingdom"
"547709","22150","3 STRIPEY MICE FELTCRAFT",1,"3/24/11 18:43",1.95,18109,"United Kingdom"
"547709","21447","12 IVORY ROSE PEG PLACE SETTINGS",3,"3/24/11 18:43",1.25,18109,"United Kingdom"
"547709","21446","12 RED ROSE PEG PLACE SETTINGS",2,"3/24/11 18:43",1.25,18109,"United Kingdom"
"547709","84849D","HOT BATHS SOAP HOLDER",2,"3/24/11 18:43",1.69,18109,"United Kingdom"
"547709","22961","JAM MAKING SET PRINTED",2,"3/24/11 18:43",1.45,18109,"United Kingdom"
"547709","85066","CREAM SWEETHEART MINI CHEST",2,"3/24/11 18:43",12.75,18109,"United Kingdom"
"547709","82484","WOOD BLACK BOARD ANT WHITE FINISH",2,"3/24/11 18:43",7.9,18109,"United Kingdom"
"547709","22457","NATURAL SLATE HEART CHALKBOARD",1,"3/24/11 18:43",2.95,18109,"United Kingdom"
"547709","85123A","WHITE HANGING HEART T-LIGHT HOLDER",6,"3/24/11 18:43",2.95,18109,"United Kingdom"
"547709","22189","CREAM HEART CARD HOLDER",3,"3/24/11 18:43",3.95,18109,"United Kingdom"
"547709","22855","FINE WICKER HEART",2,"3/24/11 18:43",1.25,18109,"United Kingdom"
"547709","82486","WOOD S/3 CABINET ANT WHITE FINISH",1,"3/24/11 18:43",8.95,18109,"United Kingdom"
"547709","22666","RECIPE BOX PANTRY YELLOW DESIGN",2,"3/24/11 18:43",2.95,18109,"United Kingdom"
"547709","22667","RECIPE BOX RETROSPOT",1,"3/24/11 18:43",2.95,18109,"United Kingdom"
"547709","22667","RECIPE BOX RETROSPOT",2,"3/24/11 18:43",2.95,18109,"United Kingdom"
"547709","21259","VICTORIAN SEWING BOX SMALL",1,"3/24/11 18:43",5.95,18109,"United Kingdom"
"547709","21216","SET 3 RETROSPOT TEA,COFFEE,SUGAR",2,"3/24/11 18:43",4.95,18109,"United Kingdom"
"547709","22720","SET OF 3 CAKE TINS PANTRY DESIGN",2,"3/24/11 18:43",4.95,18109,"United Kingdom"
"547709","21446","12 RED ROSE PEG PLACE SETTINGS",1,"3/24/11 18:43",1.25,18109,"United Kingdom"
"547709","22639","SET OF 4 NAPKIN CHARMS HEARTS",3,"3/24/11 18:43",2.55,18109,"United Kingdom"
"547709","22604","SET OF 4 NAPKIN CHARMS CUTLERY",3,"3/24/11 18:43",2.55,18109,"United Kingdom"
"547709","21340","CLASSIC METAL BIRDCAGE PLANT HOLDER",1,"3/24/11 18:43",12.75,18109,"United Kingdom"
"547709","22169","FAMILY ALBUM WHITE PICTURE FRAME",8,"3/24/11 18:43",7.65,18109,"United Kingdom"
"C547710","21626","VINTAGE UNION JACK PENNANT",-2,"3/24/11 19:27",1.95,14875,"United Kingdom"
"547712","84360","TABLE LAMP WHITE SHADE WOOD BASE",5,"3/24/11 19:31",5.95,16905,"United Kingdom"
"547712","84358","FLOOR LAMP SHADE WOOD BASE",4,"3/24/11 19:31",8.49,16905,"United Kingdom"
"547712","22846","BREAD BIN DINER STYLE RED",1,"3/24/11 19:31",16.95,16905,"United Kingdom"
"547712","22699","ROSES REGENCY TEACUP AND SAUCER",1,"3/24/11 19:31",2.95,16905,"United Kingdom"
"547712","22699","ROSES REGENCY TEACUP AND SAUCER",1,"3/24/11 19:31",2.95,16905,"United Kingdom"
"547712","22699","ROSES REGENCY TEACUP AND SAUCER",1,"3/24/11 19:31",2.95,16905,"United Kingdom"
"547712","22699","ROSES REGENCY TEACUP AND SAUCER",1,"3/24/11 19:31",2.95,16905,"United Kingdom"
"547712","22270","HAPPY EASTER HANGING DECORATION",1,"3/24/11 19:31",3.75,16905,"United Kingdom"
"547712","22697","GREEN REGENCY TEACUP AND SAUCER",1,"3/24/11 19:31",2.95,16905,"United Kingdom"
"547712","22698","PINK REGENCY TEACUP AND SAUCER",1,"3/24/11 19:31",2.95,16905,"United Kingdom"
"547712","22697","GREEN REGENCY TEACUP AND SAUCER",1,"3/24/11 19:31",2.95,16905,"United Kingdom"
"547712","22699","ROSES REGENCY TEACUP AND SAUCER",1,"3/24/11 19:31",2.95,16905,"United Kingdom"
"547712","22697","GREEN REGENCY TEACUP AND SAUCER",4,"3/24/11 19:31",2.95,16905,"United Kingdom"
"547712","15056BL","EDWARDIAN PARASOL BLACK",1,"3/24/11 19:31",5.95,16905,"United Kingdom"
"547712","20679","EDWARDIAN PARASOL RED",1,"3/24/11 19:31",5.95,16905,"United Kingdom"
"547712","84879","ASSORTED COLOUR BIRD ORNAMENT",8,"3/24/11 19:31",1.69,16905,"United Kingdom"
"547712","20828","GLITTER BUTTERFLY CLIPS",2,"3/24/11 19:31",2.55,16905,"United Kingdom"
"547712","22297","HEART IVORY TRELLIS SMALL",6,"3/24/11 19:31",1.25,16905,"United Kingdom"
"547712","22296","HEART IVORY TRELLIS LARGE",8,"3/24/11 19:31",1.65,16905,"United Kingdom"
"547712","22423","REGENCY CAKESTAND 3 TIER",3,"3/24/11 19:31",12.75,16905,"United Kingdom"
"547712","22766","PHOTO FRAME CORNICE",2,"3/24/11 19:31",2.95,16905,"United Kingdom"
"547712","22626","BLACK KITCHEN SCALES",1,"3/24/11 19:31",8.5,16905,"United Kingdom"
"547712","22666","RECIPE BOX PANTRY YELLOW DESIGN",2,"3/24/11 19:31",2.95,16905,"United Kingdom"
"547712","22667","RECIPE BOX RETROSPOT",1,"3/24/11 19:31",2.95,16905,"United Kingdom"
"547712","22084","PAPER CHAIN KIT EMPIRE",7,"3/24/11 19:31",2.95,16905,"United Kingdom"
"547712","22499","WOODEN UNION JACK BUNTING",4,"3/24/11 19:31",5.95,16905,"United Kingdom"
"547712","22849","BREAD BIN DINER STYLE MINT",1,"3/24/11 19:31",16.95,16905,"United Kingdom"
"547712","22626","BLACK KITCHEN SCALES",1,"3/24/11 19:31",8.5,16905,"United Kingdom"
"547712","22191","IVORY DINER WALL CLOCK",1,"3/24/11 19:31",8.5,16905,"United Kingdom"
"547712","22193","RED DINER WALL CLOCK",1,"3/24/11 19:31",8.5,16905,"United Kingdom"
"547712","22191","IVORY DINER WALL CLOCK",1,"3/24/11 19:31",8.5,16905,"United Kingdom"
"547712","22194","BLACK DINER WALL CLOCK",1,"3/24/11 19:31",8.5,16905,"United Kingdom"
"547712","82483","WOOD 2 DRAWER CABINET WHITE FINISH",2,"3/24/11 19:31",6.95,16905,"United Kingdom"
"547712","85066","CREAM SWEETHEART MINI CHEST",1,"3/24/11 19:31",12.75,16905,"United Kingdom"
"547712","82486","WOOD S/3 CABINET ANT WHITE FINISH",2,"3/24/11 19:31",8.95,16905,"United Kingdom"
"C547711","22692","DOORMAT WELCOME TO OUR HOME",-1,"3/24/11 19:31",7.95,13534,"United Kingdom"
"547713","85123A","WHITE HANGING HEART T-LIGHT HOLDER",6,"3/25/11 8:41",2.95,16458,"United Kingdom"
"547713","22356","CHARLOTTE BAG PINK POLKADOT",10,"3/25/11 8:41",0.85,16458,"United Kingdom"
"547713","22661","CHARLOTTE BAG DOLLY GIRL DESIGN",10,"3/25/11 8:41",0.85,16458,"United Kingdom"
"547713","22355","CHARLOTTE BAG SUKI DESIGN",10,"3/25/11 8:41",0.85,16458,"United Kingdom"
"547713","20724","RED RETROSPOT CHARLOTTE BAG",10,"3/25/11 8:41",0.85,16458,"United Kingdom"
"547713","20723","STRAWBERRY CHARLOTTE BAG",10,"3/25/11 8:41",0.85,16458,"United Kingdom"
"547713","21929","JUMBO BAG PINK VINTAGE PAISLEY",10,"3/25/11 8:41",1.95,16458,"United Kingdom"
"547713","21931","JUMBO STORAGE BAG SUKI",10,"3/25/11 8:41",1.95,16458,"United Kingdom"
"547713","22386","JUMBO BAG PINK POLKADOT",10,"3/25/11 8:41",1.95,16458,"United Kingdom"
"547713","85099F","JUMBO BAG STRAWBERRY",10,"3/25/11 8:41",1.95,16458,"United Kingdom"
"547713","85099B","JUMBO BAG RED RETROSPOT",10,"3/25/11 8:41",1.95,16458,"United Kingdom"
"547714","23077","DOUGHNUT LIP GLOSS",100,"3/25/11 8:43",1.25,15815,"United Kingdom"
"547714","20750","RED RETROSPOT MINI CASES",2,"3/25/11 8:43",7.95,15815,"United Kingdom"
"547714","20749","ASSORTED COLOUR MINI CASES",2,"3/25/11 8:43",7.95,15815,"United Kingdom"
"547714","22550","HOLIDAY FUN LUDO",12,"3/25/11 8:43",3.75,15815,"United Kingdom"
"547714","21914","BLUE HARMONICA IN BOX",36,"3/25/11 8:43",1.25,15815,"United Kingdom"
"547714","21912","VINTAGE SNAKES & LADDERS",12,"3/25/11 8:43",3.75,15815,"United Kingdom"
"547714","21888","BINGO SET",12,"3/25/11 8:43",3.75,15815,"United Kingdom"
"547714","21790","VINTAGE SNAP CARDS",12,"3/25/11 8:43",0.85,15815,"United Kingdom"
"547714","20978","36 PENCILS TUBE SKULLS",32,"3/25/11 8:43",1.25,15815,"United Kingdom"
"547714","20979","36 PENCILS TUBE RED RETROSPOT",32,"3/25/11 8:43",1.25,15815,"United Kingdom"
"547715","84531B","BLUE KNITTED EGG COSY",6,"3/25/11 8:50",0.39,12520,"Germany"
"547715","84531A","PINK KNITTED EGG COSY",12,"3/25/11 8:50",0.39,12520,"Germany"
"547715","22555","PLASTERS IN TIN STRONGMAN",12,"3/25/11 8:50",1.65,12520,"Germany"
"547715","22977","DOLLY GIRL CHILDRENS EGG CUP",12,"3/25/11 8:50",1.25,12520,"Germany"
"547715","22975","SPACEBOY CHILDRENS EGG CUP",12,"3/25/11 8:50",1.25,12520,"Germany"
"547715","85027L","FRENCH CHATEAU LARGE PLATTER",6,"3/25/11 8:50",1.95,12520,"Germany"
"547715","20998","ROSE DU SUD OVEN GLOVE",6,"3/25/11 8:50",2.95,12520,"Germany"
"547715","22030","SWALLOWS GREETING CARD",12,"3/25/11 8:50",0.42,12520,"Germany"
"547715","22983","CARD BILLBOARD FONT",12,"3/25/11 8:50",0.42,12520,"Germany"
"547715","47566","PARTY BUNTING",4,"3/25/11 8:50",4.95,12520,"Germany"
"547715","21238","RED RETROSPOT CUP",8,"3/25/11 8:50",0.85,12520,"Germany"
"547715","21843","RED RETROSPOT CAKE STAND",2,"3/25/11 8:50",10.95,12520,"Germany"
"547715","22389","PAPERWEIGHT SAVE THE PLANET",6,"3/25/11 8:50",2.55,12520,"Germany"
"547715","22423","REGENCY CAKESTAND 3 TIER",2,"3/25/11 8:50",12.75,12520,"Germany"
"547715","22221","CAKE STAND LOVEBIRD 2 TIER PINK",2,"3/25/11 8:50",9.95,12520,"Germany"
"547715","21508","VINTAGE KID DOLLY CARD",12,"3/25/11 8:50",0.42,12520,"Germany"
"547715","POST","POSTAGE",2,"3/25/11 8:50",18,12520,"Germany"
"547716","22719","GUMBALL MONOCHROME COAT RACK",12,"3/25/11 8:52",1.25,16833,"United Kingdom"
"547716","84279B","CHERRY BLOSSOM DECORATIVE FLASK",4,"3/25/11 8:52",3.75,16833,"United Kingdom"
"547716","22084","PAPER CHAIN KIT EMPIRE",15,"3/25/11 8:52",2.95,16833,"United Kingdom"
"547716","22358","KINGS CHOICE TEA CADDY",6,"3/25/11 8:52",2.95,16833,"United Kingdom"
"547716","21430","SET/3 RED GINGHAM ROSE STORAGE BOX",4,"3/25/11 8:52",3.75,16833,"United Kingdom"
"547716","21137","BLACK RECORD COVER FRAME",24,"3/25/11 8:52",3.39,16833,"United Kingdom"
"547716","22041","RECORD FRAME 7"" SINGLE SIZE",12,"3/25/11 8:52",2.55,16833,"United Kingdom"
"547716","84692","BOX OF 24 COCKTAIL PARASOLS",25,"3/25/11 8:52",0.42,16833,"United Kingdom"
"547716","22115","METAL SIGN EMPIRE TEA",6,"3/25/11 8:52",2.95,16833,"United Kingdom"
"547716","47590A","BLUE HAPPY BIRTHDAY BUNTING",6,"3/25/11 8:52",5.45,16833,"United Kingdom"
"547716","22502","PICNIC BASKET WICKER SMALL",4,"3/25/11 8:52",5.95,16833,"United Kingdom"
"547716","21716","BOYS VINTAGE TIN SEASIDE BUCKET",8,"3/25/11 8:52",2.55,16833,"United Kingdom"
"547716","21715","GIRLS VINTAGE TIN SEASIDE BUCKET",8,"3/25/11 8:52",2.55,16833,"United Kingdom"
"547717","21172","PARTY METAL SIGN",12,"3/25/11 8:53",1.45,16833,"United Kingdom"
"547718","22702","BLACK AND WHITE CAT BOWL",24,"3/25/11 9:39",2.4,17450,"United Kingdom"
"547719","22423","REGENCY CAKESTAND 3 TIER",6,"3/25/11 10:05",12.75,14404,"United Kingdom"
"547719","20725","LUNCH BAG RED RETROSPOT",30,"3/25/11 10:05",1.65,14404,"United Kingdom"
"547719","22662","LUNCH BAG DOLLY GIRL DESIGN",20,"3/25/11 10:05",1.65,14404,"United Kingdom"
"547719","22383","LUNCH BAG SUKI DESIGN",30,"3/25/11 10:05",1.65,14404,"United Kingdom"
"547719","20728","LUNCH BAG CARS BLUE",20,"3/25/11 10:05",1.65,14404,"United Kingdom"
"547719","20727","LUNCH BAG  BLACK SKULL.",20,"3/25/11 10:05",1.65,14404,"United Kingdom"
"547719","22382","LUNCH BAG SPACEBOY DESIGN",10,"3/25/11 10:05",1.65,14404,"United Kingdom"
"547719","20726","LUNCH BAG WOODLAND",10,"3/25/11 10:05",1.65,14404,"United Kingdom"
"547720","22829","SWEETHEART WIRE WALL TIDY",2,"3/25/11 10:08",9.95,14209,"United Kingdom"
"547720","22832","BROCANTE SHELF WITH HOOKS",2,"3/25/11 10:08",10.75,14209,"United Kingdom"
"547720","22788","BROCANTE COAT RACK",4,"3/25/11 10:08",9.95,14209,"United Kingdom"
"547720","84509A","SET OF 4 ENGLISH ROSE PLACEMATS",4,"3/25/11 10:08",3.75,14209,"United Kingdom"
"547720","22169","FAMILY ALBUM WHITE PICTURE FRAME",4,"3/25/11 10:08",8.5,14209,"United Kingdom"
"547720","22789","T-LIGHT HOLDER SWEETHEART HANGING",16,"3/25/11 10:08",1.95,14209,"United Kingdom"
"547720","21733","RED HANGING HEART T-LIGHT HOLDER",6,"3/25/11 10:08",2.95,14209,"United Kingdom"
"547720","22171","3 HOOK PHOTO SHELF ANTIQUE WHITE",4,"3/25/11 10:08",8.5,14209,"United Kingdom"
"547720","22487","WHITE WOOD GARDEN PLANT LADDER",1,"3/25/11 10:08",9.95,14209,"United Kingdom"
"547720","22170","PICTURE FRAME WOOD TRIPLE PORTRAIT",4,"3/25/11 10:08",6.75,14209,"United Kingdom"
"547720","82494L","WOODEN FRAME ANTIQUE WHITE",6,"3/25/11 10:08",2.95,14209,"United Kingdom"
"547720","82482","WOODEN PICTURE FRAME WHITE FINISH",6,"3/25/11 10:08",2.55,14209,"United Kingdom"
"547720","22784","LANTERN CREAM GAZEBO",3,"3/25/11 10:08",4.95,14209,"United Kingdom"
"547720","22804","CANDLEHOLDER PINK HANGING HEART",6,"3/25/11 10:08",2.95,14209,"United Kingdom"
"547720","22173","METAL 4 HOOK HANGER FRENCH CHATEAU",8,"3/25/11 10:08",2.95,14209,"United Kingdom"
"547720","22762","CUPBOARD 3 DRAWER MA CAMPAGNE",1,"3/25/11 10:08",14.95,14209,"United Kingdom"
"547720","22763","KEY CABINET MA CAMPAGNE",2,"3/25/11 10:08",9.95,14209,"United Kingdom"
"547720","22770","MIRROR CORNICE",1,"3/25/11 10:08",14.95,14209,"United Kingdom"
"547720","82484","WOOD BLACK BOARD ANT WHITE FINISH",4,"3/25/11 10:08",7.9,14209,"United Kingdom"
"547721","22720","SET OF 3 CAKE TINS PANTRY DESIGN",3,"3/25/11 10:14",4.95,13000,"United Kingdom"
"547721","22990","COTTON APRON PANTRY DESIGN",4,"3/25/11 10:14",4.95,13000,"United Kingdom"
"547721","22939","APRON APPLE DELIGHT",4,"3/25/11 10:14",4.95,13000,"United Kingdom"
"547721","22896","PEG BAG APPLES DESIGN",6,"3/25/11 10:14",2.55,13000,"United Kingdom"
"547721","21155","RED RETROSPOT PEG BAG",6,"3/25/11 10:14",2.55,13000,"United Kingdom"
"547721","37475","SET/4 COLOURFUL MIXING BOWLS",1,"3/25/11 10:14",9.95,13000,"United Kingdom"
"547721","21080","SET/20 RED RETROSPOT PAPER NAPKINS",12,"3/25/11 10:14",0.85,13000,"United Kingdom"
"547721","21078","SET/20 STRAWBERRY PAPER NAPKINS",12,"3/25/11 10:14",0.85,13000,"United Kingdom"
"547721","85123A","WHITE HANGING HEART T-LIGHT HOLDER",6,"3/25/11 10:14",2.95,13000,"United Kingdom"
"547721","22892","SET OF SALT AND PEPPER TOADSTOOLS",12,"3/25/11 10:14",1.25,13000,"United Kingdom"
"547721","21402","RED  EGG  SPOON",24,"3/25/11 10:14",0.12,13000,"United Kingdom"
"547721","21403","BLUE EGG  SPOON",24,"3/25/11 10:14",0.12,13000,"United Kingdom"
"547721","21397","BLUE POLKADOT EGG CUP",48,"3/25/11 10:14",0.39,13000,"United Kingdom"
"547721","22722","SET OF 6 SPICE TINS PANTRY DESIGN",4,"3/25/11 10:14",3.95,13000,"United Kingdom"
"547721","22907","PACK OF 20 NAPKINS PANTRY DESIGN",12,"3/25/11 10:14",0.85,13000,"United Kingdom"
"547721","22897","OVEN MITT APPLES DESIGN",10,"3/25/11 10:14",1.45,13000,"United Kingdom"
"547721","22898","CHILDRENS APRON APPLES DESIGN",8,"3/25/11 10:14",1.95,13000,"United Kingdom"
"547721","20975","12 PENCILS SMALL TUBE RED RETROSPOT",24,"3/25/11 10:14",0.65,13000,"United Kingdom"
"547721","21154","RED RETROSPOT OVEN GLOVE",10,"3/25/11 10:14",1.25,13000,"United Kingdom"
"547722","20973","12 PENCIL SMALL TUBE WOODLAND",24,"3/25/11 10:19",0.65,12553,"France"
"547722","20725","LUNCH BAG RED RETROSPOT",10,"3/25/11 10:19",1.65,12553,"France"
"547722","15056BL","EDWARDIAN PARASOL BLACK",3,"3/25/11 10:19",5.95,12553,"France"
"547722","51014L","FEATHER PEN,LIGHT PINK",12,"3/25/11 10:19",0.85,12553,"France"
"547722","22621","TRADITIONAL KNITTING NANCY",12,"3/25/11 10:19",1.45,12553,"France"
"547722","21056","DOCTOR'S BAG SOFT TOY",2,"3/25/11 10:19",8.95,12553,"France"
"547722","22331","WOODLAND PARTY BAG + STICKER SET",8,"3/25/11 10:19",1.65,12553,"France"
"547722","22333","RETROSPOT PARTY BAG + STICKER SET",8,"3/25/11 10:19",1.65,12553,"France"
"547722","21094","SET/6 RED SPOTTY PAPER PLATES",12,"3/25/11 10:19",0.85,12553,"France"
"547722","21080","SET/20 RED RETROSPOT PAPER NAPKINS",24,"3/25/11 10:19",0.85,12553,"France"
"547722","21086","SET/6 RED SPOTTY PAPER CUPS",12,"3/25/11 10:19",0.65,12553,"France"
"547722","21084","SET/6 COLLAGE PAPER CUPS",12,"3/25/11 10:19",0.65,12553,"France"
"547722","21090","SET/6 COLLAGE PAPER PLATES",12,"3/25/11 10:19",0.85,12553,"France"
"547722","20712","JUMBO BAG WOODLAND ANIMALS",10,"3/25/11 10:19",1.95,12553,"France"
"547722","84077","WORLD WAR 2 GLIDERS ASSTD DESIGNS",48,"3/25/11 10:19",0.29,12553,"France"
"547722","22352","LUNCH BOX WITH CUTLERY RETROSPOT",6,"3/25/11 10:19",2.55,12553,"France"
"547722","84997B","CHILDRENS CUTLERY RETROSPOT RED",4,"3/25/11 10:19",4.15,12553,"France"
"547722","22957","SET 3 PAPER VINTAGE CHICK PAPER EGG",6,"3/25/11 10:19",2.95,12553,"France"
"547722","21219","SET/4 BADGES BALLOON GIRL",10,"3/25/11 10:19",1.25,12553,"France"
"547722","20724","RED RETROSPOT CHARLOTTE BAG",10,"3/25/11 10:19",0.85,12553,"France"
"547722","84997D","CHILDRENS CUTLERY POLKADOT PINK",4,"3/25/11 10:19",4.15,12553,"France"
"547722","22029","SPACEBOY BIRTHDAY CARD",12,"3/25/11 10:19",0.42,12553,"France"
"547722","POST","POSTAGE",3,"3/25/11 10:19",18,12553,"France"
"547723","22992","REVOLVER WOODEN RULER",1,"3/25/11 10:39",1.95,,"United Kingdom"
"547723","22428","ENAMEL FIRE BUCKET CREAM",2,"3/25/11 10:39",6.95,,"United Kingdom"
"547724","82613B","METAL SIGN,CUPCAKE SINGLE HOOK",8,"3/25/11 10:42",1.25,13468,"United Kingdom"
"547724","75049L","LARGE CIRCULAR MIRROR MOBILE",6,"3/25/11 10:42",1.25,13468,"United Kingdom"
"547724","47585A","PINK FAIRY CAKE CUSHION COVER",4,"3/25/11 10:42",3.75,13468,"United Kingdom"
"547724","84510A","SET OF 4 ENGLISH ROSE COASTERS",10,"3/25/11 10:42",1.25,13468,"United Kingdom"
"547724","82486","WOOD S/3 CABINET ANT WHITE FINISH",2,"3/25/11 10:42",8.95,13468,"United Kingdom"
"547724","37449","CERAMIC CAKE STAND + HANGING CAKES",2,"3/25/11 10:42",9.95,13468,"United Kingdom"
"547724","22061","LARGE CAKE STAND  HANGING STRAWBERY",2,"3/25/11 10:42",9.95,13468,"United Kingdom"
"C547725","22924","FRIDGE MAGNETS LA VIE EN ROSE",-72,"3/25/11 10:43",0.85,,"United Kingdom"
"C547725","84929","ASSTD FRUIT+FLOWERS FRIDGE MAGNETS",-144,"3/25/11 10:43",0.55,,"United Kingdom"
"C547725","84929","ASSTD FRUIT+FLOWERS FRIDGE MAGNETS",-144,"3/25/11 10:43",0.55,,"United Kingdom"
"C547725","84879","ASSORTED COLOUR BIRD ORNAMENT",-8,"3/25/11 10:43",1.69,,"United Kingdom"
"C547725","23230","WRAP ALPHABET DESIGN",-25,"3/25/11 10:43",0.42,,"United Kingdom"
"C547725","22992","REVOLVER WOODEN RULER",-6,"3/25/11 10:43",1.95,,"United Kingdom"
"C547725","22991","GIRAFFE WOODEN RULER",-6,"3/25/11 10:43",1.95,,"United Kingdom"
"C547725","22948","METAL DECORATION NAUGHTY CHILDREN",-6,"3/25/11 10:43",0.85,,"United Kingdom"
"C547725","22945","CHRISTMAS METAL TAGS ASSORTED",-6,"3/25/11 10:43",0.85,,"United Kingdom"
"C547725","22945","CHRISTMAS METAL TAGS ASSORTED",-72,"3/25/11 10:43",0.85,,"United Kingdom"
"C547725","22924","FRIDGE MAGNETS LA VIE EN ROSE",-72,"3/25/11 10:43",0.85,,"United Kingdom"
"C547725","22922","FRIDGE MAGNETS US DINER ASSORTED",-72,"3/25/11 10:43",0.85,,"United Kingdom"
"C547725","22915","ASSORTED BOTTLE TOP  MAGNETS",-36,"3/25/11 10:43",0.42,,"United Kingdom"
"C547725","22906","12 MESSAGE CARDS WITH ENVELOPES",-1,"3/25/11 10:43",1.65,,"United Kingdom"
"C547725","22711","WRAP CIRCUS PARADE",-25,"3/25/11 10:43",0.42,,"United Kingdom"
"C547725","22710","WRAP I LOVE LONDON",-25,"3/25/11 10:43",0.42,,"United Kingdom"
"C547725","22403","MAGNETS PACK OF 4 VINTAGE LABELS",-6,"3/25/11 10:43",1.25,,"United Kingdom"
"C547725","22402","MAGNETS PACK OF 4 VINTAGE COLLAGE",-6,"3/25/11 10:43",1.25,,"United Kingdom"
"C547725","22399","MAGNETS PACK OF 4 CHILDHOOD MEMORY",-6,"3/25/11 10:43",1.25,,"United Kingdom"
"C547725","22398","MAGNETS PACK OF 4 SWALLOWS",-1,"3/25/11 10:43",1.25,,"United Kingdom"
"C547725","22398","MAGNETS PACK OF 4 SWALLOWS",-5,"3/25/11 10:43",1.25,,"United Kingdom"
"C547725","22396","MAGNETS PACK OF 4 RETRO PHOTO",-6,"3/25/11 10:43",1.25,,"United Kingdom"
"C547725","22052","VINTAGE CARAVAN GIFT WRAP",-25,"3/25/11 10:43",0.42,,"United Kingdom"
"C547725","22045","SPACEBOY GIFT WRAP",-25,"3/25/11 10:43",0.42,,"United Kingdom"
"C547725","21902","KEY FOB , FRONT  DOOR",-1,"3/25/11 10:43",0.65,,"United Kingdom"
"C547725","21224","SET/4 SKULL BADGES",-6,"3/25/11 10:43",1.25,,"United Kingdom"
"C547725","21135","VICTORIAN  METAL POSTCARD SPRING",-4,"3/25/11 10:43",1.69,,"United Kingdom"
"547726","72760B","VINTAGE CREAM 3 BASKET CAKE STAND",16,"3/25/11 10:49",8.49,16029,"United Kingdom"
"547726","85099B","JUMBO BAG RED RETROSPOT",100,"3/25/11 10:49",1.65,16029,"United Kingdom"
"547726","85099F","JUMBO BAG STRAWBERRY",100,"3/25/11 10:49",1.65,16029,"United Kingdom"
"547727","22174","PHOTO CUBE",72,"3/25/11 10:50",1.25,16029,"United Kingdom"
"547727","85150","LADIES & GENTLEMEN METAL SIGN",192,"3/25/11 10:50",1.69,16029,"United Kingdom"
"547727","85152","HAND OVER THE CHOCOLATE   SIGN",96,"3/25/11 10:50",1.53,16029,"United Kingdom"
"547727","21181","PLEASE ONE PERSON METAL SIGN",192,"3/25/11 10:50",1.65,16029,"United Kingdom"
"547728","21181","PLEASE ONE PERSON METAL SIGN",48,"3/25/11 10:51",1.53,16029,"United Kingdom"
"547728","85152","HAND OVER THE CHOCOLATE   SIGN",48,"3/25/11 10:51",1.53,16029,"United Kingdom"
"547729","22752","SET 7 BABUSHKA NESTING BOXES",2,"3/25/11 10:52",8.5,15529,"United Kingdom"
"547729","21935","SUKI  SHOULDER BAG",3,"3/25/11 10:52",1.65,15529,"United Kingdom"
"547729","21936","RED RETROSPOT PICNIC BAG",2,"3/25/11 10:52",2.95,15529,"United Kingdom"
"547729","22467","GUMBALL COAT RACK",2,"3/25/11 10:52",2.55,15529,"United Kingdom"
"547729","22520","CHILDS GARDEN TROWEL BLUE",3,"3/25/11 10:52",0.85,15529,"United Kingdom"
"547729","22521","CHILDS GARDEN TROWEL PINK",3,"3/25/11 10:52",0.85,15529,"United Kingdom"
"547729","22559","SEASIDE FLYING DISC",4,"3/25/11 10:52",1.25,15529,"United Kingdom"
"547729","22436","12 COLOURED PARTY BALLOONS",10,"3/25/11 10:52",0.65,15529,"United Kingdom"
"547729","21577","SAVE THE PLANET COTTON TOTE BAG",3,"3/25/11 10:52",2.25,15529,"United Kingdom"
"547729","10002","INFLATABLE POLITICAL GLOBE",6,"3/25/11 10:52",0.85,15529,"United Kingdom"
"547729","22860","EASTER TIN CHICKS PINK DAISY",1,"3/25/11 10:52",1.65,15529,"United Kingdom"
"547729","22858","EASTER TIN KEEPSAKE",1,"3/25/11 10:52",1.65,15529,"United Kingdom"
"547729","22434","BALLOON PUMP WITH 10 BALLOONS",3,"3/25/11 10:52",1.95,15529,"United Kingdom"
"547729","40016","CHINESE DRAGON PAPER LANTERNS",24,"3/25/11 10:52",0.42,15529,"United Kingdom"
"547729","20682","RED RETROSPOT CHILDRENS UMBRELLA",3,"3/25/11 10:52",3.25,15529,"United Kingdom"
"547729","20713","JUMBO BAG OWLS",1,"3/25/11 10:52",1.95,15529,"United Kingdom"
"547729","21033","JUMBO BAG CHARLIE AND LOLA TOYS",1,"3/25/11 10:52",2.95,15529,"United Kingdom"
"547729","22386","JUMBO BAG PINK POLKADOT",1,"3/25/11 10:52",1.95,15529,"United Kingdom"
"547729","22385","JUMBO BAG SPACEBOY DESIGN",1,"3/25/11 10:52",1.95,15529,"United Kingdom"
"547729","22985","WRAP BILLBOARD FONTS DESIGN",25,"3/25/11 10:52",0.42,15529,"United Kingdom"
"547729","16156S","WRAP PINK FAIRY CAKES",25,"3/25/11 10:52",0.42,15529,"United Kingdom"
"547729","22815","CARD PSYCHEDELIC APPLES",12,"3/25/11 10:52",0.42,15529,"United Kingdom"
"547729","22718","CARD CAT AND TREE",12,"3/25/11 10:52",0.42,15529,"United Kingdom"
"547729","84247N","PACK/12 BLUE FOLKART CARDS",1,"3/25/11 10:52",2.95,15529,"United Kingdom"
"547729","84247K","FOLK ART GREETING CARD,pack/12",1,"3/25/11 10:52",2.95,15529,"United Kingdom"
"547729","84249A","GREETING CARD,SQUARE, DOUGHNUTS",12,"3/25/11 10:52",0.42,15529,"United Kingdom"
"547729","22983","CARD BILLBOARD FONT",12,"3/25/11 10:52",0.42,15529,"United Kingdom"
"547729","21507","ELEPHANT, BIRTHDAY CARD,",12,"3/25/11 10:52",0.42,15529,"United Kingdom"
"547729","21508","VINTAGE KID DOLLY CARD",12,"3/25/11 10:52",0.42,15529,"United Kingdom"
"547729","22717","CARD DOG AND BALL",12,"3/25/11 10:52",0.42,15529,"United Kingdom"
"547729","21506","FANCY FONT BIRTHDAY CARD,",12,"3/25/11 10:52",0.42,15529,"United Kingdom"
"547729","22149","FELTCRAFT 6 FLOWER FRIENDS",3,"3/25/11 10:52",2.1,15529,"United Kingdom"
"547729","21706","FOLDING UMBRELLA RED/WHITE POLKADOT",2,"3/25/11 10:52",4.95,15529,"United Kingdom"
"547729","21711","FOLDING UMBRELLA WHITE/RED POLKADOT",1,"3/25/11 10:52",4.95,15529,"United Kingdom"
"547729","21708","FOLDING UMBRELLA CREAM POLKADOT",2,"3/25/11 10:52",4.95,15529,"United Kingdom"
"547729","21707","FOLDING UMBRELLA BLACKBLUE POLKADOT",2,"3/25/11 10:52",4.95,15529,"United Kingdom"
"547729","21710","FOLDING UMBRELLA PINKWHITE POLKADOT",2,"3/25/11 10:52",4.95,15529,"United Kingdom"
"547729","10125","MINI FUNKY DESIGN TAPES",3,"3/25/11 10:52",0.85,15529,"United Kingdom"
"547729","22659","LUNCH BOX I LOVE LONDON",6,"3/25/11 10:52",1.95,15529,"United Kingdom"
"547729","21878","PACK OF 6 SANDCASTLE FLAGS ASSORTED",6,"3/25/11 10:52",0.85,15529,"United Kingdom"
"547729","21918","SET 12 KIDS COLOUR  CHALK STICKS",6,"3/25/11 10:52",0.42,15529,"United Kingdom"
"547729","85107","CUT GLASS T-LIGHT HOLDER OCTAGON",1,"3/25/11 10:52",2.55,15529,"United Kingdom"
"547729","85106","CUT GLASS HEXAGON T-LIGHT HOLDER",5,"3/25/11 10:52",2.55,15529,"United Kingdom"
"547729","84086C","PINK/PURPLE RETRO RADIO",1,"3/25/11 10:52",2.95,15529,"United Kingdom"
"547729","10125","MINI FUNKY DESIGN TAPES",1,"3/25/11 10:52",0.85,15529,"United Kingdom"
"547729","22999","TRAVEL CARD WALLET RETRO PETALS",4,"3/25/11 10:52",0.42,15529,"United Kingdom"
"547729","23006","TRAVEL CARD WALLET FLOWER MEADOW",3,"3/25/11 10:52",0.42,15529,"United Kingdom"
"547729","20773","BLUE PAISLEY NOTEBOOK",2,"3/25/11 10:52",1.65,15529,"United Kingdom"
"547729","84536B","FAIRY CAKES NOTEBOOK A7 SIZE",6,"3/25/11 10:52",0.42,15529,"United Kingdom"
"547729","22560","TRADITIONAL MODELLING CLAY",6,"3/25/11 10:52",1.25,15529,"United Kingdom"
"547729","22808","SET OF 6 T-LIGHTS EASTER CHICKS",2,"3/25/11 10:52",2.95,15529,"United Kingdom"
"547729","21439","BASKET OF TOADSTOOLS",4,"3/25/11 10:52",1.25,15529,"United Kingdom"
"547729","21976","PACK OF 60 MUSHROOM CAKE CASES",3,"3/25/11 10:52",0.55,15529,"United Kingdom"
"547729","21914","BLUE HARMONICA IN BOX",6,"3/25/11 10:52",1.25,15529,"United Kingdom"
"547729","21718","RED METAL BEACH SPADE",6,"3/25/11 10:52",1.25,15529,"United Kingdom"
"547729","20975","12 PENCILS SMALL TUBE RED RETROSPOT",6,"3/25/11 10:52",0.65,15529,"United Kingdom"
"547729","20973","12 PENCIL SMALL TUBE WOODLAND",6,"3/25/11 10:52",0.65,15529,"United Kingdom"
"547729","21124","SET/10 BLUE POLKADOT PARTY CANDLES",5,"3/25/11 10:52",1.25,15529,"United Kingdom"
"547729","21121","SET/10 RED POLKADOT PARTY CANDLES",5,"3/25/11 10:52",1.25,15529,"United Kingdom"
"547729","21123","SET/10 IVORY POLKADOT PARTY CANDLES",3,"3/25/11 10:52",1.25,15529,"United Kingdom"
"547729","21122","SET/10 PINK POLKADOT PARTY CANDLES",4,"3/25/11 10:52",1.25,15529,"United Kingdom"
"547729","21716","BOYS VINTAGE TIN SEASIDE BUCKET",6,"3/25/11 10:52",2.55,15529,"United Kingdom"
"547729","47566","PARTY BUNTING",4,"3/25/11 10:52",4.95,15529,"United Kingdom"
"547730","22423","REGENCY CAKESTAND 3 TIER",1,"3/25/11 11:01",12.75,14796,"United Kingdom"
"547730","37449","CERAMIC CAKE STAND + HANGING CAKES",1,"3/25/11 11:01",9.95,14796,"United Kingdom"
"547730","22055","MINI CAKE STAND  HANGING STRAWBERY",4,"3/25/11 11:01",1.65,14796,"United Kingdom"
"547730","21231","SWEETHEART CERAMIC TRINKET BOX",16,"3/25/11 11:01",1.25,14796,"United Kingdom"
"547730","21232","STRAWBERRY CERAMIC TRINKET BOX",20,"3/25/11 11:01",1.25,14796,"United Kingdom"
"547730","21181","PLEASE ONE PERSON METAL SIGN",2,"3/25/11 11:01",2.1,14796,"United Kingdom"
"547730","21175","GIN + TONIC DIET METAL SIGN",4,"3/25/11 11:01",2.55,14796,"United Kingdom"
"547730","82600","NO SINGING METAL SIGN",4,"3/25/11 11:01",2.1,14796,"United Kingdom"
"547730","85152","HAND OVER THE CHOCOLATE   SIGN",4,"3/25/11 11:01",2.1,14796,"United Kingdom"
"547730","82583","HOT BATHS METAL SIGN",4,"3/25/11 11:01",2.1,14796,"United Kingdom"
"547730","82582","AREA PATROLLED METAL SIGN",2,"3/25/11 11:01",2.1,14796,"United Kingdom"
"547730","21165","BEWARE OF THE CAT METAL SIGN",2,"3/25/11 11:01",1.69,14796,"United Kingdom"
"547730","21166","COOK WITH WINE METAL SIGN",2,"3/25/11 11:01",2.08,14796,"United Kingdom"
"547730","84991","60 TEATIME FAIRY CAKE CASES",2,"3/25/11 11:01",0.55,14796,"United Kingdom"
"547730","22951","60 CAKE CASES DOLLY GIRL DESIGN",2,"3/25/11 11:01",0.55,14796,"United Kingdom"
"547730","22417","PACK OF 60 SPACEBOY CAKE CASES",2,"3/25/11 11:01",0.55,14796,"United Kingdom"
"547730","21977","PACK OF 60 PINK PAISLEY CAKE CASES",4,"3/25/11 11:01",0.55,14796,"United Kingdom"
"547730","21213","PACK OF 72 SKULL CAKE CASES",2,"3/25/11 11:01",0.55,14796,"United Kingdom"
"547730","21975","PACK OF 60 DINOSAUR CAKE CASES",2,"3/25/11 11:01",0.55,14796,"United Kingdom"
"547730","21976","PACK OF 60 MUSHROOM CAKE CASES",2,"3/25/11 11:01",0.55,14796,"United Kingdom"
"547730","23159","SET OF 5 PANCAKE DAY MAGNETS",1,"3/25/11 11:01",2.08,14796,"United Kingdom"
"547730","23154","SET OF 4 JAM JAR MAGNETS",1,"3/25/11 11:01",2.08,14796,"United Kingdom"
"547730","23156","SET OF 5 MINI GROCERY MAGNETS",1,"3/25/11 11:01",2.08,14796,"United Kingdom"
"547730","22966","GINGERBREAD MAN COOKIE CUTTER",3,"3/25/11 11:01",1.25,14796,"United Kingdom"
"547730","22993","SET OF 4 PANTRY JELLY MOULDS",2,"3/25/11 11:01",1.25,14796,"United Kingdom"
"547730","22059","CERAMIC STRAWBERRY DESIGN MUG",8,"3/25/11 11:01",1.49,14796,"United Kingdom"
"547730","22222","CAKE PLATE LOVEBIRD WHITE",1,"3/25/11 11:01",4.95,14796,"United Kingdom"
"547730","23078","ICE CREAM PEN LIP GLOSS",24,"3/25/11 11:01",1.25,14796,"United Kingdom"
"547730","22722","SET OF 6 SPICE TINS PANTRY DESIGN",1,"3/25/11 11:01",3.95,14796,"United Kingdom"
"547730","84596B","SMALL DOLLY MIX DESIGN ORANGE BOWL",2,"3/25/11 11:01",0.42,14796,"United Kingdom"
"547730","22900","SET 2 TEA TOWELS I LOVE LONDON",4,"3/25/11 11:01",2.95,14796,"United Kingdom"
"547730","47559B","TEA TIME OVEN GLOVE",8,"3/25/11 11:01",1.25,14796,"United Kingdom"
"547730","37448","CERAMIC CAKE DESIGN SPOTTED MUG",8,"3/25/11 11:01",1.49,14796,"United Kingdom"
"547730","37447","CERAMIC CAKE DESIGN SPOTTED PLATE",4,"3/25/11 11:01",1.49,14796,"United Kingdom"
"547730","22057","CERAMIC PLATE STRAWBERRY DESIGN",4,"3/25/11 11:01",1.49,14796,"United Kingdom"
"547730","22629","SPACEBOY LUNCH BOX",2,"3/25/11 11:01",1.95,14796,"United Kingdom"
"547730","22659","LUNCH BOX I LOVE LONDON",4,"3/25/11 11:01",1.95,14796,"United Kingdom"
"547730","22630","DOLLY GIRL LUNCH BOX",4,"3/25/11 11:01",1.95,14796,"United Kingdom"
"547730","22067","CHOC TRUFFLE GOLD TRINKET POT",4,"3/25/11 11:01",1.65,14796,"United Kingdom"
"547730","22644","CERAMIC CHERRY CAKE MONEY BANK",4,"3/25/11 11:01",1.45,14796,"United Kingdom"
"547730","22646","CERAMIC STRAWBERRY CAKE MONEY BANK",4,"3/25/11 11:01",1.45,14796,"United Kingdom"
"547730","22645","CERAMIC HEART FAIRY CAKE MONEY BANK",4,"3/25/11 11:01",1.45,14796,"United Kingdom"
"547730","21069","VINTAGE BILLBOARD TEA MUG",6,"3/25/11 11:01",1.25,14796,"United Kingdom"
"547730","21874","GIN AND TONIC MUG",4,"3/25/11 11:01",1.25,14796,"United Kingdom"
"547730","21877","HOME SWEET HOME MUG",6,"3/25/11 11:01",1.25,14796,"United Kingdom"
"547730","23155","KNICKERBOCKERGLORY MAGNET ASSORTED",6,"3/25/11 11:01",0.83,14796,"United Kingdom"
"547730","21870","I CAN ONLY PLEASE ONE PERSON MUG",4,"3/25/11 11:01",1.25,14796,"United Kingdom"
"547730","21068","VINTAGE BILLBOARD LOVE/HATE MUG",2,"3/25/11 11:01",1.25,14796,"United Kingdom"
"547730","21868","POTTING SHED TEA MUG",1,"3/25/11 11:01",1.25,14796,"United Kingdom"
"547730","22064","PINK DOUGHNUT TRINKET POT",8,"3/25/11 11:01",1.65,14796,"United Kingdom"
"547730","22649","STRAWBERRY FAIRY CAKE TEAPOT",3,"3/25/11 11:01",4.95,14796,"United Kingdom"
"547762","21143","ANTIQUE GLASS HEART DECORATION",12,"3/25/11 11:31",1.95,13695,"United Kingdom"
"547762","21135","VICTORIAN  METAL POSTCARD SPRING",8,"3/25/11 11:31",1.69,13695,"United Kingdom"
"547762","84879","ASSORTED COLOUR BIRD ORNAMENT",8,"3/25/11 11:31",1.69,13695,"United Kingdom"
"547762","22178","VICTORIAN GLASS HANGING T-LIGHT",12,"3/25/11 11:31",1.25,13695,"United Kingdom"
"547762","22457","NATURAL SLATE HEART CHALKBOARD",6,"3/25/11 11:31",2.95,13695,"United Kingdom"
"C547763","22963","JAM JAR WITH GREEN LID",-12,"3/25/11 11:31",0.85,14194,"United Kingdom"
"C547763","22666","RECIPE BOX PANTRY YELLOW DESIGN",-3,"3/25/11 11:31",2.95,14194,"United Kingdom"
"C547763","85150","LADIES & GENTLEMEN METAL SIGN",-1,"3/25/11 11:31",2.55,14194,"United Kingdom"
"C547763","23182","TOILET SIGN OCCUPIED OR VACANT",-1,"3/25/11 11:31",0.83,14194,"United Kingdom"
"C547763","21259","VICTORIAN SEWING BOX SMALL",-1,"3/25/11 11:31",5.95,14194,"United Kingdom"
"547772","22421","LIPSTICK PEN FUSCHIA",1,"3/25/11 11:34",0.42,17979,"United Kingdom"
"547772","90014B","GOLD M PEARL  ORBIT NECKLACE",2,"3/25/11 11:34",9.95,17979,"United Kingdom"
"547772","21688","SILVER PLATE CANDLE BOWL SMALL",1,"3/25/11 11:34",2.95,17979,"United Kingdom"
"547772","21689","SILVER VANILLA  FLOWER CANDLE POT",1,"3/25/11 11:34",3.75,17979,"United Kingdom"
"547772","22634","CHILDS BREAKFAST SET SPACEBOY",2,"3/25/11 11:34",9.95,17979,"United Kingdom"
"547772","22138","BAKING SET 9 PIECE RETROSPOT",2,"3/25/11 11:34",4.95,17979,"United Kingdom"
"547772","20770","ABSTRACT CIRCLE JOURNAL",1,"3/25/11 11:34",2.55,17979,"United Kingdom"
"547772","20767","BLUE PAISLEY JOURNAL",1,"3/25/11 11:34",2.55,17979,"United Kingdom"
"547772","21107","CREAM SLICE FLANNEL PINK SPOT",1,"3/25/11 11:34",2.95,17979,"United Kingdom"
"547772","20727","LUNCH BAG  BLACK SKULL.",2,"3/25/11 11:34",1.65,17979,"United Kingdom"
"547772","22662","LUNCH BAG DOLLY GIRL DESIGN",1,"3/25/11 11:34",1.65,17979,"United Kingdom"
"547772","85099C","JUMBO  BAG BAROQUE BLACK WHITE",1,"3/25/11 11:34",1.95,17979,"United Kingdom"
"547772","21928","JUMBO BAG SCANDINAVIAN BLUE PAISLEY",1,"3/25/11 11:34",1.95,17979,"United Kingdom"
"547772","21888","BINGO SET",3,"3/25/11 11:34",3.75,17979,"United Kingdom"
"547772","84006","MAGIC TREE -PAPER FLOWERS",2,"3/25/11 11:34",0.85,17979,"United Kingdom"
"547772","22439","6 ROCKET BALLOONS",3,"3/25/11 11:34",0.65,17979,"United Kingdom"
"547772","22423","REGENCY CAKESTAND 3 TIER",1,"3/25/11 11:34",12.75,17979,"United Kingdom"
"547772","22553","PLASTERS IN TIN SKULLS",1,"3/25/11 11:34",1.65,17979,"United Kingdom"
"547772","21107","CREAM SLICE FLANNEL PINK SPOT",1,"3/25/11 11:34",2.95,17979,"United Kingdom"
"547772","21625","VINTAGE UNION JACK APRON",1,"3/25/11 11:34",6.95,17979,"United Kingdom"
"547772","22063","CERAMIC BOWL WITH STRAWBERRY DESIGN",1,"3/25/11 11:34",2.95,17979,"United Kingdom"
"547772","22431","WATERING CAN BLUE ELEPHANT",1,"3/25/11 11:34",1.95,17979,"United Kingdom"
"547772","22480","RED TEA TOWEL CLASSIC DESIGN",1,"3/25/11 11:34",1.25,17979,"United Kingdom"
"547772","22113","GREY HEART HOT WATER BOTTLE",1,"3/25/11 11:34",3.75,17979,"United Kingdom"
"547772","22279","POCKET BAG BLUE PAISLEY RED SPOT",2,"3/25/11 11:34",1.25,17979,"United Kingdom"
"547772","22619","SET OF 6 SOLDIER SKITTLES",1,"3/25/11 11:34",3.75,17979,"United Kingdom"
"547772","21949","SET OF 6 STRAWBERRY CHOPSTICKS",1,"3/25/11 11:34",1.25,17979,"United Kingdom"
"547772","22286","DECORATION , WOBBLY RABBIT , METAL",2,"3/25/11 11:34",1.65,17979,"United Kingdom"
"547772","22445","PENCIL CASE LIFE IS BEAUTIFUL",1,"3/25/11 11:34",2.95,17979,"United Kingdom"
"547772","72799E","IVORY PILLAR CANDLE SILVER FLOCK",1,"3/25/11 11:34",2.95,17979,"United Kingdom"
"547772","37449","CERAMIC CAKE STAND + HANGING CAKES",1,"3/25/11 11:34",9.95,17979,"United Kingdom"
"547772","11001","ASSTD DESIGN RACING CAR PEN",1,"3/25/11 11:34",1.69,17979,"United Kingdom"
"547772","85186C","BUNNY EGG GARLAND",2,"3/25/11 11:34",0.42,17979,"United Kingdom"
"547772","22951","60 CAKE CASES DOLLY GIRL DESIGN",1,"3/25/11 11:34",0.55,17979,"United Kingdom"
"547772","21975","PACK OF 60 DINOSAUR CAKE CASES",1,"3/25/11 11:34",0.55,17979,"United Kingdom"
"547772","22291","HANGING CHICK CREAM DECORATION",1,"3/25/11 11:34",1.45,17979,"United Kingdom"
"547772","22293","HANGING CHICK GREEN DECORATION",2,"3/25/11 11:34",1.45,17979,"United Kingdom"
"547772","22292","HANGING CHICK  YELLOW DECORATION",1,"3/25/11 11:34",1.45,17979,"United Kingdom"
"547772","22417","PACK OF 60 SPACEBOY CAKE CASES",1,"3/25/11 11:34",0.55,17979,"United Kingdom"
"547772","21213","PACK OF 72 SKULL CAKE CASES",1,"3/25/11 11:34",0.55,17979,"United Kingdom"
"547772","22619","SET OF 6 SOLDIER SKITTLES",2,"3/25/11 11:34",3.75,17979,"United Kingdom"
"547772","22286","DECORATION , WOBBLY RABBIT , METAL",2,"3/25/11 11:34",1.65,17979,"United Kingdom"
"547772","22607","WOODEN ROUNDERS GARDEN SET",1,"3/25/11 11:34",9.95,17979,"United Kingdom"
"547772","22439","6 ROCKET BALLOONS",1,"3/25/11 11:34",0.65,17979,"United Kingdom"
"547772","85227","SET OF 6 3D KIT CARDS FOR KIDS",3,"3/25/11 11:34",0.85,17979,"United Kingdom"
"547772","84452","METAL RABBIT LADDER EASTER",1,"3/25/11 11:34",0.85,17979,"United Kingdom"
"547772","22966","GINGERBREAD MAN COOKIE CUTTER",1,"3/25/11 11:34",1.25,17979,"United Kingdom"
"547772","22860","EASTER TIN CHICKS PINK DAISY",2,"3/25/11 11:34",1.65,17979,"United Kingdom"
"547772","22858","EASTER TIN KEEPSAKE",2,"3/25/11 11:34",1.65,17979,"United Kingdom"
"547772","85040A","S/4 PINK FLOWER CANDLES IN BOWL",1,"3/25/11 11:34",1.65,17979,"United Kingdom"
"547772","22537","MAGIC DRAWING SLATE DINOSAUR",1,"3/25/11 11:34",0.42,17979,"United Kingdom"
"547772","84916","HAND TOWEL PALE BLUE W FLOWERS",2,"3/25/11 11:34",5.95,17979,"United Kingdom"
"547772","85040A","S/4 PINK FLOWER CANDLES IN BOWL",2,"3/25/11 11:34",1.65,17979,"United Kingdom"
"547772","21557","SET OF 6 FUNKY BEAKERS",1,"3/25/11 11:34",2.95,17979,"United Kingdom"
"547772","22197","SMALL POPCORN HOLDER",2,"3/25/11 11:34",0.85,17979,"United Kingdom"
"547772","22113","GREY HEART HOT WATER BOTTLE",1,"3/25/11 11:34",3.75,17979,"United Kingdom"
"547772","21065","BOOM BOX SPEAKER GIRLS",1,"3/25/11 11:34",5.95,17979,"United Kingdom"
"547772","84509A","SET OF 4 ENGLISH ROSE PLACEMATS",2,"3/25/11 11:34",3.75,17979,"United Kingdom"
"547785","21745","GAOLERS KEYS DECORATIVE GARDEN",12,"3/25/11 11:41",3.75,13097,"United Kingdom"
"547785","84929","ASSTD FRUIT+FLOWERS FRIDGE MAGNETS",24,"3/25/11 11:41",0.55,13097,"United Kingdom"
"547785","22393","PAPERWEIGHT VINTAGE COLLAGE",6,"3/25/11 11:41",2.55,13097,"United Kingdom"
"547785","22730","ALARM CLOCK BAKELIKE IVORY",2,"3/25/11 11:41",3.75,13097,"United Kingdom"
"547785","22727","ALARM CLOCK BAKELIKE RED",4,"3/25/11 11:41",3.75,13097,"United Kingdom"
"547785","22725","ALARM CLOCK BAKELIKE CHOCOLATE",2,"3/25/11 11:41",3.75,13097,"United Kingdom"
"547785","22728","ALARM CLOCK BAKELIKE PINK",2,"3/25/11 11:41",3.75,13097,"United Kingdom"
"547785","22726","ALARM CLOCK BAKELIKE GREEN",6,"3/25/11 11:41",3.75,13097,"United Kingdom"
"547785","22729","ALARM CLOCK BAKELIKE ORANGE",6,"3/25/11 11:41",3.75,13097,"United Kingdom"
"547785","20679","EDWARDIAN PARASOL RED",6,"3/25/11 11:41",5.95,13097,"United Kingdom"
"547785","15056N","EDWARDIAN PARASOL NATURAL",6,"3/25/11 11:41",5.95,13097,"United Kingdom"
"547785","15056BL","EDWARDIAN PARASOL BLACK",12,"3/25/11 11:41",5.95,13097,"United Kingdom"
"547785","22168","ORGANISER WOOD ANTIQUE WHITE",1,"3/25/11 11:41",8.5,13097,"United Kingdom"
"547785","22550","HOLIDAY FUN LUDO",2,"3/25/11 11:41",3.75,13097,"United Kingdom"
"547785","22521","CHILDS GARDEN TROWEL PINK",2,"3/25/11 11:41",0.85,13097,"United Kingdom"
"547785","22520","CHILDS GARDEN TROWEL BLUE",2,"3/25/11 11:41",0.85,13097,"United Kingdom"
"547785","22523","CHILDS GARDEN FORK PINK",2,"3/25/11 11:41",0.85,13097,"United Kingdom"
"547785","22522","CHILDS GARDEN FORK BLUE",2,"3/25/11 11:41",0.85,13097,"United Kingdom"
"547785","21716","BOYS VINTAGE TIN SEASIDE BUCKET",2,"3/25/11 11:41",2.55,13097,"United Kingdom"
"547785","21718","RED METAL BEACH SPADE",2,"3/25/11 11:41",1.25,13097,"United Kingdom"
"547785","22651","GENTLEMAN SHIRT REPAIR KIT",8,"3/25/11 11:41",0.85,13097,"United Kingdom"
"547785","85177","BASKET OF FLOWERS SEWING KIT",8,"3/25/11 11:41",0.85,13097,"United Kingdom"
"547785","47566","PARTY BUNTING",6,"3/25/11 11:41",4.95,13097,"United Kingdom"
"547785","22498","WOODEN REGATTA BUNTING",1,"3/25/11 11:41",5.95,13097,"United Kingdom"
"547785","22499","WOODEN UNION JACK BUNTING",1,"3/25/11 11:41",5.95,13097,"United Kingdom"
"547785","22501","PICNIC BASKET WICKER LARGE",1,"3/25/11 11:41",9.95,13097,"United Kingdom"
"547785","22518","CHILDS GARDEN BRUSH BLUE",1,"3/25/11 11:41",2.1,13097,"United Kingdom"
"547785","22819","BIRTHDAY CARD, RETRO SPOT",12,"3/25/11 11:41",0.42,13097,"United Kingdom"
"547785","21507","ELEPHANT, BIRTHDAY CARD,",24,"3/25/11 11:41",0.42,13097,"United Kingdom"
"547785","21508","VINTAGE KID DOLLY CARD",24,"3/25/11 11:41",0.42,13097,"United Kingdom"
"547785","22035","VINTAGE CARAVAN GREETING CARD",24,"3/25/11 11:41",0.42,13097,"United Kingdom"
"547785","20941","FROG CANDLE",2,"3/25/11 11:41",1.25,13097,"United Kingdom"
"547785","23177","TREASURE ISLAND BOOK BOX",1,"3/25/11 11:41",2.25,13097,"United Kingdom"
"547785","22524","CHILDRENS GARDEN GLOVES BLUE",2,"3/25/11 11:41",1.25,13097,"United Kingdom"
"547785","22525","CHILDRENS GARDEN GLOVES PINK",2,"3/25/11 11:41",1.25,13097,"United Kingdom"
"547785","22390","PAPERWEIGHT CHILDHOOD MEMORIES",2,"3/25/11 11:41",2.55,13097,"United Kingdom"
"547785","22519","CHILDS GARDEN BRUSH PINK",1,"3/25/11 11:41",2.1,13097,"United Kingdom"
"547785","22607","WOODEN ROUNDERS GARDEN SET",2,"3/25/11 11:41",9.95,13097,"United Kingdom"
"547785","22090","PAPER BUNTING RETROSPOT",2,"3/25/11 11:41",2.95,13097,"United Kingdom"
"547785","22083","PAPER CHAIN KIT RETROSPOT",2,"3/25/11 11:41",2.95,13097,"United Kingdom"
"547785","22084","PAPER CHAIN KIT EMPIRE",4,"3/25/11 11:41",2.95,13097,"United Kingdom"
"547785","21658","GLASS  BEURRE DISH",1,"3/25/11 11:41",3.95,13097,"United Kingdom"
"547785","22720","SET OF 3 CAKE TINS PANTRY DESIGN",1,"3/25/11 11:41",4.95,13097,"United Kingdom"
"547785","22423","REGENCY CAKESTAND 3 TIER",3,"3/25/11 11:41",12.75,13097,"United Kingdom"
"547785","85054","FRENCH ENAMEL POT W LID",2,"3/25/11 11:41",2.95,13097,"United Kingdom"
"547785","85053","FRENCH ENAMEL CANDLEHOLDER",4,"3/25/11 11:41",2.1,13097,"United Kingdom"
"547785","21770","OPEN CLOSED METAL SIGN",12,"3/25/11 11:41",4.95,13097,"United Kingdom"
"547785","22494","EMERGENCY FIRST AID TIN",4,"3/25/11 11:41",1.25,13097,"United Kingdom"
"547785","23193","BUFFALO BILL TREASURE BOOK BOX",2,"3/25/11 11:41",2.25,13097,"United Kingdom"
"547785","23194","GYMKHANA TREASURE BOOK BOX",3,"3/25/11 11:41",2.25,13097,"United Kingdom"
"547785","22914","BLUE COAT RACK PARIS FASHION",1,"3/25/11 11:41",4.95,13097,"United Kingdom"
"547785","22912","YELLOW COAT RACK PARIS FASHION",1,"3/25/11 11:41",4.95,13097,"United Kingdom"
"547785","22629","SPACEBOY LUNCH BOX",3,"3/25/11 11:41",1.95,13097,"United Kingdom"
"547785","22472","TV DINNER TRAY DOLLY GIRL",1,"3/25/11 11:41",4.95,13097,"United Kingdom"
"547785","22474","SPACEBOY TV DINNER TRAY",1,"3/25/11 11:41",4.95,13097,"United Kingdom"
"547785","22558","CLOTHES PEGS RETROSPOT PACK 24",6,"3/25/11 11:41",1.49,13097,"United Kingdom"
"547785","22630","DOLLY GIRL LUNCH BOX",2,"3/25/11 11:41",1.95,13097,"United Kingdom"
"547785","22191","IVORY DINER WALL CLOCK",2,"3/25/11 11:41",8.5,13097,"United Kingdom"
"547785","22193","RED DINER WALL CLOCK",2,"3/25/11 11:41",8.5,13097,"United Kingdom"
"547785","22192","BLUE DINER WALL CLOCK",2,"3/25/11 11:41",8.5,13097,"United Kingdom"
"547785","23180","MUM'S KITCHEN CLOCK",2,"3/25/11 11:41",4.95,13097,"United Kingdom"
"547785","23181","BULL DOG BOTTLE TOP WALL CLOCK",2,"3/25/11 11:41",8.25,13097,"United Kingdom"
"547785","22776","SWEETHEART CAKESTAND 3 TIER",1,"3/25/11 11:41",9.95,13097,"United Kingdom"
"547785","84843","WHITE SOAP RACK WITH 2 BOTTLES",2,"3/25/11 11:41",5.95,13097,"United Kingdom"
"547785","21034","REX CASH+CARRY JUMBO SHOPPER",1,"3/25/11 11:41",0.95,13097,"United Kingdom"
"547785","21868","POTTING SHED TEA MUG",12,"3/25/11 11:41",1.25,13097,"United Kingdom"
"547785","37370","RETRO COFFEE MUGS ASSORTED",6,"3/25/11 11:41",1.25,13097,"United Kingdom"
"547785","22428","ENAMEL FIRE BUCKET CREAM",1,"3/25/11 11:41",6.95,13097,"United Kingdom"
"547785","22199","FRYING PAN RED RETROSPOT",1,"3/25/11 11:41",4.25,13097,"United Kingdom"
"547785","22201","FRYING PAN BLUE POLKADOT",1,"3/25/11 11:41",4.25,13097,"United Kingdom"
"547785","22200","FRYING PAN PINK POLKADOT",1,"3/25/11 11:41",4.25,13097,"United Kingdom"
"547785","22357","KINGS CHOICE BISCUIT TIN",4,"3/25/11 11:41",4.25,13097,"United Kingdom"
"547785","22846","BREAD BIN DINER STYLE RED",1,"3/25/11 11:41",16.95,13097,"United Kingdom"
"547785","22849","BREAD BIN DINER STYLE MINT",2,"3/25/11 11:41",16.95,13097,"United Kingdom"
"547786","21754","HOME BUILDING BLOCK WORD",1,"3/25/11 11:44",5.95,14587,"United Kingdom"
"547786","21754","HOME BUILDING BLOCK WORD",1,"3/25/11 11:44",5.95,14587,"United Kingdom"
"547786","21430","SET/3 RED GINGHAM ROSE STORAGE BOX",2,"3/25/11 11:44",3.75,14587,"United Kingdom"
"547786","82482","WOODEN PICTURE FRAME WHITE FINISH",3,"3/25/11 11:44",2.55,14587,"United Kingdom"
"547786","22068","BLACK PIRATE TREASURE CHEST",2,"3/25/11 11:44",1.65,14587,"United Kingdom"
"547786","21210","SET OF 72 RETROSPOT PAPER  DOILIES",3,"3/25/11 11:44",1.45,14587,"United Kingdom"
"547786","21974","SET OF 36 PAISLEY FLOWER DOILIES",3,"3/25/11 11:44",1.45,14587,"United Kingdom"
"547786","22851","SET 20 NAPKINS FAIRY CAKES DESIGN",1,"3/25/11 11:44",0.85,14587,"United Kingdom"
"547786","22908","PACK OF 20 NAPKINS RED APPLES",2,"3/25/11 11:44",0.85,14587,"United Kingdom"
"547786","21989","PACK OF 20 SKULL PAPER NAPKINS",2,"3/25/11 11:44",0.85,14587,"United Kingdom"
"547786","22332","SKULLS PARTY BAG + STICKER SET",2,"3/25/11 11:44",1.65,14587,"United Kingdom"
"547786","22384","LUNCH BAG PINK POLKADOT",3,"3/25/11 11:44",1.65,14587,"United Kingdom"
"547786","20725","LUNCH BAG RED RETROSPOT",3,"3/25/11 11:44",1.65,14587,"United Kingdom"
"547786","20727","LUNCH BAG  BLACK SKULL.",3,"3/25/11 11:44",1.65,14587,"United Kingdom"
"547786","22966","GINGERBREAD MAN COOKIE CUTTER",2,"3/25/11 11:44",1.25,14587,"United Kingdom"
"547786","22521","CHILDS GARDEN TROWEL PINK",1,"3/25/11 11:44",0.85,14587,"United Kingdom"
"547786","22523","CHILDS GARDEN FORK PINK",3,"3/25/11 11:44",0.85,14587,"United Kingdom"
"547786","84997A","CHILDRENS CUTLERY POLKADOT GREEN",1,"3/25/11 11:44",4.15,14587,"United Kingdom"
"547786","84997D","CHILDRENS CUTLERY POLKADOT PINK",1,"3/25/11 11:44",4.15,14587,"United Kingdom"
"547786","84997B","CHILDRENS CUTLERY RETROSPOT RED",2,"3/25/11 11:44",4.15,14587,"United Kingdom"
"547786","22525","CHILDRENS GARDEN GLOVES PINK",1,"3/25/11 11:44",1.25,14587,"United Kingdom"
"547786","22524","CHILDRENS GARDEN GLOVES BLUE",2,"3/25/11 11:44",1.25,14587,"United Kingdom"
"547786","21916","SET 12 RETRO WHITE CHALK STICKS",3,"3/25/11 11:44",0.42,14587,"United Kingdom"
"547786","22083","PAPER CHAIN KIT RETROSPOT",2,"3/25/11 11:44",2.95,14587,"United Kingdom"
"547786","82581","TOILET METAL SIGN",3,"3/25/11 11:44",0.55,14587,"United Kingdom"
"547786","82578","KITCHEN METAL SIGN",1,"3/25/11 11:44",0.55,14587,"United Kingdom"
"547786","82578","KITCHEN METAL SIGN",3,"3/25/11 11:44",0.55,14587,"United Kingdom"
"547786","82578","KITCHEN METAL SIGN",2,"3/25/11 11:44",0.55,14587,"United Kingdom"
"547786","85061W","WHITE JEWELLED HEART DECORATION",6,"3/25/11 11:44",0.85,14587,"United Kingdom"
"547786","35961","FOLKART ZINC HEART CHRISTMAS DEC",2,"3/25/11 11:44",0.85,14587,"United Kingdom"
"547786","21790","VINTAGE SNAP CARDS",2,"3/25/11 11:44",0.85,14587,"United Kingdom"
"547786","22855","FINE WICKER HEART",4,"3/25/11 11:44",1.25,14587,"United Kingdom"
"547786","82484","WOOD BLACK BOARD ANT WHITE FINISH",1,"3/25/11 11:44",7.9,14587,"United Kingdom"
"547786","21901","KEY FOB , BACK DOOR",3,"3/25/11 11:44",0.65,14587,"United Kingdom"
"547786","21900","KEY FOB , SHED",2,"3/25/11 11:44",0.65,14587,"United Kingdom"
"547786","22457","NATURAL SLATE HEART CHALKBOARD",2,"3/25/11 11:44",2.95,14587,"United Kingdom"
"547786","20676","RED RETROSPOT BOWL",4,"3/25/11 11:44",1.25,14587,"United Kingdom"
"547786","20675","BLUE POLKADOT BOWL",1,"3/25/11 11:44",1.25,14587,"United Kingdom"
"547786","20677","PINK POLKADOT BOWL",1,"3/25/11 11:44",1.25,14587,"United Kingdom"
"547786","20674","GREEN POLKADOT BOWL",1,"3/25/11 11:44",1.25,14587,"United Kingdom"
"547786","22521","CHILDS GARDEN TROWEL PINK",1,"3/25/11 11:44",0.85,14587,"United Kingdom"
"547786","84673B","BLUE FLY SWAT",3,"3/25/11 11:44",0.65,14587,"United Kingdom"
"547786","84673A","PINK FLY SWAT",3,"3/25/11 11:44",0.65,14587,"United Kingdom"
"547786","48184","DOORMAT ENGLISH ROSE",1,"3/25/11 11:44",7.95,14587,"United Kingdom"
"547786","47566","PARTY BUNTING",2,"3/25/11 11:44",4.95,14587,"United Kingdom"
"547786","71038","WHITE HANGING BEADS CANDLE HOLDER",1,"3/25/11 11:44",5.45,14587,"United Kingdom"
"547786","21061","PARTY INVITES FOOTBALL",1,"3/25/11 11:44",0.85,14587,"United Kingdom"
"547786","21063","PARTY INVITES JAZZ HEARTS",1,"3/25/11 11:44",0.85,14587,"United Kingdom"
"547786","85123A","WHITE HANGING HEART T-LIGHT HOLDER",1,"3/25/11 11:44",2.95,14587,"United Kingdom"
"547786","85062","PEARL CRYSTAL PUMPKIN T-LIGHT HLDR",5,"3/25/11 11:44",1.65,14587,"United Kingdom"
"547787","85099F","JUMBO BAG STRAWBERRY",40,"3/25/11 11:57",1.95,13139,"United Kingdom"
"547787","21033","JUMBO BAG CHARLIE AND LOLA TOYS",20,"3/25/11 11:57",1.95,13139,"United Kingdom"
"547787","22386","JUMBO BAG PINK POLKADOT",50,"3/25/11 11:57",1.95,13139,"United Kingdom"
"547787","20713","JUMBO BAG OWLS",40,"3/25/11 11:57",1.95,13139,"United Kingdom"
"547787","85099B","JUMBO BAG RED RETROSPOT",60,"3/25/11 11:57",1.95,13139,"United Kingdom"
"547788","15058A","BLUE POLKADOT GARDEN PARASOL",1,"3/25/11 12:00",24.96,,"United Kingdom"
"547788","17012A","ORIGAMI VANILLA INCENSE/CANDLE SET",1,"3/25/11 12:00",2.46,,"United Kingdom"
"547788","17012C","ORIGAMI LAVENDER INCENSE/CANDL SET",1,"3/25/11 12:00",2.46,,"United Kingdom"
"547788","20663","QUEEN OF THE SKIES HOLIDAY PURSE",1,"3/25/11 12:00",2.46,,"United Kingdom"
"547788","20707","CRAZY DAISY HEART DECORATION",2,"3/25/11 12:00",0.83,,"United Kingdom"
"547788","20717","STRAWBERRY SHOPPER BAG",1,"3/25/11 12:00",2.46,,"United Kingdom"
"547788","20719","WOODLAND CHARLOTTE BAG",1,"3/25/11 12:00",1.63,,"United Kingdom"
"547788","20725","LUNCH BAG RED RETROSPOT",1,"3/25/11 12:00",4.13,,"United Kingdom"
"547788","20726","LUNCH BAG WOODLAND",1,"3/25/11 12:00",4.13,,"United Kingdom"
"547788","20751","FUNKY WASHING UP GLOVES ASSORTED",1,"3/25/11 12:00",4.13,,"United Kingdom"
"547788","20866","BLUE ROSE FABRIC MIRROR",1,"3/25/11 12:00",2.46,,"United Kingdom"
"547788","20931","BLUE POT PLANT CANDLE",1,"3/25/11 12:00",7.46,,"United Kingdom"
"547788","21002","ROSE DU SUD DRAWSTRING BAG",2,"3/25/11 12:00",3.29,,"United Kingdom"
"547788","21012","ANTIQUE ALL GLASS CANDLESTICK",2,"3/25/11 12:00",2.46,,"United Kingdom"
"547788","21086","SET/6 RED SPOTTY PAPER CUPS",3,"3/25/11 12:00",1.63,,"United Kingdom"
"547788","21088","SET/6 FRUIT SALAD PAPER CUPS",1,"3/25/11 12:00",0.83,,"United Kingdom"
"547788","21090","SET/6 COLLAGE PAPER PLATES",7,"3/25/11 12:00",0.83,,"United Kingdom"
"547788","21094","SET/6 RED SPOTTY PAPER PLATES",5,"3/25/11 12:00",0.83,,"United Kingdom"
"547788","21096","SET/6 FRUIT SALAD  PAPER PLATES",1,"3/25/11 12:00",0.83,,"United Kingdom"
"547788","21108","FAIRY CAKE FLANNEL ASSORTED COLOUR",1,"3/25/11 12:00",4.96,,"United Kingdom"
"547788","21109","LARGE CAKE TOWEL CHOCOLATE SPOTS",1,"3/25/11 12:00",13.29,,"United Kingdom"
"547788","21191","LARGE WHITE HONEYCOMB PAPER BELL",1,"3/25/11 12:00",4.13,,"United Kingdom"
"547788","21192","WHITE BELL HONEYCOMB PAPER",1,"3/25/11 12:00",3.29,,"United Kingdom"
"547788","21195","PINK  HONEYCOMB PAPER BALL",2,"3/25/11 12:00",4.13,,"United Kingdom"
"547788","21200","MULTICOLOUR HONEYCOMB PAPER GARLAND",1,"3/25/11 12:00",3.29,,"United Kingdom"
"547788","21205","MULTICOLOUR 3D BALLS GARLAND",1,"3/25/11 12:00",4.96,,"United Kingdom"
"547788","21208","PASTEL COLOUR HONEYCOMB FAN",1,"3/25/11 12:00",3.29,,"United Kingdom"
"547788","21209","MULTICOLOUR HONEYCOMB FAN",1,"3/25/11 12:00",3.29,,"United Kingdom"
"547788","21210","SET OF 72 RETROSPOT PAPER  DOILIES",1,"3/25/11 12:00",2.92,,"United Kingdom"
"547788","21212","PACK OF 72 RETROSPOT CAKE CASES",1,"3/25/11 12:00",1.25,,"United Kingdom"
"547788","21213","PACK OF 72 SKULL CAKE CASES",1,"3/25/11 12:00",1.25,,"United Kingdom"
"547788","21231","SWEETHEART CERAMIC TRINKET BOX",1,"3/25/11 12:00",2.46,,"United Kingdom"
"547788","21354","TOAST ITS - BEST MUM",2,"3/25/11 12:00",2.46,,"United Kingdom"
"547788","21398","RED POLKADOT COFFEE  MUG",6,"3/25/11 12:00",1.63,,"United Kingdom"
"547788","21422","PORCELAIN ROSE SMALL",3,"3/25/11 12:00",1.63,,"United Kingdom"
"547788","21442","GREEN BIRDHOUSE DECORATION",2,"3/25/11 12:00",1.63,,"United Kingdom"
"547788","21454","PAINTED PINK RABBIT",3,"3/25/11 12:00",0.83,,"United Kingdom"
"547788","21455","PAINTED YELLOW WOODEN DAISY",2,"3/25/11 12:00",0.83,,"United Kingdom"
"547788","21472","LADYBIRD + BEE RAFFIA FOOD COVER",1,"3/25/11 12:00",7.46,,"United Kingdom"
"547788","21506","FANCY FONT BIRTHDAY CARD,",1,"3/25/11 12:00",0.83,,"United Kingdom"
"547788","21507","ELEPHANT, BIRTHDAY CARD,",2,"3/25/11 12:00",0.83,,"United Kingdom"
"547788","21508","VINTAGE KID DOLLY CARD",2,"3/25/11 12:00",0.83,,"United Kingdom"
"547788","21523","DOORMAT FANCY FONT HOME SWEET HOME",1,"3/25/11 12:00",15.79,,"United Kingdom"
"547788","21533","RETROSPOT LARGE MILK JUG",1,"3/25/11 12:00",9.96,,"United Kingdom"
"547788","21539","RED RETROSPOT BUTTER DISH",1,"3/25/11 12:00",9.96,,"United Kingdom"
"547788","21559","STRAWBERRY LUNCH BOX WITH CUTLERY",7,"3/25/11 12:00",2.46,,"United Kingdom"
"547788","21564","PINK  HEART SHAPE LOVE BUCKET",1,"3/25/11 12:00",5.79,,"United Kingdom"
"547788","21609","SET 12 LAVENDER  BOTANICAL T-LIGHTS",1,"3/25/11 12:00",5.79,,"United Kingdom"
"547788","21621","VINTAGE UNION JACK BUNTING",2,"3/25/11 12:00",16.63,,"United Kingdom"
"547788","21638","ASSORTED TUTTI FRUTTI NOTEBOOK",1,"3/25/11 12:00",4.13,,"United Kingdom"
"547788","21643","ASSORTED TUTTI FRUTTI MIRROR",1,"3/25/11 12:00",2.46,,"United Kingdom"
"547788","21713","CITRONELLA CANDLE FLOWERPOT",10,"3/25/11 12:00",4.13,,"United Kingdom"
"547788","21714","CITRONELLA CANDLE GARDEN POT",4,"3/25/11 12:00",2.46,,"United Kingdom"
"547788","21716","BOYS VINTAGE TIN SEASIDE BUCKET",18,"3/25/11 12:00",4.96,,"United Kingdom"
"547788","21843","RED RETROSPOT CAKE STAND",1,"3/25/11 12:00",20.79,,"United Kingdom"
"547788","21874","GIN AND TONIC MUG",1,"3/25/11 12:00",3.29,,"United Kingdom"
"547788","21931","JUMBO STORAGE BAG SUKI",1,"3/25/11 12:00",4.13,,"United Kingdom"
"547788","21937","STRAWBERRY   PICNIC BAG",1,"3/25/11 12:00",5.79,,"United Kingdom"
"547788","21976","PACK OF 60 MUSHROOM CAKE CASES",1,"3/25/11 12:00",1.25,,"United Kingdom"
"547788","21980","PACK OF 12 RED RETROSPOT TISSUES",1,"3/25/11 12:00",0.83,,"United Kingdom"
"547788","21984","PACK OF 12 PINK PAISLEY TISSUES",1,"3/25/11 12:00",0.83,,"United Kingdom"
"547788","21990","MODERN FLORAL STATIONERY SET",1,"3/25/11 12:00",2.46,,"United Kingdom"
"547788","21992","VINTAGE PAISLEY STATIONERY SET",2,"3/25/11 12:00",2.46,,"United Kingdom"
"547788","22023","EMPIRE BIRTHDAY CARD",1,"3/25/11 12:00",0.83,,"United Kingdom"
"547788","22025","RING OF ROSES BIRTHDAY CARD",1,"3/25/11 12:00",0.83,,"United Kingdom"
"547788","22026","BANQUET BIRTHDAY  CARD",2,"3/25/11 12:00",0.83,,"United Kingdom"
"547788","22029","SPACEBOY BIRTHDAY CARD",1,"3/25/11 12:00",0.83,,"United Kingdom"
"547788","22030","SWALLOWS GREETING CARD",1,"3/25/11 12:00",0.83,,"United Kingdom"
"547788","22035","VINTAGE CARAVAN GREETING CARD",1,"3/25/11 12:00",0.83,,"United Kingdom"
"547788","22101","MIRROR MOSAIC VOTIVE HOLDER",25,"3/25/11 12:00",2.46,,"United Kingdom"
"547788","22138","BAKING SET 9 PIECE RETROSPOT",1,"3/25/11 12:00",10.79,,"United Kingdom"
"547788","22173","METAL 4 HOOK HANGER FRENCH CHATEAU",1,"3/25/11 12:00",2.95,,"United Kingdom"
"547788","22178","VICTORIAN GLASS HANGING T-LIGHT",6,"3/25/11 12:00",2.46,,"United Kingdom"
"547788","22183","CAKE STAND VICTORIAN FILIGREE MED",4,"3/25/11 12:00",5.79,,"United Kingdom"
"547788","22189","CREAM HEART CARD HOLDER",2,"3/25/11 12:00",8.29,,"United Kingdom"
"547788","22219","LOVEBIRD HANGING DECORATION WHITE",13,"3/25/11 12:00",1.63,,"United Kingdom"
"547788","22222","CAKE PLATE LOVEBIRD WHITE",1,"3/25/11 12:00",9.96,,"United Kingdom"
"547788","22241","GARLAND WOODEN HAPPY EASTER",1,"3/25/11 12:00",2.46,,"United Kingdom"
"547788","22245","HOOK, 1 HANGER ,MAGIC GARDEN",3,"3/25/11 12:00",1.63,,"United Kingdom"
"547788","22326","ROUND SNACK BOXES SET OF4 WOODLAND",1,"3/25/11 12:00",5.79,,"United Kingdom"
"547788","22341","LOVE GARLAND PAINTED ZINC",2,"3/25/11 12:00",3.29,,"United Kingdom"
"547788","22355","CHARLOTTE BAG SUKI DESIGN",2,"3/25/11 12:00",1.63,,"United Kingdom"
"547788","22376","AIRLINE BAG VINTAGE JET SET WHITE",1,"3/25/11 12:00",8.29,,"United Kingdom"
"547788","22413","METAL SIGN TAKE IT OR LEAVE IT",1,"3/25/11 12:00",5.79,,"United Kingdom"
"547788","22418","10 COLOUR SPACEBOY PEN",1,"3/25/11 12:00",1.63,,"United Kingdom"
"547788","22421","LIPSTICK PEN FUSCHIA",2,"3/25/11 12:00",0.83,,"United Kingdom"
"547788","22423","REGENCY CAKESTAND 3 TIER",27,"3/25/11 12:00",24.96,,"United Kingdom"
"547788","22424","ENAMEL BREAD BIN CREAM",1,"3/25/11 12:00",24.96,,"United Kingdom"
"547788","22441","GROW YOUR OWN BASIL IN ENAMEL MUG",1,"3/25/11 12:00",4.13,,"United Kingdom"
"547788","22457","NATURAL SLATE HEART CHALKBOARD",3,"3/25/11 12:00",5.79,,"United Kingdom"
"547788","22465","HANGING METAL STAR LANTERN",25,"3/25/11 12:00",3.29,,"United Kingdom"
"547788","22472","TV DINNER TRAY DOLLY GIRL",1,"3/25/11 12:00",10.79,,"United Kingdom"
"547788","22485","SET OF 2 WOODEN MARKET CRATES",1,"3/25/11 12:00",24.96,,"United Kingdom"
"547788","22487","WHITE WOOD GARDEN PLANT LADDER",1,"3/25/11 12:00",19.96,,"United Kingdom"
"547788","22499","WOODEN UNION JACK BUNTING",2,"3/25/11 12:00",12.46,,"United Kingdom"
"547788","22501","PICNIC BASKET WICKER LARGE",1,"3/25/11 12:00",20.79,,"United Kingdom"
"547788","22502","PICNIC BASKET WICKER SMALL",3,"3/25/11 12:00",10.79,,"United Kingdom"
"547788","22558","CLOTHES PEGS RETROSPOT PACK 24",1,"3/25/11 12:00",3.29,,"United Kingdom"
"547788","22602","RETROSPOT WOODEN HEART DECORATION",2,"3/25/11 12:00",1.63,,"United Kingdom"
"547788","22607","WOODEN ROUNDERS GARDEN SET",1,"3/25/11 12:00",16.63,,"United Kingdom"
"547788","22617","BAKING SET SPACEBOY DESIGN",1,"3/25/11 12:00",10.79,,"United Kingdom"
"547788","22662","LUNCH BAG DOLLY GIRL DESIGN",1,"3/25/11 12:00",4.13,,"United Kingdom"
"547788","22666","RECIPE BOX PANTRY YELLOW DESIGN",1,"3/25/11 12:00",5.79,,"United Kingdom"
"547788","22673","FRENCH GARDEN SIGN BLUE METAL",1,"3/25/11 12:00",2.46,,"United Kingdom"
"547788","22674","FRENCH TOILET SIGN BLUE METAL",1,"3/25/11 12:00",2.46,,"United Kingdom"
"547788","22678","FRENCH BLUE METAL DOOR SIGN 3",1,"3/25/11 12:00",2.46,,"United Kingdom"
"547788","22686","FRENCH BLUE METAL DOOR SIGN No",1,"3/25/11 12:00",2.46,,"United Kingdom"
"547788","22694","WICKER STAR",1,"3/25/11 12:00",4.13,,"United Kingdom"
"547788","22697","GREEN REGENCY TEACUP AND SAUCER",5,"3/25/11 12:00",5.79,,"United Kingdom"
"547788","22698","PINK REGENCY TEACUP AND SAUCER",5,"3/25/11 12:00",5.79,,"United Kingdom"
"547788","22699","ROSES REGENCY TEACUP AND SAUCER",5,"3/25/11 12:00",5.79,,"United Kingdom"
"547788","22722","SET OF 6 SPICE TINS PANTRY DESIGN",2,"3/25/11 12:00",8.29,,"United Kingdom"
"547788","22740","POLKADOT PEN",5,"3/25/11 12:00",1.63,,"United Kingdom"
"547788","22800","ANTIQUE TALL SWIRLGLASS TRINKET POT",2,"3/25/11 12:00",7.46,,"United Kingdom"
"547788","22807","SET OF 6 T-LIGHTS TOADSTOOLS",1,"3/25/11 12:00",5.79,,"United Kingdom"
"547788","22815","CARD PSYCHEDELIC APPLES",1,"3/25/11 12:00",0.83,,"United Kingdom"
"547788","22817","CARD SUKI BIRTHDAY",1,"3/25/11 12:00",0.83,,"United Kingdom"
"547788","22821","GIFT BAG PSYCHEDELIC APPLES",1,"3/25/11 12:00",1.25,,"United Kingdom"
"547788","22837","HOT WATER BOTTLE BABUSHKA",1,"3/25/11 12:00",9.13,,"United Kingdom"
"547788","22839","3 TIER CAKE TIN GREEN AND CREAM",1,"3/25/11 12:00",29.13,,"United Kingdom"
"547788","22843","BISCUIT TIN VINTAGE GREEN",1,"3/25/11 12:00",13.29,,"United Kingdom"
"547788","22845","VINTAGE CREAM CAT FOOD CONTAINER",1,"3/25/11 12:00",12.46,,"United Kingdom"
"547788","22858","EASTER TIN KEEPSAKE",1,"3/25/11 12:00",3.29,,"United Kingdom"
"547788","22859","EASTER TIN BUNNY BOUQUET",3,"3/25/11 12:00",3.29,,"United Kingdom"
"547788","22897","OVEN MITT APPLES DESIGN",1,"3/25/11 12:00",3.29,,"United Kingdom"
"547788","22907","PACK OF 20 NAPKINS PANTRY DESIGN",1,"3/25/11 12:00",1.63,,"United Kingdom"
"547788","22908","PACK OF 20 NAPKINS RED APPLES",1,"3/25/11 12:00",1.63,,"United Kingdom"
"547788","22957","SET 3 PAPER VINTAGE CHICK PAPER EGG",2,"3/25/11 12:00",5.79,,"United Kingdom"
"547788","22960","JAM MAKING SET WITH JARS",3,"3/25/11 12:00",8.29,,"United Kingdom"
"547788","22979","PANTRY WASHING UP BRUSH",1,"3/25/11 12:00",3.29,,"United Kingdom"
"547788","22982","PANTRY PASTRY BRUSH",1,"3/25/11 12:00",2.46,,"United Kingdom"
"547788","22983","CARD BILLBOARD FONT",1,"3/25/11 12:00",0.83,,"United Kingdom"
"547788","22999","TRAVEL CARD WALLET RETRO PETALS",1,"3/25/11 12:00",0.83,,"United Kingdom"
"547788","23000","TRAVEL CARD WALLET TRANSPORT",1,"3/25/11 12:00",0.83,,"United Kingdom"
"547788","23007","SPACEBOY BABY GIFT SET",1,"3/25/11 12:00",24.96,,"United Kingdom"
"547788","23176","ABC TREASURE BOOK BOX",1,"3/25/11 12:00",4.58,,"United Kingdom"
"547788","23177","TREASURE ISLAND BOOK BOX",1,"3/25/11 12:00",4.58,,"United Kingdom"
"547788","23183","MOTHER'S KITCHEN SPOON REST",2,"3/25/11 12:00",7.46,,"United Kingdom"
"547788","23184","BULL DOG BOTTLE OPENER",1,"3/25/11 12:00",9.96,,"United Kingdom"
"547788","35912B","WHITE/PINK CHICK DECORATION",1,"3/25/11 12:00",5.79,,"United Kingdom"
"547788","35915B","BLUE KNITTED HEN",1,"3/25/11 12:00",0.83,,"United Kingdom"
"547788","35915C","PEACH KNITTED HEN",3,"3/25/11 12:00",0.83,,"United Kingdom"
"547788","37501","TEA TIME TEA SET IN GIFT BOX",1,"3/25/11 12:00",5.79,,"United Kingdom"
"547788","47481","50CM METAL STRING WITH  7 CLIPS",1,"3/25/11 12:00",2.08,,"United Kingdom"
"547788","47559B","TEA TIME OVEN GLOVE",1,"3/25/11 12:00",2.46,,"United Kingdom"
"547788","47566","PARTY BUNTING",9,"3/25/11 12:00",10.79,,"United Kingdom"
"547788","48194","DOORMAT HEARTS",1,"3/25/11 12:00",15.79,,"United Kingdom"
"547788","72598","SET/12 TAPER CANDLES",3,"3/25/11 12:00",1.63,,"United Kingdom"
"547788","72807A","SET/3 ROSE CANDLE IN JEWELLED BOX",1,"3/25/11 12:00",8.29,,"United Kingdom"
"547788","72818","CHRISTMAS DECOUPAGE CANDLE",1,"3/25/11 12:00",1.63,,"United Kingdom"
"547788","75049L","LARGE CIRCULAR MIRROR MOBILE",4,"3/25/11 12:00",2.46,,"United Kingdom"
"547788","82578","KITCHEN METAL SIGN",1,"3/25/11 12:00",1.25,,"United Kingdom"
"547788","82613B","METAL SIGN,CUPCAKE SINGLE HOOK",1,"3/25/11 12:00",2.46,,"United Kingdom"
"547788","84510A","SET OF 4 ENGLISH ROSE COASTERS",1,"3/25/11 12:00",2.46,,"United Kingdom"
"547788","84580","MOUSE TOY WITH PINK T-SHIRT",1,"3/25/11 12:00",4.13,,"United Kingdom"
"547788","84683","CLASSICAL ROSE CANDLESTAND",2,"3/25/11 12:00",2.46,,"United Kingdom"
"547788","84692","BOX OF 24 COCKTAIL PARASOLS",3,"3/25/11 12:00",0.83,,"United Kingdom"
"547788","84796B","BLUE SAVANNAH PICNIC HAMPER FOR 2",2,"3/25/11 12:00",8.29,,"United Kingdom"
"547788","84884A","ANT WHITE WIRE HEART SPIRAL",1,"3/25/11 12:00",8.29,,"United Kingdom"
"547788","84912B","GREEN ROSE WASHBAG",1,"3/25/11 12:00",3.29,,"United Kingdom"
"547788","84913A","SOFT PINK ROSE TOWEL",1,"3/25/11 12:00",3.29,,"United Kingdom"
"547788","84924A","WAKE UP COCKEREL CALENDAR SIGN",1,"3/25/11 12:00",7.46,,"United Kingdom"
"547788","84946","ANTIQUE SILVER T-LIGHT GLASS",18,"3/25/11 12:00",2.46,,"United Kingdom"
"547788","84968C","SET OF 16 VINTAGE PISTACHIO CUTLERY",1,"3/25/11 12:00",24.96,,"United Kingdom"
"547788","84970S","HANGING HEART ZINC T-LIGHT HOLDER",10,"3/25/11 12:00",2.08,,"United Kingdom"
"547788","84992","72 SWEETHEART FAIRY CAKE CASES",1,"3/25/11 12:00",1.25,,"United Kingdom"
"547788","85025B","EAU DE NILE HEART SHAPE PHOTO FRAME",1,"3/25/11 12:00",3.29,,"United Kingdom"
"547788","85123A","WHITE HANGING HEART T-LIGHT HOLDER",4,"3/25/11 12:00",5.79,,"United Kingdom"
"547788","85131B","BEADED CRYSTAL HEART GREEN ON STICK",2,"3/25/11 12:00",0.83,,"United Kingdom"
"547788","85131D","BEADED CRYSTAL HEART PINK ON STICK",3,"3/25/11 12:00",0.83,,"United Kingdom"
"547788","85186A","EASTER BUNNY GARLAND OF FLOWERS",2,"3/25/11 12:00",0.83,,"United Kingdom"
"547788","85186C","BUNNY EGG GARLAND",2,"3/25/11 12:00",0.83,,"United Kingdom"
"547788","85204","HANGING WOOD AND FELT FLOWER",4,"3/25/11 12:00",0.42,,"United Kingdom"
"547788","90018A","SILVER M.O.P ORBIT DROP EARRINGS",1,"3/25/11 12:00",4.15,,"United Kingdom"
"547788","90019A","SILVER M.O.P ORBIT BRACELET",1,"3/25/11 12:00",5.4,,"United Kingdom"
"547788","90197B","BLACK GLASS BRACELET W HEART CHARMS",1,"3/25/11 12:00",4.98,,"United Kingdom"
"547788","DOT","DOTCOM POSTAGE",1,"3/25/11 12:00",175.28,,"United Kingdom"
"547789","84692","BOX OF 24 COCKTAIL PARASOLS",25,"3/25/11 12:04",0.42,14911,"EIRE"
"547789","22434","BALLOON PUMP WITH 10 BALLOONS",8,"3/25/11 12:04",1.95,14911,"EIRE"
"547789","22435","SET OF 9 HEART SHAPED BALLOONS",12,"3/25/11 12:04",1.25,14911,"EIRE"
"547789","22437","SET OF 9 BLACK SKULL BALLOONS",20,"3/25/11 12:04",0.85,14911,"EIRE"
"547789","22439","6 ROCKET BALLOONS",24,"3/25/11 12:04",0.65,14911,"EIRE"
"547789","21833","CAMOUFLAGE LED TORCH",12,"3/25/11 12:04",1.69,14911,"EIRE"
"547789","21121","SET/10 RED POLKADOT PARTY CANDLES",24,"3/25/11 12:04",1.25,14911,"EIRE"
"547789","21124","SET/10 BLUE POLKADOT PARTY CANDLES",24,"3/25/11 12:04",1.25,14911,"EIRE"
"547789","35914","PINK CHICK EGG WARMER + EGG CUP",12,"3/25/11 12:04",2.1,14911,"EIRE"
"547789","21212","PACK OF 72 RETROSPOT CAKE CASES",24,"3/25/11 12:04",0.55,14911,"EIRE"
"547789","21843","RED RETROSPOT CAKE STAND",3,"3/25/11 12:04",10.95,14911,"EIRE"
"547789","21080","SET/20 RED RETROSPOT PAPER NAPKINS",12,"3/25/11 12:04",0.85,14911,"EIRE"
"547789","21078","SET/20 STRAWBERRY PAPER NAPKINS",12,"3/25/11 12:04",0.85,14911,"EIRE"
"547789","22501","PICNIC BASKET WICKER LARGE",2,"3/25/11 12:04",9.95,14911,"EIRE"
"547789","84991","60 TEATIME FAIRY CAKE CASES",24,"3/25/11 12:04",0.55,14911,"EIRE"
"547789","22281","EASTER TREE YELLOW BIRDS",2,"3/25/11 12:04",5.95,14911,"EIRE"
"547789","84795B","SUNSET CHECK HAMMOCK",2,"3/25/11 12:04",7.95,14911,"EIRE"
"547789","21922","UNION STRIPE WITH FRINGE  HAMMOCK",2,"3/25/11 12:04",7.95,14911,"EIRE"
"547789","22693","GROW A FLYTRAP OR SUNFLOWER IN TIN",24,"3/25/11 12:04",1.25,14911,"EIRE"
"547789","22197","SMALL POPCORN HOLDER",12,"3/25/11 12:04",0.85,14911,"EIRE"
"547789","85014B","RED RETROSPOT UMBRELLA",3,"3/25/11 12:04",5.95,14911,"EIRE"
"547789","22933","BAKING MOULD EASTER EGG MILK CHOC",6,"3/25/11 12:04",2.95,14911,"EIRE"
"547789","23000","TRAVEL CARD WALLET TRANSPORT",24,"3/25/11 12:04",0.42,14911,"EIRE"
"547789","23006","TRAVEL CARD WALLET FLOWER MEADOW",24,"3/25/11 12:04",0.42,14911,"EIRE"
"547789","23230","WRAP ALPHABET DESIGN",25,"3/25/11 12:04",0.42,14911,"EIRE"
"547789","21790","VINTAGE SNAP CARDS",12,"3/25/11 12:04",0.85,14911,"EIRE"
"547789","22957","SET 3 PAPER VINTAGE CHICK PAPER EGG",6,"3/25/11 12:04",2.95,14911,"EIRE"
"547789","22967","SET 3 SONG BIRD PAPER EGGS ASSORTED",6,"3/25/11 12:04",2.95,14911,"EIRE"
"547789","22857","ASSORTED EASTER GIFT TAGS",12,"3/25/11 12:04",0.85,14911,"EIRE"
"547789","22858","EASTER TIN KEEPSAKE",6,"3/25/11 12:04",1.65,14911,"EIRE"
"547789","22241","GARLAND WOODEN HAPPY EASTER",12,"3/25/11 12:04",1.25,14911,"EIRE"
"547789","22284","HEN HOUSE DECORATION",12,"3/25/11 12:04",1.65,14911,"EIRE"
"547789","22856","ASSORTED EASTER DECORATIONS  BELLS",12,"3/25/11 12:04",1.25,14911,"EIRE"
"547789","22763","KEY CABINET MA CAMPAGNE",2,"3/25/11 12:04",9.95,14911,"EIRE"
"547789","22961","JAM MAKING SET PRINTED",24,"3/25/11 12:04",1.45,14911,"EIRE"
"547789","21380","WOODEN HAPPY BIRTHDAY GARLAND",6,"3/25/11 12:04",2.95,14911,"EIRE"
"547789","21381","MINI WOODEN HAPPY BIRTHDAY GARLAND",12,"3/25/11 12:04",1.69,14911,"EIRE"
"547789","47590A","BLUE HAPPY BIRTHDAY BUNTING",3,"3/25/11 12:04",5.45,14911,"EIRE"
"547789","82484","WOOD BLACK BOARD ANT WHITE FINISH",6,"3/25/11 12:04",7.9,14911,"EIRE"
"547789","84406B","CREAM CUPID HEARTS COAT HANGER",4,"3/25/11 12:04",4.15,14911,"EIRE"
"547789","22670","FRENCH WC SIGN BLUE METAL",12,"3/25/11 12:04",1.25,14911,"EIRE"
"547789","21094","SET/6 RED SPOTTY PAPER PLATES",12,"3/25/11 12:04",0.85,14911,"EIRE"
"547789","21086","SET/6 RED SPOTTY PAPER CUPS",12,"3/25/11 12:04",0.65,14911,"EIRE"
"547790","21126","SET OF 6 GIRLS CELEBRATION CANDLES",12,"3/25/11 12:04",1.25,12545,"Spain"
"547790","21974","SET OF 36 PAISLEY FLOWER DOILIES",12,"3/25/11 12:04",1.45,12545,"Spain"
"547790","84988","SET OF 72 PINK HEART PAPER DOILIES",12,"3/25/11 12:04",1.45,12545,"Spain"
"547790","84987","SET OF 36 TEATIME PAPER DOILIES",12,"3/25/11 12:04",1.45,12545,"Spain"
"547790","21211","SET OF 72 SKULL PAPER  DOILIES",12,"3/25/11 12:04",1.45,12545,"Spain"
"547790","22168","ORGANISER WOOD ANTIQUE WHITE",2,"3/25/11 12:04",8.5,12545,"Spain"
"547790","22074","6 RIBBONS SHIMMERING PINKS",12,"3/25/11 12:04",1.65,12545,"Spain"
"547790","85049C","ROMANTIC PINKS RIBBONS",12,"3/25/11 12:04",1.25,12545,"Spain"
"547790","22077","6 RIBBONS RUSTIC CHARM",12,"3/25/11 12:04",1.65,12545,"Spain"
"547790","22076","6 RIBBONS EMPIRE",12,"3/25/11 12:04",1.65,12545,"Spain"
"547790","22079","RIBBON REEL HEARTS DESIGN",10,"3/25/11 12:04",1.65,12545,"Spain"
"547790","85049D","BRIGHT BLUES RIBBONS",12,"3/25/11 12:04",1.25,12545,"Spain"
"547790","85049F","BABY BOOM RIBBONS",12,"3/25/11 12:04",1.25,12545,"Spain"
"547790","85049E","SCANDINAVIAN REDS RIBBONS",12,"3/25/11 12:04",1.25,12545,"Spain"
"547790","85049H","URBAN BLACK RIBBONS",12,"3/25/11 12:04",1.25,12545,"Spain"
"547790","85049G","CHOCOLATE BOX RIBBONS",12,"3/25/11 12:04",1.25,12545,"Spain"
"547790","21213","PACK OF 72 SKULL CAKE CASES",24,"3/25/11 12:04",0.55,12545,"Spain"
"547790","22938","CUPCAKE LACE PAPER SET 6",12,"3/25/11 12:04",1.95,12545,"Spain"
"547790","21124","SET/10 BLUE POLKADOT PARTY CANDLES",24,"3/25/11 12:04",1.25,12545,"Spain"
"547790","37495","FAIRY CAKE BIRTHDAY CANDLE SET",4,"3/25/11 12:04",3.75,12545,"Spain"
"547790","21122","SET/10 PINK POLKADOT PARTY CANDLES",24,"3/25/11 12:04",1.25,12545,"Spain"
"547790","20934","SET/3 POT PLANT CANDLES",2,"3/25/11 12:04",5.45,12545,"Spain"
"547790","20931","BLUE POT PLANT CANDLE",4,"3/25/11 12:04",3.75,12545,"Spain"
"547790","72741","GRAND CHOCOLATECANDLE",9,"3/25/11 12:04",1.45,12545,"Spain"
"547790","22344","PARTY PIZZA DISH PINK POLKADOT",12,"3/25/11 12:04",0.85,12545,"Spain"
"547790","22221","CAKE STAND LOVEBIRD 2 TIER PINK",2,"3/25/11 12:04",9.95,12545,"Spain"
"547790","22423","REGENCY CAKESTAND 3 TIER",1,"3/25/11 12:04",12.75,12545,"Spain"
"547790","22223","CAKE PLATE LOVEBIRD PINK",3,"3/25/11 12:04",4.95,12545,"Spain"
"547790","84817","DANISH ROSE DECORATIVE PLATE",6,"3/25/11 12:04",2.1,12545,"Spain"
"547790","84821","DANISH ROSE DELUXE COASTER",12,"3/25/11 12:04",0.85,12545,"Spain"
"547790","22857","ASSORTED EASTER GIFT TAGS",12,"3/25/11 12:04",0.85,12545,"Spain"
"547790","21382","SET/4 SPRING FLOWER DECORATION",6,"3/25/11 12:04",2.95,12545,"Spain"
"547790","22313","OFFICE MUG WARMER PINK",6,"3/25/11 12:04",2.95,12545,"Spain"
"547790","POST","POSTAGE",3,"3/25/11 12:04",28,12545,"Spain"
"547792","22617","BAKING SET SPACEBOY DESIGN",2,"3/25/11 12:07",4.95,17979,"United Kingdom"
"C547791","22634","CHILDS BREAKFAST SET SPACEBOY",-2,"3/25/11 12:07",9.95,17979,"United Kingdom"
"547793","22180","RETROSPOT LAMP",2,"3/25/11 12:10",9.95,14758,"United Kingdom"
"547793","84375","SET OF 20 KIDS COOKIE CUTTERS",12,"3/25/11 12:10",2.1,14758,"United Kingdom"
"547793","22762","CUPBOARD 3 DRAWER MA CAMPAGNE",2,"3/25/11 12:10",14.95,14758,"United Kingdom"
"547793","22797","CHEST OF DRAWERS GINGHAM HEART",2,"3/25/11 12:10",16.95,14758,"United Kingdom"
"547793","21380","WOODEN HAPPY BIRTHDAY GARLAND",6,"3/25/11 12:10",2.95,14758,"United Kingdom"
"547793","84692","BOX OF 24 COCKTAIL PARASOLS",25,"3/25/11 12:10",0.42,14758,"United Kingdom"
"547793","47566","PARTY BUNTING",5,"3/25/11 12:10",4.95,14758,"United Kingdom"
"547793","22236","CAKE STAND 3 TIER MAGIC GARDEN",2,"3/25/11 12:10",12.75,14758,"United Kingdom"
"547793","22445","PENCIL CASE LIFE IS BEAUTIFUL",6,"3/25/11 12:10",2.95,14758,"United Kingdom"
"547793","22759","SET OF 3 NOTEBOOKS IN PARCEL",12,"3/25/11 12:10",1.65,14758,"United Kingdom"
"547793","22585","PACK OF 6 BIRDY GIFT TAGS",12,"3/25/11 12:10",1.25,14758,"United Kingdom"
"547793","21843","RED RETROSPOT CAKE STAND",2,"3/25/11 12:10",10.95,14758,"United Kingdom"
"547793","20685","DOORMAT RED RETROSPOT",2,"3/25/11 12:10",7.95,14758,"United Kingdom"
"547793","22305","COFFEE MUG PINK PAISLEY DESIGN",6,"3/25/11 12:10",2.55,14758,"United Kingdom"
"547793","22304","COFFEE MUG BLUE PAISLEY DESIGN",6,"3/25/11 12:10",2.55,14758,"United Kingdom"
"547793","22301","COFFEE MUG CAT + BIRD DESIGN",6,"3/25/11 12:10",2.55,14758,"United Kingdom"
"547793","22300","COFFEE MUG DOG + BALL DESIGN",12,"3/25/11 12:10",2.55,14758,"United Kingdom"
"547793","22303","COFFEE MUG APPLES DESIGN",6,"3/25/11 12:10",2.55,14758,"United Kingdom"
"547793","22302","COFFEE MUG PEARS  DESIGN",6,"3/25/11 12:10",2.55,14758,"United Kingdom"
"547793","22427","ENAMEL FLOWER JUG CREAM",3,"3/25/11 12:10",5.95,14758,"United Kingdom"
"547793","85066","CREAM SWEETHEART MINI CHEST",2,"3/25/11 12:10",12.75,14758,"United Kingdom"
"547793","22796","PHOTO FRAME 3 CLASSIC HANGING",4,"3/25/11 12:10",9.95,14758,"United Kingdom"
"547793","22784","LANTERN CREAM GAZEBO",3,"3/25/11 12:10",4.95,14758,"United Kingdom"
"547793","22169","FAMILY ALBUM WHITE PICTURE FRAME",2,"3/25/11 12:10",8.5,14758,"United Kingdom"
"547793","21735","TWO DOOR CURIO CABINET",2,"3/25/11 12:10",12.75,14758,"United Kingdom"
"547793","22768","FAMILY PHOTO FRAME CORNICE",2,"3/25/11 12:10",9.95,14758,"United Kingdom"
"547793","22767","TRIPLE PHOTO FRAME CORNICE",6,"3/25/11 12:10",9.95,14758,"United Kingdom"
"547793","22764","RUSTIC WOODEN CABINET, GLASS DOORS",2,"3/25/11 12:10",24.95,14758,"United Kingdom"
"547794","22334","DINOSAUR PARTY BAG + STICKER SET",6,"3/25/11 12:13",1.65,14085,"United Kingdom"
"547794","22332","SKULLS PARTY BAG + STICKER SET",6,"3/25/11 12:13",1.65,14085,"United Kingdom"
"547794","22331","WOODLAND PARTY BAG + STICKER SET",6,"3/25/11 12:13",1.65,14085,"United Kingdom"
"547794","22436","12 COLOURED PARTY BALLOONS",20,"3/25/11 12:13",0.65,14085,"United Kingdom"
"547794","85215","ASSORTED CHEESE FRIDGE MAGNETS",6,"3/25/11 12:13",0.65,14085,"United Kingdom"
"547794","21544","SKULLS  WATER TRANSFER TATTOOS",12,"3/25/11 12:13",0.85,14085,"United Kingdom"
"547794","21987","PACK OF 6 SKULL PAPER CUPS",2,"3/25/11 12:13",0.65,14085,"United Kingdom"
"547794","21086","SET/6 RED SPOTTY PAPER CUPS",2,"3/25/11 12:13",0.65,14085,"United Kingdom"
"547794","21094","SET/6 RED SPOTTY PAPER PLATES",2,"3/25/11 12:13",0.85,14085,"United Kingdom"
"547794","21988","PACK OF 6 SKULL PAPER PLATES",3,"3/25/11 12:13",0.85,14085,"United Kingdom"
"547794","21504","SKULLS GREETING CARD",12,"3/25/11 12:13",0.42,14085,"United Kingdom"
"547794","22983","CARD BILLBOARD FONT",12,"3/25/11 12:13",0.42,14085,"United Kingdom"
"547794","21495","SKULLS AND CROSSBONES WRAP",25,"3/25/11 12:13",0.42,14085,"United Kingdom"
"547794","22985","WRAP BILLBOARD FONTS DESIGN",25,"3/25/11 12:13",0.42,14085,"United Kingdom"
"547794","21059","PARTY INVITES DINOSAURS",6,"3/25/11 12:13",0.85,14085,"United Kingdom"
"547794","21058","PARTY INVITES WOODLAND",3,"3/25/11 12:13",0.85,14085,"United Kingdom"
"547794","21212","PACK OF 72 RETROSPOT CAKE CASES",2,"3/25/11 12:13",0.55,14085,"United Kingdom"
"547794","23156","SET OF 5 MINI GROCERY MAGNETS",4,"3/25/11 12:13",2.08,14085,"United Kingdom"
"547794","23154","SET OF 4 JAM JAR MAGNETS",4,"3/25/11 12:13",2.08,14085,"United Kingdom"
"547794","21213","PACK OF 72 SKULL CAKE CASES",1,"3/25/11 12:13",0.55,14085,"United Kingdom"
"547794","21977","PACK OF 60 PINK PAISLEY CAKE CASES",7,"3/25/11 12:13",0.55,14085,"United Kingdom"
"547794","22569","FELTCRAFT CUSHION BUTTERFLY",5,"3/25/11 12:13",3.75,14085,"United Kingdom"
"547794","22745","POPPY'S PLAYHOUSE BEDROOM",1,"3/25/11 12:13",2.1,14085,"United Kingdom"
"547794","22570","FELTCRAFT CUSHION RABBIT",4,"3/25/11 12:13",3.75,14085,"United Kingdom"
"547794","23155","KNICKERBOCKERGLORY MAGNET ASSORTED",18,"3/25/11 12:13",0.83,14085,"United Kingdom"
"547794","22693","GROW A FLYTRAP OR SUNFLOWER IN TIN",24,"3/25/11 12:13",1.25,14085,"United Kingdom"
"547794","21034","REX CASH+CARRY JUMBO SHOPPER",2,"3/25/11 12:13",0.95,14085,"United Kingdom"
"547795","22851","SET 20 NAPKINS FAIRY CAKES DESIGN",1,"3/25/11 12:21",0.85,14536,"United Kingdom"
"547795","22907","PACK OF 20 NAPKINS PANTRY DESIGN",2,"3/25/11 12:21",0.85,14536,"United Kingdom"
"547795","22457","NATURAL SLATE HEART CHALKBOARD",1,"3/25/11 12:21",2.95,14536,"United Kingdom"
"547795","22851","SET 20 NAPKINS FAIRY CAKES DESIGN",1,"3/25/11 12:21",0.85,14536,"United Kingdom"
"547795","22423","REGENCY CAKESTAND 3 TIER",4,"3/25/11 12:21",12.75,14536,"United Kingdom"
"547795","21658","GLASS  BEURRE DISH",1,"3/25/11 12:21",3.95,14536,"United Kingdom"
"547795","85124B","BLUE JUICY FRUIT PHOTO FRAME",2,"3/25/11 12:21",2.55,14536,"United Kingdom"
"547795","85124C","GREEN JUICY FRUIT PHOTO FRAME",1,"3/25/11 12:21",2.55,14536,"United Kingdom"
"547795","22507","MEMO BOARD RETROSPOT  DESIGN",2,"3/25/11 12:21",4.95,14536,"United Kingdom"
"547795","84946","ANTIQUE SILVER T-LIGHT GLASS",6,"3/25/11 12:21",1.25,14536,"United Kingdom"
"547795","22139","RETROSPOT TEA SET CERAMIC 11 PC",2,"3/25/11 12:21",4.95,14536,"United Kingdom"
"547795","22170","PICTURE FRAME WOOD TRIPLE PORTRAIT",1,"3/25/11 12:21",6.75,14536,"United Kingdom"
"547795","84840","SWEETHEART CARRY-ALL BASKET",1,"3/25/11 12:21",8.5,14536,"United Kingdom"
"547795","22829","SWEETHEART WIRE WALL TIDY",1,"3/25/11 12:21",9.95,14536,"United Kingdom"
"547795","21294","ETCHED GLASS COASTER",8,"3/25/11 12:21",1.25,14536,"United Kingdom"
"547795","22138","BAKING SET 9 PIECE RETROSPOT",2,"3/25/11 12:21",4.95,14536,"United Kingdom"
"547795","22169","FAMILY ALBUM WHITE PICTURE FRAME",1,"3/25/11 12:21",8.5,14536,"United Kingdom"
"547795","22456","NATURAL SLATE CHALKBOARD LARGE",1,"3/25/11 12:21",4.95,14536,"United Kingdom"
"547795","22168","ORGANISER WOOD ANTIQUE WHITE",2,"3/25/11 12:21",8.5,14536,"United Kingdom"
"547796","21123","SET/10 IVORY POLKADOT PARTY CANDLES",72,"3/25/11 12:34",1.25,14646,"Netherlands"
"547796","84997B","CHILDRENS CUTLERY RETROSPOT RED",72,"3/25/11 12:34",3.75,14646,"Netherlands"
"547796","22467","GUMBALL COAT RACK",36,"3/25/11 12:34",2.1,14646,"Netherlands"
"547796","22385","JUMBO BAG SPACEBOY DESIGN",100,"3/25/11 12:34",1.65,14646,"Netherlands"
"547796","20712","JUMBO BAG WOODLAND ANIMALS",100,"3/25/11 12:34",1.65,14646,"Netherlands"
"547796","20719","WOODLAND CHARLOTTE BAG",100,"3/25/11 12:34",0.72,14646,"Netherlands"
"547796","20677","PINK POLKADOT BOWL",8,"3/25/11 12:34",1.25,14646,"Netherlands"
"547796","21244","BLUE POLKADOT PLATE",16,"3/25/11 12:34",1.69,14646,"Netherlands"
"547796","21507","ELEPHANT, BIRTHDAY CARD,",72,"3/25/11 12:34",0.36,14646,"Netherlands"
"547796","22328","ROUND SNACK BOXES SET OF 4 FRUITS",48,"3/25/11 12:34",2.55,14646,"Netherlands"
"547796","22326","ROUND SNACK BOXES SET OF4 WOODLAND",48,"3/25/11 12:34",2.55,14646,"Netherlands"
"547796","21936","RED RETROSPOT PICNIC BAG",50,"3/25/11 12:34",2.55,14646,"Netherlands"
"547796","POST","POSTAGE",9,"3/25/11 12:34",15,14646,"Netherlands"
"C547797","37449","CERAMIC CAKE STAND + HANGING CAKES",-1,"3/25/11 12:34",9.95,17460,"United Kingdom"
"C547798","22333","RETROSPOT PARTY BAG + STICKER SET",-2,"3/25/11 12:43",1.65,17204,"United Kingdom"
"C547798","22967","SET 3 SONG BIRD PAPER EGGS ASSORTED",-12,"3/25/11 12:43",2.95,17204,"United Kingdom"
"C547798","22957","SET 3 PAPER VINTAGE CHICK PAPER EGG",-12,"3/25/11 12:43",2.95,17204,"United Kingdom"
"547799","22998","TRAVEL CARD WALLET KEEP CALM",24,"3/25/11 12:48",0.42,17139,"United Kingdom"
"547799","22996","TRAVEL CARD WALLET VINTAGE TICKET",24,"3/25/11 12:48",0.42,17139,"United Kingdom"
"547799","22661","CHARLOTTE BAG DOLLY GIRL DESIGN",30,"3/25/11 12:48",0.85,17139,"United Kingdom"
"547799","22355","CHARLOTTE BAG SUKI DESIGN",30,"3/25/11 12:48",0.85,17139,"United Kingdom"
"547799","20719","WOODLAND CHARLOTTE BAG",30,"3/25/11 12:48",0.85,17139,"United Kingdom"
"547799","20723","STRAWBERRY CHARLOTTE BAG",30,"3/25/11 12:48",0.85,17139,"United Kingdom"
"547799","20724","RED RETROSPOT CHARLOTTE BAG",30,"3/25/11 12:48",0.85,17139,"United Kingdom"
"547799","22386","JUMBO BAG PINK POLKADOT",10,"3/25/11 12:48",1.95,17139,"United Kingdom"
"547799","85099B","JUMBO BAG RED RETROSPOT",10,"3/25/11 12:48",1.95,17139,"United Kingdom"
"547799","20725","LUNCH BAG RED RETROSPOT",50,"3/25/11 12:48",1.65,17139,"United Kingdom"
"547799","20728","LUNCH BAG CARS BLUE",10,"3/25/11 12:48",1.65,17139,"United Kingdom"
"547799","20726","LUNCH BAG WOODLAND",30,"3/25/11 12:48",1.65,17139,"United Kingdom"
"547799","22662","LUNCH BAG DOLLY GIRL DESIGN",20,"3/25/11 12:48",1.65,17139,"United Kingdom"
"547799","20727","LUNCH BAG  BLACK SKULL.",30,"3/25/11 12:48",1.65,17139,"United Kingdom"
"547799","22382","LUNCH BAG SPACEBOY DESIGN",30,"3/25/11 12:48",1.65,17139,"United Kingdom"
"547799","22383","LUNCH BAG SUKI DESIGN",30,"3/25/11 12:48",1.65,17139,"United Kingdom"
"547799","22384","LUNCH BAG PINK POLKADOT",50,"3/25/11 12:48",1.65,17139,"United Kingdom"
"547799","21929","JUMBO BAG PINK VINTAGE PAISLEY",10,"3/25/11 12:48",1.95,17139,"United Kingdom"
"547799","21928","JUMBO BAG SCANDINAVIAN BLUE PAISLEY",10,"3/25/11 12:48",1.95,17139,"United Kingdom"
"547799","22423","REGENCY CAKESTAND 3 TIER",4,"3/25/11 12:48",12.75,17139,"United Kingdom"
"547799","21930","JUMBO STORAGE BAG SKULLS",10,"3/25/11 12:48",1.95,17139,"United Kingdom"
"547800","22759","SET OF 3 NOTEBOOKS IN PARCEL",1,"3/25/11 12:55",1.65,14504,"United Kingdom"
"547800","84535A","ENGLISH ROSE NOTEBOOK A6 SIZE",2,"3/25/11 12:55",0.65,14504,"United Kingdom"
"547800","21791","VINTAGE HEADS AND TAILS CARD GAME",1,"3/25/11 12:55",1.25,14504,"United Kingdom"
"547800","21917","SET 12 KIDS  WHITE CHALK STICKS",1,"3/25/11 12:55",0.42,14504,"United Kingdom"
"547800","21916","SET 12 RETRO WHITE CHALK STICKS",1,"3/25/11 12:55",0.42,14504,"United Kingdom"
"547800","21790","VINTAGE SNAP CARDS",2,"3/25/11 12:55",0.85,14504,"United Kingdom"
"547800","21912","VINTAGE SNAKES & LADDERS",1,"3/25/11 12:55",3.75,14504,"United Kingdom"
"547800","22082","RIBBON REEL STRIPES DESIGN",1,"3/25/11 12:55",1.65,14504,"United Kingdom"
"547800","85066","CREAM SWEETHEART MINI CHEST",1,"3/25/11 12:55",12.75,14504,"United Kingdom"
"547800","22829","SWEETHEART WIRE WALL TIDY",2,"3/25/11 12:55",9.95,14504,"United Kingdom"
"547800","82486","WOOD S/3 CABINET ANT WHITE FINISH",1,"3/25/11 12:55",8.95,14504,"United Kingdom"
"547800","82483","WOOD 2 DRAWER CABINET WHITE FINISH",1,"3/25/11 12:55",6.95,14504,"United Kingdom"
"547800","21784","SHOE SHINE BOX",1,"3/25/11 12:55",9.95,14504,"United Kingdom"
"547800","22171","3 HOOK PHOTO SHELF ANTIQUE WHITE",2,"3/25/11 12:55",8.5,14504,"United Kingdom"
"547800","84879","ASSORTED COLOUR BIRD ORNAMENT",8,"3/25/11 12:55",1.69,14504,"United Kingdom"
"547800","22170","PICTURE FRAME WOOD TRIPLE PORTRAIT",1,"3/25/11 12:55",6.75,14504,"United Kingdom"
"547800","85152","HAND OVER THE CHOCOLATE   SIGN",1,"3/25/11 12:55",2.1,14504,"United Kingdom"
"547800","21175","GIN + TONIC DIET METAL SIGN",1,"3/25/11 12:55",2.55,14504,"United Kingdom"
"547800","85150","LADIES & GENTLEMEN METAL SIGN",2,"3/25/11 12:55",2.55,14504,"United Kingdom"
"547800","82583","HOT BATHS METAL SIGN",2,"3/25/11 12:55",2.1,14504,"United Kingdom"
"547800","82582","AREA PATROLLED METAL SIGN",2,"3/25/11 12:55",2.1,14504,"United Kingdom"
"547800","22169","FAMILY ALBUM WHITE PICTURE FRAME",1,"3/25/11 12:55",8.5,14504,"United Kingdom"
"547801","21397","BLUE POLKADOT EGG CUP",48,"3/25/11 12:57",0.39,14107,"United Kingdom"
"547801","22309","TEA COSY RED  STRIPE",12,"3/25/11 12:57",2.55,14107,"United Kingdom"
"547801","21533","RETROSPOT LARGE MILK JUG",3,"3/25/11 12:57",4.95,14107,"United Kingdom"
"547801","20725","LUNCH BAG RED RETROSPOT",10,"3/25/11 12:57",1.65,14107,"United Kingdom"
"547801","21843","RED RETROSPOT CAKE STAND",2,"3/25/11 12:57",10.95,14107,"United Kingdom"
"547801","22993","SET OF 4 PANTRY JELLY MOULDS",12,"3/25/11 12:57",1.25,14107,"United Kingdom"
"547801","21212","PACK OF 72 RETROSPOT CAKE CASES",24,"3/25/11 12:57",0.55,14107,"United Kingdom"
"547801","22423","REGENCY CAKESTAND 3 TIER",2,"3/25/11 12:57",12.75,14107,"United Kingdom"
"547801","20658","RED RETROSPOT LUGGAGE TAG",24,"3/25/11 12:57",1.25,14107,"United Kingdom"
"547801","21866","UNION JACK FLAG LUGGAGE TAG",24,"3/25/11 12:57",1.25,14107,"United Kingdom"
"547801","20615","BLUE POLKADOT PASSPORT COVER",12,"3/25/11 12:57",2.1,14107,"United Kingdom"
"547801","21786","POLKADOT RAIN HAT",24,"3/25/11 12:57",0.42,14107,"United Kingdom"
"547801","21787","RAIN PONCHO RETROSPOT",24,"3/25/11 12:57",0.85,14107,"United Kingdom"
"547801","21967","PACK OF 12 SKULL TISSUES",24,"3/25/11 12:57",0.29,14107,"United Kingdom"
"547801","21980","PACK OF 12 RED RETROSPOT TISSUES",24,"3/25/11 12:57",0.29,14107,"United Kingdom"
"547801","21745","GAOLERS KEYS DECORATIVE GARDEN",12,"3/25/11 12:57",3.75,14107,"United Kingdom"
"547801","22652","TRAVEL SEWING KIT",10,"3/25/11 12:57",1.65,14107,"United Kingdom"
"547801","22348","TEA BAG PLATE RED RETROSPOT",24,"3/25/11 12:57",0.85,14107,"United Kingdom"
"547801","22980","PANTRY SCRUBBING BRUSH",12,"3/25/11 12:57",1.65,14107,"United Kingdom"
"547801","22979","PANTRY WASHING UP BRUSH",12,"3/25/11 12:57",1.45,14107,"United Kingdom"
"547801","22982","PANTRY PASTRY BRUSH",12,"3/25/11 12:57",1.25,14107,"United Kingdom"
"547801","21155","RED RETROSPOT PEG BAG",6,"3/25/11 12:57",2.55,14107,"United Kingdom"
"547801","22558","CLOTHES PEGS RETROSPOT PACK 24",24,"3/25/11 12:57",1.49,14107,"United Kingdom"
"547801","21154","RED RETROSPOT OVEN GLOVE",10,"3/25/11 12:57",1.25,14107,"United Kingdom"
"547801","20751","FUNKY WASHING UP GLOVES ASSORTED",12,"3/25/11 12:57",2.1,14107,"United Kingdom"
"547801","21535","RED RETROSPOT SMALL MILK JUG",6,"3/25/11 12:57",2.55,14107,"United Kingdom"
"547801","21531","RED RETROSPOT SUGAR JAM BOWL",6,"3/25/11 12:57",2.55,14107,"United Kingdom"
"547801","21539","RED RETROSPOT BUTTER DISH",3,"3/25/11 12:57",4.95,14107,"United Kingdom"
"C547802","71459","HANGING JAM JAR T-LIGHT HOLDER",-5,"3/25/11 13:12",0.72,12921,"United Kingdom"
"547803","22969","HOMEMADE JAM SCENTED CANDLES",12,"3/25/11 13:23",1.45,13662,"United Kingdom"
"547803","23184","BULL DOG BOTTLE OPENER",4,"3/25/11 13:23",4.95,13662,"United Kingdom"
"547803","22728","ALARM CLOCK BAKELIKE PINK",4,"3/25/11 13:23",3.75,13662,"United Kingdom"
"547803","22725","ALARM CLOCK BAKELIKE CHOCOLATE",4,"3/25/11 13:23",3.75,13662,"United Kingdom"
"547803","85032A","ROMANTIC IMAGES GIFT WRAP SET",6,"3/25/11 13:23",2.1,13662,"United Kingdom"
"547803","22967","SET 3 SONG BIRD PAPER EGGS ASSORTED",6,"3/25/11 13:23",2.95,13662,"United Kingdom"
"547803","23052","RECYCLED ACAPULCO MAT TURQUOISE",2,"3/25/11 13:23",8.25,13662,"United Kingdom"
"547803","23054","RECYCLED ACAPULCO MAT LAVENDER",2,"3/25/11 13:23",8.25,13662,"United Kingdom"
"547803","23049","RECYCLED ACAPULCO MAT RED",2,"3/25/11 13:23",8.25,13662,"United Kingdom"
"547803","22916","HERB MARKER THYME",12,"3/25/11 13:23",0.65,13662,"United Kingdom"
"547803","22918","HERB MARKER PARSLEY",12,"3/25/11 13:23",0.65,13662,"United Kingdom"
"547803","22920","HERB MARKER BASIL",12,"3/25/11 13:23",0.65,13662,"United Kingdom"
"547803","22917","HERB MARKER ROSEMARY",12,"3/25/11 13:23",0.65,13662,"United Kingdom"
"547803","22921","HERB MARKER CHIVES",12,"3/25/11 13:23",0.65,13662,"United Kingdom"
"547803","22919","HERB MARKER MINT",12,"3/25/11 13:23",0.65,13662,"United Kingdom"
"547803","22986","GINGHAM ROSE WRAP",25,"3/25/11 13:23",0.42,13662,"United Kingdom"
"547803","22492","MINI PAINT SET VINTAGE",36,"3/25/11 13:23",0.65,13662,"United Kingdom"
"547804","85194L","HANGING SPRING FLOWER EGG LARGE",8,"3/25/11 13:30",0.85,16817,"United Kingdom"
"547805","22430","ENAMEL WATERING CAN CREAM",4,"3/25/11 13:35",4.95,13327,"United Kingdom"
"547805","22432","WATERING CAN PINK BUNNY",6,"3/25/11 13:35",1.95,13327,"United Kingdom"
"547805","85099B","JUMBO BAG RED RETROSPOT",40,"3/25/11 13:35",1.95,13327,"United Kingdom"
"547805","22381","TOY TIDY PINK POLKADOT",5,"3/25/11 13:35",2.1,13327,"United Kingdom"
"547805","21928","JUMBO BAG SCANDINAVIAN BLUE PAISLEY",20,"3/25/11 13:35",1.95,13327,"United Kingdom"
"547805","22325","MOBILE VINTAGE HEARTS",3,"3/25/11 13:35",4.95,13327,"United Kingdom"
"547805","21181","PLEASE ONE PERSON METAL SIGN",12,"3/25/11 13:35",2.1,13327,"United Kingdom"
"547805","22477","WATERING CAN GARDEN MARKER",10,"3/25/11 13:35",1.25,13327,"United Kingdom"
"547805","22822","CREAM WALL PLANTER HEART SHAPED",2,"3/25/11 13:35",5.95,13327,"United Kingdom"
"547805","22896","PEG BAG APPLES DESIGN",6,"3/25/11 13:35",2.55,13327,"United Kingdom"
"547805","22427","ENAMEL FLOWER JUG CREAM",3,"3/25/11 13:35",5.95,13327,"United Kingdom"
"547805","84828","JUNGLE POPSICLES ICE LOLLY MOULDS",12,"3/25/11 13:35",1.25,13327,"United Kingdom"
"547805","20829","GLITTER HANGING BUTTERFLY STRING",8,"3/25/11 13:35",2.1,13327,"United Kingdom"
"547805","22502","PICNIC BASKET WICKER SMALL",4,"3/25/11 13:35",5.95,13327,"United Kingdom"
"547805","21932","SCANDINAVIAN PAISLEY PICNIC BAG",15,"3/25/11 13:35",2.95,13327,"United Kingdom"
"547805","21468","BUTTERFLY CROCHET FOOD COVER",6,"3/25/11 13:35",3.75,13327,"United Kingdom"
"547805","21470","FLOWER VINE RAFFIA FOOD COVER",6,"3/25/11 13:35",3.75,13327,"United Kingdom"
"547805","84796A","PINK HAWAIIAN PICNIC HAMPER FOR 2",2,"3/25/11 13:35",12.75,13327,"United Kingdom"
"547805","82580","BATHROOM METAL SIGN",12,"3/25/11 13:35",0.55,13327,"United Kingdom"
"547805","82583","HOT BATHS METAL SIGN",12,"3/25/11 13:35",2.1,13327,"United Kingdom"
"547805","85150","LADIES & GENTLEMEN METAL SIGN",6,"3/25/11 13:35",2.55,13327,"United Kingdom"
"C547806","22720","SET OF 3 CAKE TINS PANTRY DESIGN",-1,"3/25/11 13:37",4.95,12528,"Germany"
"C547806","21232","STRAWBERRY CERAMIC TRINKET BOX",-1,"3/25/11 13:37",1.25,12528,"Germany"
"C547807","22962","JAM JAR WITH PINK LID",-2,"3/25/11 13:41",0.85,14194,"United Kingdom"
"C547807","85194S","HANGING SPRING FLOWER EGG SMALL",-4,"3/25/11 13:41",0.65,14194,"United Kingdom"
"C547808","37450","CERAMIC CAKE BOWL + HANGING CAKES",-4,"3/25/11 13:42",2.95,13014,"United Kingdom"
"C547808","21257","VICTORIAN SEWING BOX MEDIUM",-1,"3/25/11 13:42",7.95,13014,"United Kingdom"
"547809","21430","SET/3 RED GINGHAM ROSE STORAGE BOX",1,"3/25/11 13:54",3.75,12748,"United Kingdom"
"547809","20914","SET/5 RED RETROSPOT LID GLASS BOWLS",1,"3/25/11 13:54",2.95,12748,"United Kingdom"
"547809","21990","MODERN FLORAL STATIONERY SET",1,"3/25/11 13:54",2.95,12748,"United Kingdom"
"547809","20755","BLUE PAISLEY POCKET BOOK",1,"3/25/11 13:54",0.85,12748,"United Kingdom"
"547809","20985","HEART CALCULATOR",1,"3/25/11 13:54",1.25,12748,"United Kingdom"
"547809","20986","BLUE CALCULATOR RULER",1,"3/25/11 13:54",1.25,12748,"United Kingdom"
"547809","22350","ILLUSTRATED CAT BOWL",1,"3/25/11 13:54",2.55,12748,"United Kingdom"
"547809","22301","COFFEE MUG CAT + BIRD DESIGN",2,"3/25/11 13:54",2.55,12748,"United Kingdom"
"547809","22300","COFFEE MUG DOG + BALL DESIGN",2,"3/25/11 13:54",2.55,12748,"United Kingdom"
"547809","22303","COFFEE MUG APPLES DESIGN",2,"3/25/11 13:54",2.55,12748,"United Kingdom"
"547809","22302","COFFEE MUG PEARS  DESIGN",6,"3/25/11 13:54",2.55,12748,"United Kingdom"
"547809","22302","COFFEE MUG PEARS  DESIGN",2,"3/25/11 13:54",2.55,12748,"United Kingdom"
"547809","22303","COFFEE MUG APPLES DESIGN",1,"3/25/11 13:54",2.55,12748,"United Kingdom"
"547809","22971","QUEENS GUARD COFFEE MUG",1,"3/25/11 13:54",2.55,12748,"United Kingdom"
"547809","22970","LONDON BUS COFFEE MUG",2,"3/25/11 13:54",2.55,12748,"United Kingdom"
"547809","22301","COFFEE MUG CAT + BIRD DESIGN",2,"3/25/11 13:54",2.55,12748,"United Kingdom"
"547809","22300","COFFEE MUG DOG + BALL DESIGN",2,"3/25/11 13:54",2.55,12748,"United Kingdom"
"547809","21238","RED RETROSPOT CUP",2,"3/25/11 13:54",0.85,12748,"United Kingdom"
"547809","21430","SET/3 RED GINGHAM ROSE STORAGE BOX",2,"3/25/11 13:54",3.75,12748,"United Kingdom"
"547809","22482","BLUE TEA TOWEL CLASSIC DESIGN",2,"3/25/11 13:54",1.25,12748,"United Kingdom"
"547809","22349","DOG BOWL CHASING BALL DESIGN",1,"3/25/11 13:54",3.75,12748,"United Kingdom"
"547809","22251","BIRDHOUSE DECORATION MAGIC GARDEN",1,"3/25/11 13:54",1.25,12748,"United Kingdom"
"547809","84569C","PACK 4 FLOWER/BUTTERFLY PATCHES",1,"3/25/11 13:54",1.25,12748,"United Kingdom"
"547809","84569A","PACK 3 IRON ON DOG PATCHES",2,"3/25/11 13:54",1.25,12748,"United Kingdom"
"547809","22525","CHILDRENS GARDEN GLOVES PINK",2,"3/25/11 13:54",1.25,12748,"United Kingdom"
"547809","22523","CHILDS GARDEN FORK PINK",2,"3/25/11 13:54",0.85,12748,"United Kingdom"
"547809","22521","CHILDS GARDEN TROWEL PINK",2,"3/25/11 13:54",0.85,12748,"United Kingdom"
"547809","47566","PARTY BUNTING",1,"3/25/11 13:54",4.95,12748,"United Kingdom"
"547809","20755","BLUE PAISLEY POCKET BOOK",1,"3/25/11 13:54",0.85,12748,"United Kingdom"
"547809","21990","MODERN FLORAL STATIONERY SET",1,"3/25/11 13:54",2.95,12748,"United Kingdom"
"547809","21328","BALLOONS  WRITING SET",1,"3/25/11 13:54",1.65,12748,"United Kingdom"
"547809","20986","BLUE CALCULATOR RULER",2,"3/25/11 13:54",1.25,12748,"United Kingdom"
"547809","84535A","ENGLISH ROSE NOTEBOOK A6 SIZE",2,"3/25/11 13:54",0.65,12748,"United Kingdom"
"547809","84978","HANGING HEART JAR T-LIGHT HOLDER",6,"3/25/11 13:54",1.25,12748,"United Kingdom"
"547809","20832","RED FLOCK LOVE HEART PHOTO FRAME",24,"3/25/11 13:54",0.85,12748,"United Kingdom"
"547809","51020A","SUMMER FUN DESIGN SHOWER CAP",12,"3/25/11 13:54",0.29,12748,"United Kingdom"
"547809","22196","SMALL HEART MEASURING SPOONS",20,"3/25/11 13:54",0.85,12748,"United Kingdom"
"547809","84988","SET OF 72 PINK HEART PAPER DOILIES",4,"3/25/11 13:54",1.45,12748,"United Kingdom"
"547809","37482P","CUBIC MUG PINK POLKADOT",48,"3/25/11 13:54",0.39,12748,"United Kingdom"
"547810","M","Manual",1,"3/25/11 14:00",0.85,,"United Kingdom"
"547810","21937","STRAWBERRY   PICNIC BAG",1,"3/25/11 14:00",2.95,,"United Kingdom"
"547810","22349","DOG BOWL CHASING BALL DESIGN",1,"3/25/11 14:00",3.75,,"United Kingdom"
"547810","22771","CLEAR DRAWER KNOB ACRYLIC EDWARDIAN",1,"3/25/11 14:00",1.25,,"United Kingdom"
"547810","22970","LONDON BUS COFFEE MUG",1,"3/25/11 14:00",2.55,,"United Kingdom"
"547810","37333","RETRO ""TEA FOR ONE""",1,"3/25/11 14:00",1.95,,"United Kingdom"
"547810","22421","LIPSTICK PEN FUSCHIA",1,"3/25/11 14:00",0.42,,"United Kingdom"
"547810","22466","FAIRY TALE COTTAGE NIGHTLIGHT",1,"3/25/11 14:00",1.95,,"United Kingdom"
"547810","22441","GROW YOUR OWN BASIL IN ENAMEL MUG",1,"3/25/11 14:00",2.1,,"United Kingdom"
"547810","84595E","LARGE TORTILLA DESIGN RED BOWL",1,"3/25/11 14:00",3.75,,"United Kingdom"
"547810","22897","OVEN MITT APPLES DESIGN",1,"3/25/11 14:00",1.45,,"United Kingdom"
"547810","79066K","RETRO MOD TRAY",1,"3/25/11 14:00",0.85,,"United Kingdom"
"547810","22988","SOLDIERS EGG CUP",2,"3/25/11 14:00",1.25,,"United Kingdom"
"547810","20914","SET/5 RED RETROSPOT LID GLASS BOWLS",3,"3/25/11 14:00",2.95,,"United Kingdom"
"547811","22537","MAGIC DRAWING SLATE DINOSAUR",48,"3/25/11 14:01",0.42,17368,"United Kingdom"
"547811","22535","MAGIC DRAWING SLATE BUNNIES",48,"3/25/11 14:01",0.42,17368,"United Kingdom"
"547811","22979","PANTRY WASHING UP BRUSH",2,"3/25/11 14:01",1.45,17368,"United Kingdom"
"547811","51014L","FEATHER PEN,LIGHT PINK",2,"3/25/11 14:01",0.85,17368,"United Kingdom"
"547811","21195","PINK  HONEYCOMB PAPER BALL",1,"3/25/11 14:01",2.1,17368,"United Kingdom"
"547811","21205","MULTICOLOUR 3D BALLS GARLAND",1,"3/25/11 14:01",2.55,17368,"United Kingdom"
"547811","21200","MULTICOLOUR HONEYCOMB PAPER GARLAND",1,"3/25/11 14:01",1.65,17368,"United Kingdom"
"547811","21208","PASTEL COLOUR HONEYCOMB FAN",2,"3/25/11 14:01",1.65,17368,"United Kingdom"
"547811","20828","GLITTER BUTTERFLY CLIPS",1,"3/25/11 14:01",2.55,17368,"United Kingdom"
"547811","22442","GROW YOUR OWN FLOWERS SET OF 3",2,"3/25/11 14:01",7.95,17368,"United Kingdom"
"547811","84741C","CITRUS GARLAND FELT FLOWERS",2,"3/25/11 14:01",1.95,17368,"United Kingdom"
"547811","22246","MAGIC GARDEN FELT GARLAND",2,"3/25/11 14:01",1.95,17368,"United Kingdom"
"547811","22128","PARTY CONES CANDY ASSORTED",6,"3/25/11 14:01",1.25,17368,"United Kingdom"
"547811","22418","10 COLOUR SPACEBOY PEN",24,"3/25/11 14:01",0.85,17368,"United Kingdom"
"547811","23053","RECYCLED ACAPULCO MAT PINK",1,"3/25/11 14:01",8.25,17368,"United Kingdom"
"547811","22992","REVOLVER WOODEN RULER",24,"3/25/11 14:01",1.95,17368,"United Kingdom"
"547811","20974","12 PENCILS SMALL TUBE SKULL",48,"3/25/11 14:01",0.65,17368,"United Kingdom"
"547812","82484","WOOD BLACK BOARD ANT WHITE FINISH",300,"3/25/11 14:06",4.77,18102,"United Kingdom"
"547812","22507","MEMO BOARD RETROSPOT  DESIGN",304,"3/25/11 14:06",3.85,18102,"United Kingdom"
"547812","22189","CREAM HEART CARD HOLDER",432,"3/25/11 14:06",2.31,18102,"United Kingdom"
"547812","21623","VINTAGE UNION JACK MEMOBOARD",300,"3/25/11 14:06",6.38,18102,"United Kingdom"
"547813","84840",,1,"3/25/11 14:11",0,,"United Kingdom"
"547814","22656","VINTAGE BLUE KITCHEN CABINET",1,"3/25/11 14:19",295,13452,"United Kingdom"
"547815","22554","PLASTERS IN TIN WOODLAND ANIMALS",36,"3/25/11 14:19",1.65,13520,"Switzerland"
"547815","22326","ROUND SNACK BOXES SET OF4 WOODLAND",36,"3/25/11 14:19",2.95,13520,"Switzerland"
"547815","22556","PLASTERS IN TIN CIRCUS PARADE",36,"3/25/11 14:19",1.65,13520,"Switzerland"
"547815","22551","PLASTERS IN TIN SPACEBOY",24,"3/25/11 14:19",1.65,13520,"Switzerland"
"547815","22328","ROUND SNACK BOXES SET OF 4 FRUITS",18,"3/25/11 14:19",2.95,13520,"Switzerland"
"547815","20676","RED RETROSPOT BOWL",16,"3/25/11 14:19",1.25,13520,"Switzerland"
"547815","20675","BLUE POLKADOT BOWL",16,"3/25/11 14:19",1.25,13520,"Switzerland"
"547815","22716","CARD CIRCUS PARADE",12,"3/25/11 14:19",0.42,13520,"Switzerland"
"547815","22029","SPACEBOY BIRTHDAY CARD",12,"3/25/11 14:19",0.42,13520,"Switzerland"
"547815","84997A","CHILDRENS CUTLERY POLKADOT GREEN",8,"3/25/11 14:19",4.15,13520,"Switzerland"
"547815","84997B","CHILDRENS CUTLERY RETROSPOT RED",8,"3/25/11 14:19",4.15,13520,"Switzerland"
"547815","84997D","CHILDRENS CUTLERY POLKADOT PINK",4,"3/25/11 14:19",4.15,13520,"Switzerland"
"547815","POST","POSTAGE",1,"3/25/11 14:19",40,13520,"Switzerland"
"547816","22443","GROW YOUR OWN HERBS SET OF 3",1,"3/25/11 14:30",7.95,12748,"United Kingdom"
"547816","20829","GLITTER HANGING BUTTERFLY STRING",1,"3/25/11 14:30",2.1,12748,"United Kingdom"
"547816","21907","I'M ON HOLIDAY METAL SIGN",1,"3/25/11 14:30",2.1,12748,"United Kingdom"
"547816","22583","PACK OF 6 HANDBAG GIFT BOXES",1,"3/25/11 14:30",2.55,12748,"United Kingdom"
"547816","22584","PACK OF 6 PANNETONE GIFT BOXES",1,"3/25/11 14:30",2.55,12748,"United Kingdom"
"547816","22582","PACK OF 6 SWEETIE GIFT BOXES",1,"3/25/11 14:30",2.55,12748,"United Kingdom"
"547816","22900","SET 2 TEA TOWELS I LOVE LONDON",1,"3/25/11 14:30",2.95,12748,"United Kingdom"
"547816","21925","UNION STRIPE CUSHION COVER",1,"3/25/11 14:30",1.25,12748,"United Kingdom"
"547816","21926","RED/CREAM STRIPE CUSHION COVER",1,"3/25/11 14:30",1.25,12748,"United Kingdom"
"547817","22663","JUMBO BAG DOLLY GIRL DESIGN",3,"3/25/11 14:34",1.95,17946,"United Kingdom"
"547817","85099C","JUMBO  BAG BAROQUE BLACK WHITE",3,"3/25/11 14:34",1.95,17946,"United Kingdom"
"547817","20713","JUMBO BAG OWLS",3,"3/25/11 14:34",1.95,17946,"United Kingdom"
"547818","22460","EMBOSSED GLASS TEALIGHT HOLDER",4,"3/25/11 14:39",1.25,12748,"United Kingdom"
"547818","22215","CAKE STAND WHITE TWO TIER LACE",1,"3/25/11 14:39",8.5,12748,"United Kingdom"
"547818","21584","RETROSPOT SMALL TUBE MATCHES",1,"3/25/11 14:39",1.65,12748,"United Kingdom"
"547818","21201","TROPICAL  HONEYCOMB PAPER GARLAND",1,"3/25/11 14:39",2.55,12748,"United Kingdom"
"547818","22089","PAPER BUNTING VINTAGE PAISLEY",1,"3/25/11 14:39",2.95,12748,"United Kingdom"
"547818","22969","HOMEMADE JAM SCENTED CANDLES",12,"3/25/11 14:39",1.45,12748,"United Kingdom"
"547818","22358","KINGS CHOICE TEA CADDY",1,"3/25/11 14:39",2.95,12748,"United Kingdom"
"547818","22584","PACK OF 6 PANNETONE GIFT BOXES",1,"3/25/11 14:39",2.55,12748,"United Kingdom"
"547818","84755","COLOUR GLASS T-LIGHT HOLDER HANGING",8,"3/25/11 14:39",0.65,12748,"United Kingdom"
"547818","21631","HIPPY CHIC DECORATIVE PARASOL",2,"3/25/11 14:39",12.75,12748,"United Kingdom"
"547818","85099C","JUMBO  BAG BAROQUE BLACK WHITE",1,"3/25/11 14:39",1.95,12748,"United Kingdom"
"547819","85053","FRENCH ENAMEL CANDLEHOLDER",5,"3/25/11 14:45",2.1,12748,"United Kingdom"
"547819","20828","GLITTER BUTTERFLY CLIPS",10,"3/25/11 14:45",2.55,12748,"United Kingdom"
"547819","21588","RETROSPOT GIANT TUBE MATCHES",1,"3/25/11 14:45",2.55,12748,"United Kingdom"
"547819","21035","SET/2 RED RETROSPOT TEA TOWELS",2,"3/25/11 14:45",3.25,12748,"United Kingdom"
"547819","22087","PAPER BUNTING WHITE LACE",1,"3/25/11 14:45",2.95,12748,"United Kingdom"
"547819","40016","CHINESE DRAGON PAPER LANTERNS",12,"3/25/11 14:45",0.42,12748,"United Kingdom"
"547819","21470","FLOWER VINE RAFFIA FOOD COVER",1,"3/25/11 14:45",3.75,12748,"United Kingdom"
"547819","21466","RED FLOWER CROCHET FOOD COVER",1,"3/25/11 14:45",3.75,12748,"United Kingdom"
"547819","21733","RED HANGING HEART T-LIGHT HOLDER",4,"3/25/11 14:45",2.95,12748,"United Kingdom"
"547819","22236","CAKE STAND 3 TIER MAGIC GARDEN",1,"3/25/11 14:45",12.75,12748,"United Kingdom"
"547819","22360","GLASS JAR ENGLISH CONFECTIONERY",2,"3/25/11 14:45",2.95,12748,"United Kingdom"
"547819","22411","JUMBO SHOPPER VINTAGE RED PAISLEY",1,"3/25/11 14:45",1.95,12748,"United Kingdom"
"547819","20717","STRAWBERRY SHOPPER BAG",1,"3/25/11 14:45",1.25,12748,"United Kingdom"
"547820","22560","TRADITIONAL MODELLING CLAY",24,"3/25/11 14:46",1.25,13743,"United Kingdom"
"547820","22493","PAINT YOUR OWN CANVAS SET",12,"3/25/11 14:46",1.65,13743,"United Kingdom"
"547820","22561","WOODEN SCHOOL COLOURING SET",24,"3/25/11 14:46",1.65,13743,"United Kingdom"
"547820","21891","TRADITIONAL WOODEN SKIPPING ROPE",12,"3/25/11 14:46",1.25,13743,"United Kingdom"
"547820","22492","MINI PAINT SET VINTAGE",36,"3/25/11 14:46",0.65,13743,"United Kingdom"
"547820","84077","WORLD WAR 2 GLIDERS ASSTD DESIGNS",48,"3/25/11 14:46",0.29,13743,"United Kingdom"
"547821","23159","SET OF 5 PANCAKE DAY MAGNETS",120,"3/25/11 14:50",1.85,12621,"Germany"
"547821","23154","SET OF 4 JAM JAR MAGNETS",120,"3/25/11 14:50",1.85,12621,"Germany"
"547821","23158","SET OF 5 LUCKY CAT MAGNETS",120,"3/25/11 14:50",1.85,12621,"Germany"
"547821","23156","SET OF 5 MINI GROCERY MAGNETS",120,"3/25/11 14:50",1.85,12621,"Germany"
"547821","POST","POSTAGE",4,"3/25/11 14:50",18,12621,"Germany"
"547822","20914","SET/5 RED RETROSPOT LID GLASS BOWLS",12,"3/25/11 14:53",2.95,12668,"Germany"
"547822","21154","RED RETROSPOT OVEN GLOVE",10,"3/25/11 14:53",1.25,12668,"Germany"
"547822","21232","STRAWBERRY CERAMIC TRINKET BOX",72,"3/25/11 14:53",1.06,12668,"Germany"
"547822","21531","RED RETROSPOT SUGAR JAM BOWL",6,"3/25/11 14:53",2.55,12668,"Germany"
"547822","21535","RED RETROSPOT SMALL MILK JUG",6,"3/25/11 14:53",2.55,12668,"Germany"
"547822","21537","RED RETROSPOT PUDDING BOWL",4,"3/25/11 14:53",4.25,12668,"Germany"
"547822","21539","RED RETROSPOT BUTTER DISH",3,"3/25/11 14:53",4.95,12668,"Germany"
"547822","21558","SKULL LUNCH BOX WITH CUTLERY",6,"3/25/11 14:53",2.55,12668,"Germany"
"547822","21559","STRAWBERRY LUNCH BOX WITH CUTLERY",6,"3/25/11 14:53",2.55,12668,"Germany"
"547822","21731","RED TOADSTOOL LED NIGHT LIGHT",12,"3/25/11 14:53",1.65,12668,"Germany"
"547822","21843","RED RETROSPOT CAKE STAND",1,"3/25/11 14:53",10.95,12668,"Germany"
"547822","22059","CERAMIC STRAWBERRY DESIGN MUG",12,"3/25/11 14:53",1.49,12668,"Germany"
"547822","22063","CERAMIC BOWL WITH STRAWBERRY DESIGN",6,"3/25/11 14:53",2.95,12668,"Germany"
"547822","22073","RED RETROSPOT STORAGE JAR",4,"3/25/11 14:53",3.75,12668,"Germany"
"547822","22199","FRYING PAN RED RETROSPOT",4,"3/25/11 14:53",4.25,12668,"Germany"
"547822","22200","FRYING PAN PINK POLKADOT",4,"3/25/11 14:53",4.25,12668,"Germany"
"547822","22203","MILK PAN RED RETROSPOT",4,"3/25/11 14:53",3.75,12668,"Germany"
"547822","22326","ROUND SNACK BOXES SET OF4 WOODLAND",12,"3/25/11 14:53",2.95,12668,"Germany"
"547822","22328","ROUND SNACK BOXES SET OF 4 FRUITS",6,"3/25/11 14:53",2.95,12668,"Germany"
"547822","22329","ROUND CONTAINER SET OF 5 RETROSPOT",12,"3/25/11 14:53",1.65,12668,"Germany"
"547822","22398","MAGNETS PACK OF 4 SWALLOWS",12,"3/25/11 14:53",1.25,12668,"Germany"
"547822","22645","CERAMIC HEART FAIRY CAKE MONEY BANK",12,"3/25/11 14:53",1.45,12668,"Germany"
"547822","22646","CERAMIC STRAWBERRY CAKE MONEY BANK",12,"3/25/11 14:53",1.45,12668,"Germany"
"547822","22649","STRAWBERRY FAIRY CAKE TEAPOT",24,"3/25/11 14:53",4.25,12668,"Germany"
"547822","22722","SET OF 6 SPICE TINS PANTRY DESIGN",4,"3/25/11 14:53",3.95,12668,"Germany"
"547822","22895","SET OF 2 TEA TOWELS APPLE AND PEARS",6,"3/25/11 14:53",2.95,12668,"Germany"
"547822","37448","CERAMIC CAKE DESIGN SPOTTED MUG",12,"3/25/11 14:53",1.49,12668,"Germany"
"547822","47559B","TEA TIME OVEN GLOVE",10,"3/25/11 14:53",1.25,12668,"Germany"
"547822","48185","DOORMAT FAIRY CAKE",4,"3/25/11 14:53",7.95,12668,"Germany"
"547822","84509B","SET OF 4 FAIRY CAKE PLACEMATS",4,"3/25/11 14:53",3.75,12668,"Germany"
"547822","22989","SET 2 PANTRY DESIGN TEA TOWELS",12,"3/25/11 14:53",3.25,12668,"Germany"
"547822","22980","PANTRY SCRUBBING BRUSH",12,"3/25/11 14:53",1.65,12668,"Germany"
"547822","22992","REVOLVER WOODEN RULER",12,"3/25/11 14:53",1.95,12668,"Germany"
"547822","22978","PANTRY ROLLING PIN",6,"3/25/11 14:53",3.75,12668,"Germany"
"547822","22979","PANTRY WASHING UP BRUSH",12,"3/25/11 14:53",1.45,12668,"Germany"
"547822","22982","PANTRY PASTRY BRUSH",12,"3/25/11 14:53",1.25,12668,"Germany"
"547822","22993","SET OF 4 PANTRY JELLY MOULDS",12,"3/25/11 14:53",1.25,12668,"Germany"
"547822","23078","ICE CREAM PEN LIP GLOSS",24,"3/25/11 14:53",1.25,12668,"Germany"
"547822","23179","CLOCK MAGNET MUM'S KITCHEN",6,"3/25/11 14:53",2.89,12668,"Germany"
"547822","20750","RED RETROSPOT MINI CASES",2,"3/25/11 14:53",7.95,12668,"Germany"
"547822","22962","JAM JAR WITH PINK LID",12,"3/25/11 14:53",0.85,12668,"Germany"
"547822","22467","GUMBALL COAT RACK",6,"3/25/11 14:53",2.55,12668,"Germany"
"547822","22221","CAKE STAND LOVEBIRD 2 TIER PINK",2,"3/25/11 14:53",9.95,12668,"Germany"
"547822","22215","CAKE STAND WHITE TWO TIER LACE",2,"3/25/11 14:53",8.5,12668,"Germany"
"547822","37500","TEA TIME TEAPOT IN GIFT BOX",12,"3/25/11 14:53",4.95,12668,"Germany"
"547822","22123","PING MICROWAVE APRON",12,"3/25/11 14:53",1.95,12668,"Germany"
"547822","22062","CERAMIC BOWL WITH LOVE HEART DESIGN",36,"3/25/11 14:53",0.83,12668,"Germany"
"547822","37501","TEA TIME TEA SET IN GIFT BOX",12,"3/25/11 14:53",6.95,12668,"Germany"
"547822","POST","POSTAGE",16,"3/25/11 14:53",18,12668,"Germany"
"547825","84380","SET OF 3 BUTTERFLY COOKIE CUTTERS",36,"3/25/11 15:01",1.25,12778,"Netherlands"
"547825","21059","PARTY INVITES DINOSAURS",12,"3/25/11 15:01",0.85,12778,"Netherlands"
"547825","22334","DINOSAUR PARTY BAG + STICKER SET",16,"3/25/11 15:01",1.65,12778,"Netherlands"
"547825","48185","DOORMAT FAIRY CAKE",2,"3/25/11 15:01",7.95,12778,"Netherlands"
"547825","21989","PACK OF 20 SKULL PAPER NAPKINS",12,"3/25/11 15:01",0.85,12778,"Netherlands"
"547825","21987","PACK OF 6 SKULL PAPER CUPS",12,"3/25/11 15:01",0.65,12778,"Netherlands"
"547825","21988","PACK OF 6 SKULL PAPER PLATES",12,"3/25/11 15:01",0.85,12778,"Netherlands"
"547825","22605","WOODEN CROQUET GARDEN SET",1,"3/25/11 15:01",14.95,12778,"Netherlands"
"547825","POST","POSTAGE",1,"3/25/11 15:01",15,12778,"Netherlands"
"547826","22412","METAL SIGN NEIGHBOURHOOD WITCH",12,"3/25/11 15:08",2.1,18078,"United Kingdom"
"547826","22087","PAPER BUNTING WHITE LACE",2,"3/25/11 15:08",2.95,18078,"United Kingdom"
"547826","22088","PAPER BUNTING COLOURED LACE",4,"3/25/11 15:08",2.95,18078,"United Kingdom"
"547826","21201","TROPICAL  HONEYCOMB PAPER GARLAND",17,"3/25/11 15:08",2.55,18078,"United Kingdom"
"547826","21742","LARGE ROUND WICKER PLATTER",1,"3/25/11 15:08",5.95,18078,"United Kingdom"
"547826","22699","ROSES REGENCY TEACUP AND SAUCER",1,"3/25/11 15:08",2.95,18078,"United Kingdom"
"547826","21378","SMALL TALL CAMPHOR WOOD TOADSTOOL",6,"3/25/11 15:08",1.65,18078,"United Kingdom"
"547826","21379","CAMPHOR WOOD PORTOBELLO MUSHROOM",6,"3/25/11 15:08",1.25,18078,"United Kingdom"
"547826","21382","SET/4 SPRING FLOWER DECORATION",1,"3/25/11 15:08",2.95,18078,"United Kingdom"
"547826","79000","MOROCCAN TEA GLASS",12,"3/25/11 15:08",0.85,18078,"United Kingdom"
"547826","22936","BAKING MOULD ROSE WHITE CHOCOLATE",1,"3/25/11 15:08",3.25,18078,"United Kingdom"
"547826","75131","METAL TUBE CHIME ON BAMBOO",1,"3/25/11 15:08",1.69,18078,"United Kingdom"
"547826","17013D","ORIGAMI ROSE INCENSE IN TUBE",1,"3/25/11 15:08",1.65,18078,"United Kingdom"
"547826","23052","RECYCLED ACAPULCO MAT TURQUOISE",2,"3/25/11 15:08",8.25,18078,"United Kingdom"
"547826","22871","NUMBER TILE COTTAGE GARDEN 3",1,"3/25/11 15:08",1.95,18078,"United Kingdom"
"547826","22877","NUMBER TILE COTTAGE GARDEN 9",1,"3/25/11 15:08",1.95,18078,"United Kingdom"
"547826","22251","BIRDHOUSE DECORATION MAGIC GARDEN",1,"3/25/11 15:08",1.25,18078,"United Kingdom"
"547826","84212","ASSORTED FLOWER COLOUR ""LEIS""",24,"3/25/11 15:08",0.65,18078,"United Kingdom"
"547826","21682","LARGE MEDINA STAMPED METAL BOWL",4,"3/25/11 15:08",4.95,18078,"United Kingdom"
"547826","22794","SWEETHEART WIRE MAGAZINE RACK",1,"3/25/11 15:08",7.95,18078,"United Kingdom"
"547826","84231","EASTER BUNNY WITH BASKET ON BACK",1,"3/25/11 15:08",0.65,18078,"United Kingdom"
"547827","22444",,82,"3/25/11 15:10",0,,"United Kingdom"
"547828","84978","HANGING HEART JAR T-LIGHT HOLDER",36,"3/25/11 15:18",1.06,16618,"United Kingdom"
"547828","22961","JAM MAKING SET PRINTED",12,"3/25/11 15:18",1.45,16618,"United Kingdom"
"547828","22854","CREAM SWEETHEART EGG HOLDER",4,"3/25/11 15:18",4.95,16618,"United Kingdom"
"547828","22699","ROSES REGENCY TEACUP AND SAUCER",6,"3/25/11 15:18",2.95,16618,"United Kingdom"
"547828","22423","REGENCY CAKESTAND 3 TIER",4,"3/25/11 15:18",12.75,16618,"United Kingdom"
"547828","22197","SMALL POPCORN HOLDER",36,"3/25/11 15:18",0.85,16618,"United Kingdom"
"547828","21673","WHITE SPOT BLUE CERAMIC DRAWER KNOB",48,"3/25/11 15:18",1.25,16618,"United Kingdom"
"547828","21670","BLUE SPOT CERAMIC DRAWER KNOB",48,"3/25/11 15:18",1.25,16618,"United Kingdom"
"547828","21669","BLUE STRIPE CERAMIC DRAWER KNOB",48,"3/25/11 15:18",1.25,16618,"United Kingdom"
"547829","21389","IVORY HANGING DECORATION  BIRD",24,"3/25/11 15:24",0.85,16081,"United Kingdom"
"547829","22296","HEART IVORY TRELLIS LARGE",12,"3/25/11 15:24",1.65,16081,"United Kingdom"
"547829","82482","WOODEN PICTURE FRAME WHITE FINISH",12,"3/25/11 15:24",2.55,16081,"United Kingdom"
"547829","21385","IVORY HANGING DECORATION  HEART",24,"3/25/11 15:24",0.85,16081,"United Kingdom"
"547829","22169","FAMILY ALBUM WHITE PICTURE FRAME",2,"3/25/11 15:24",8.5,16081,"United Kingdom"
"547829","22295","HEART FILIGREE DOVE LARGE",12,"3/25/11 15:24",1.65,16081,"United Kingdom"
"547829","82483","WOOD 2 DRAWER CABINET WHITE FINISH",2,"3/25/11 15:24",6.95,16081,"United Kingdom"
"547829","22595","GINGHAM HEART DECORATION",12,"3/25/11 15:24",0.85,16081,"United Kingdom"
"547829","21442","GREEN BIRDHOUSE DECORATION",12,"3/25/11 15:24",0.85,16081,"United Kingdom"
"547829","82494L","WOODEN FRAME ANTIQUE WHITE",6,"3/25/11 15:24",2.95,16081,"United Kingdom"
"547829","84879","ASSORTED COLOUR BIRD ORNAMENT",16,"3/25/11 15:24",1.69,16081,"United Kingdom"
"547829","21340","CLASSIC METAL BIRDCAGE PLANT HOLDER",2,"3/25/11 15:24",12.75,16081,"United Kingdom"
"547829","22170","PICTURE FRAME WOOD TRIPLE PORTRAIT",4,"3/25/11 15:24",6.75,16081,"United Kingdom"
"547829","22297","HEART IVORY TRELLIS SMALL",24,"3/25/11 15:24",1.25,16081,"United Kingdom"
"547829","22335","HEART DECORATION PAINTED ZINC",24,"3/25/11 15:24",0.65,16081,"United Kingdom"
"547829","22784","LANTERN CREAM GAZEBO",3,"3/25/11 15:24",4.95,16081,"United Kingdom"
"547829","85123A","WHITE HANGING HEART T-LIGHT HOLDER",6,"3/25/11 15:24",2.95,16081,"United Kingdom"
"547829","22189","CREAM HEART CARD HOLDER",4,"3/25/11 15:24",3.95,16081,"United Kingdom"
"547829","22294","HEART FILIGREE DOVE  SMALL",24,"3/25/11 15:24",1.25,16081,"United Kingdom"
"547829","21136","PAINTED METAL PEARS ASSORTED",16,"3/25/11 15:24",1.69,16081,"United Kingdom"
"547830","21993","FLORAL FOLK STATIONERY SET",2,"3/25/11 15:50",2.46,,"United Kingdom"
"547830","22027","TEA PARTY BIRTHDAY CARD",2,"3/25/11 15:50",0.83,,"United Kingdom"
"547830","22029","SPACEBOY BIRTHDAY CARD",2,"3/25/11 15:50",0.83,,"United Kingdom"
"547830","22077","6 RIBBONS RUSTIC CHARM",3,"3/25/11 15:50",3.29,,"United Kingdom"
"547830","22083","PAPER CHAIN KIT RETROSPOT",3,"3/25/11 15:50",5.79,,"United Kingdom"
"547830","22087","PAPER BUNTING WHITE LACE",2,"3/25/11 15:50",5.79,,"United Kingdom"
"547830","22090","PAPER BUNTING RETROSPOT",14,"3/25/11 15:50",5.79,,"United Kingdom"
"547830","22109","FULL ENGLISH BREAKFAST PLATE",4,"3/25/11 15:50",7.46,,"United Kingdom"
"547830","22131","FOOD CONTAINER SET 3 LOVE HEART",1,"3/25/11 15:50",4.13,,"United Kingdom"
"547830","22134","MINI LADLE LOVE HEART RED",1,"3/25/11 15:50",0.83,,"United Kingdom"
"547830","22139","RETROSPOT TEA SET CERAMIC 11 PC",1,"3/25/11 15:50",10.79,,"United Kingdom"
"547830","22155","STAR DECORATION RUSTIC",2,"3/25/11 15:50",0.83,,"United Kingdom"
"547830","22156","HEART DECORATION WITH PEARLS",1,"3/25/11 15:50",1.63,,"United Kingdom"
"547830","22196","SMALL HEART MEASURING SPOONS",1,"3/25/11 15:50",1.63,,"United Kingdom"
"547830","22197","SMALL POPCORN HOLDER",27,"3/25/11 15:50",1.63,,"United Kingdom"
"547830","22199","FRYING PAN RED RETROSPOT",1,"3/25/11 15:50",8.29,,"United Kingdom"
"547830","22201","FRYING PAN BLUE POLKADOT",1,"3/25/11 15:50",8.29,,"United Kingdom"
"547830","22219","LOVEBIRD HANGING DECORATION WHITE",1,"3/25/11 15:50",1.63,,"United Kingdom"
"547830","22224","WHITE LOVEBIRD LANTERN",1,"3/25/11 15:50",5.79,,"United Kingdom"
"547830","22227","HANGING HEART MIRROR DECORATION",1,"3/25/11 15:50",1.25,,"United Kingdom"
"547830","22228","BUNNY WOODEN PAINTED WITH BIRD",2,"3/25/11 15:50",1.63,,"United Kingdom"
"547830","22229","BUNNY WOODEN PAINTED WITH FLOWER",2,"3/25/11 15:50",1.63,,"United Kingdom"
"547830","22241","GARLAND WOODEN HAPPY EASTER",2,"3/25/11 15:50",2.46,,"United Kingdom"
"547830","22246","MAGIC GARDEN FELT GARLAND",2,"3/25/11 15:50",4.13,,"United Kingdom"
"547830","22249","DECORATION WHITE CHICK MAGIC GARDEN",1,"3/25/11 15:50",1.63,,"United Kingdom"
"547830","22260","FELT EGG COSY BLUE RABBIT",2,"3/25/11 15:50",1.63,,"United Kingdom"
"547830","22267","EASTER DECORATION EGG BUNNY",1,"3/25/11 15:50",2.46,,"United Kingdom"
"547830","22281","EASTER TREE YELLOW BIRDS",1,"3/25/11 15:50",12.46,,"United Kingdom"
"547830","22285","HANGING HEN ON NEST DECORATION",1,"3/25/11 15:50",3.29,,"United Kingdom"
"547830","22286","DECORATION , WOBBLY RABBIT , METAL",2,"3/25/11 15:50",3.29,,"United Kingdom"
"547830","22297","HEART IVORY TRELLIS SMALL",1,"3/25/11 15:50",2.46,,"United Kingdom"
"547830","22326","ROUND SNACK BOXES SET OF4 WOODLAND",1,"3/25/11 15:50",5.79,,"United Kingdom"
"547830","22329","ROUND CONTAINER SET OF 5 RETROSPOT",1,"3/25/11 15:50",3.29,,"United Kingdom"
"547830","22335","HEART DECORATION PAINTED ZINC",2,"3/25/11 15:50",1.25,,"United Kingdom"
"547830","22348","TEA BAG PLATE RED RETROSPOT",1,"3/25/11 15:50",1.63,,"United Kingdom"
"547830","22352","LUNCH BOX WITH CUTLERY RETROSPOT",1,"3/25/11 15:50",4.96,,"United Kingdom"
"547830","22357","KINGS CHOICE BISCUIT TIN",6,"3/25/11 15:50",8.29,,"United Kingdom"
"547830","22361","GLASS JAR DAISY FRESH COTTON WOOL",2,"3/25/11 15:50",5.79,,"United Kingdom"
"547830","22363","GLASS JAR MARMALADE",2,"3/25/11 15:50",5.79,,"United Kingdom"
"547830","22365","DOORMAT RESPECTABLE HOUSE",1,"3/25/11 15:50",15.79,,"United Kingdom"
"547830","22367","CHILDRENS APRON SPACEBOY DESIGN",1,"3/25/11 15:50",4.13,,"United Kingdom"
"547830","22380","TOY TIDY SPACEBOY",1,"3/25/11 15:50",4.13,,"United Kingdom"
"547830","22381","TOY TIDY PINK POLKADOT",2,"3/25/11 15:50",4.13,,"United Kingdom"
"547830","22382","LUNCH BAG SPACEBOY DESIGN",1,"3/25/11 15:50",4.13,,"United Kingdom"
"547830","22423","REGENCY CAKESTAND 3 TIER",1,"3/25/11 15:50",24.96,,"United Kingdom"
"547830","22427","ENAMEL FLOWER JUG CREAM",2,"3/25/11 15:50",11.63,,"United Kingdom"
"547830","22428","ENAMEL FIRE BUCKET CREAM",1,"3/25/11 15:50",14.13,,"United Kingdom"
"547830","22435","SET OF 9 HEART SHAPED BALLOONS",1,"3/25/11 15:50",2.46,,"United Kingdom"
"547830","22457","NATURAL SLATE HEART CHALKBOARD",1,"3/25/11 15:50",5.79,,"United Kingdom"
"547830","22472","TV DINNER TRAY DOLLY GIRL",1,"3/25/11 15:50",10.79,,"United Kingdom"
"547830","22474","SPACEBOY TV DINNER TRAY",1,"3/25/11 15:50",10.79,,"United Kingdom"
"547830","22533","MAGIC DRAWING SLATE BAKE A CAKE",1,"3/25/11 15:50",0.83,,"United Kingdom"
"547830","22558","CLOTHES PEGS RETROSPOT PACK 24",1,"3/25/11 15:50",3.29,,"United Kingdom"
"547830","22604","SET OF 4 NAPKIN CHARMS CUTLERY",1,"3/25/11 15:50",4.96,,"United Kingdom"
"547830","22605","WOODEN CROQUET GARDEN SET",1,"3/25/11 15:50",24.96,,"United Kingdom"
"547830","22606","WOODEN SKITTLES GARDEN SET",1,"3/25/11 15:50",33.29,,"United Kingdom"
"547830","22616","PACK OF 12 LONDON TISSUES",1,"3/25/11 15:50",0.83,,"United Kingdom"
"547830","22628","PICNIC BOXES SET OF 3 RETROSPOT",1,"3/25/11 15:50",9.96,,"United Kingdom"
"547830","22629","SPACEBOY LUNCH BOX",2,"3/25/11 15:50",4.13,,"United Kingdom"
"547830","22630","DOLLY GIRL LUNCH BOX",2,"3/25/11 15:50",4.13,,"United Kingdom"
"547830","22662","LUNCH BAG DOLLY GIRL DESIGN",1,"3/25/11 15:50",4.13,,"United Kingdom"
"547830","22668","PINK BABY BUNTING",1,"3/25/11 15:50",5.79,,"United Kingdom"
"547830","22677","FRENCH BLUE METAL DOOR SIGN 2",1,"3/25/11 15:50",2.46,,"United Kingdom"
"547830","22678","FRENCH BLUE METAL DOOR SIGN 3",1,"3/25/11 15:50",2.46,,"United Kingdom"
"547830","22686","FRENCH BLUE METAL DOOR SIGN No",1,"3/25/11 15:50",2.46,,"United Kingdom"
"547830","22697","GREEN REGENCY TEACUP AND SAUCER",2,"3/25/11 15:50",5.79,,"United Kingdom"
"547830","22698","PINK REGENCY TEACUP AND SAUCER",2,"3/25/11 15:50",5.79,,"United Kingdom"
"547830","22699","ROSES REGENCY TEACUP AND SAUCER",2,"3/25/11 15:50",5.79,,"United Kingdom"
"547830","22725","ALARM CLOCK BAKELIKE CHOCOLATE",1,"3/25/11 15:50",7.46,,"United Kingdom"
"547830","22766","PHOTO FRAME CORNICE",1,"3/25/11 15:50",5.79,,"United Kingdom"
"547830","22772","PINK DRAWER KNOB ACRYLIC EDWARDIAN",8,"3/25/11 15:50",2.46,,"United Kingdom"
"547830","22774","RED DRAWER KNOB ACRYLIC EDWARDIAN",5,"3/25/11 15:50",2.46,,"United Kingdom"
"547830","22794","SWEETHEART WIRE MAGAZINE RACK",1,"3/25/11 15:50",15.79,,"United Kingdom"
"547830","22808","SET OF 6 T-LIGHTS EASTER CHICKS",1,"3/25/11 15:50",5.79,,"United Kingdom"
"547830","22849","BREAD BIN DINER STYLE MINT",1,"3/25/11 15:50",33.29,,"United Kingdom"
"547830","22859","EASTER TIN BUNNY BOUQUET",1,"3/25/11 15:50",3.29,,"United Kingdom"
"547830","22860","EASTER TIN CHICKS PINK DAISY",1,"3/25/11 15:50",3.29,,"United Kingdom"
"547830","22891","TEA FOR ONE POLKADOT",1,"3/25/11 15:50",8.29,,"United Kingdom"
"547830","22907","PACK OF 20 NAPKINS PANTRY DESIGN",4,"3/25/11 15:50",1.63,,"United Kingdom"
"547830","22933","BAKING MOULD EASTER EGG MILK CHOC",1,"3/25/11 15:50",5.79,,"United Kingdom"
"547830","22957","SET 3 PAPER VINTAGE CHICK PAPER EGG",2,"3/25/11 15:50",5.79,,"United Kingdom"
"547830","22960","JAM MAKING SET WITH JARS",4,"3/25/11 15:50",8.29,,"United Kingdom"
"547830","22962","JAM JAR WITH PINK LID",3,"3/25/11 15:50",1.63,,"United Kingdom"
"547830","22963","JAM JAR WITH GREEN LID",3,"3/25/11 15:50",1.63,,"United Kingdom"
"547830","22972","CHILDREN'S SPACEBOY MUG",3,"3/25/11 15:50",3.29,,"United Kingdom"
"547830","22974","CHILDRENS DOLLY GIRL MUG",1,"3/25/11 15:50",3.29,,"United Kingdom"
"547830","22979","PANTRY WASHING UP BRUSH",2,"3/25/11 15:50",3.29,,"United Kingdom"
"547830","22980","PANTRY SCRUBBING BRUSH",1,"3/25/11 15:50",3.29,,"United Kingdom"
"547830","22982","PANTRY PASTRY BRUSH",1,"3/25/11 15:50",2.46,,"United Kingdom"
"547830","22983","CARD BILLBOARD FONT",1,"3/25/11 15:50",0.83,,"United Kingdom"
"547830","22996","TRAVEL CARD WALLET VINTAGE TICKET",2,"3/25/11 15:50",0.83,,"United Kingdom"
"547830","23000","TRAVEL CARD WALLET TRANSPORT",1,"3/25/11 15:50",0.83,,"United Kingdom"
"547830","35911A","MULTICOLOUR RABBIT EGG WARMER",1,"3/25/11 15:50",0.83,,"United Kingdom"
"547830","35921","EASTER BUNNY HANGING GARLAND",1,"3/25/11 15:50",4.96,,"United Kingdom"
"547830","35965","FOLKART HEART NAPKIN RINGS",2,"3/25/11 15:50",3.29,,"United Kingdom"
"547830","37342","POLKADOT COFFEE CUP & SAUCER PINK",3,"3/25/11 15:50",2.46,,"United Kingdom"
"547830","47566","PARTY BUNTING",1,"3/25/11 15:50",10.79,,"United Kingdom"
"547830","51014A","FEATHER PEN,HOT PINK",1,"3/25/11 15:50",1.63,,"United Kingdom"
"547830","51014C","FEATHER PEN,COAL BLACK",1,"3/25/11 15:50",1.63,,"United Kingdom"
"547830","72807C","SET/3 VANILLA SCENTED CANDLE IN BOX",1,"3/25/11 15:50",8.29,,"United Kingdom"
"547830","82494L","WOODEN FRAME ANTIQUE WHITE",2,"3/25/11 15:50",7.46,,"United Kingdom"
"547830","82583","HOT BATHS METAL SIGN",1,"3/25/11 15:50",4.13,,"United Kingdom"
"547830","84030E","ENGLISH ROSE HOT WATER BOTTLE",1,"3/25/11 15:50",8.29,,"United Kingdom"
"547830","84251G","GREETING CARD, OVERCROWDED POOL.",1,"3/25/11 15:50",0.83,,"United Kingdom"
"547830","84279B","CHERRY BLOSSOM DECORATIVE FLASK",1,"3/25/11 15:50",8.29,,"United Kingdom"
"547830","84509C","SET OF 4 POLKADOT PLACEMATS",2,"3/25/11 15:50",7.46,,"United Kingdom"
"547830","84510C","SET OF 4 POLKADOT COASTERS",2,"3/25/11 15:50",2.46,,"United Kingdom"
"547830","84596B","SMALL DOLLY MIX DESIGN ORANGE BOWL",3,"3/25/11 15:50",0.83,,"United Kingdom"
"547830","84596E","SMALL LICORICE DES PINK BOWL",3,"3/25/11 15:50",0.83,,"United Kingdom"
"547830","84596F","SMALL MARSHMALLOWS PINK BOWL",4,"3/25/11 15:50",0.83,,"United Kingdom"
"547830","84969","BOX OF 6 ASSORTED COLOUR TEASPOONS",1,"3/25/11 15:50",3.29,,"United Kingdom"
"547830","84978","HANGING HEART JAR T-LIGHT HOLDER",5,"3/25/11 15:50",2.46,,"United Kingdom"
"547830","84988","SET OF 72 PINK HEART PAPER DOILIES",1,"3/25/11 15:50",2.92,,"United Kingdom"
"547830","84992","72 SWEETHEART FAIRY CAKE CASES",1,"3/25/11 15:50",1.25,,"United Kingdom"
"547830","84997A","CHILDRENS CUTLERY POLKADOT GREEN",2,"3/25/11 15:50",8.29,,"United Kingdom"
"547830","84997D","CHILDRENS CUTLERY POLKADOT PINK",2,"3/25/11 15:50",8.33,,"United Kingdom"
"547830","85066","CREAM SWEETHEART MINI CHEST",1,"3/25/11 15:50",24.96,,"United Kingdom"
"547830","85093","CANDY SPOT EGG WARMER HARE",3,"3/25/11 15:50",0.83,,"United Kingdom"
"547830","85099B","JUMBO BAG RED RETROSPOT",1,"3/25/11 15:50",4.13,,"United Kingdom"
"547830","85099F","JUMBO BAG STRAWBERRY",1,"3/25/11 15:50",4.13,,"United Kingdom"
"547830","85123A","WHITE HANGING HEART T-LIGHT HOLDER",6,"3/25/11 15:50",5.79,,"United Kingdom"
"547830","85129B","BEADED CRYSTAL HEART GREEN SMALL",1,"3/25/11 15:50",2.46,,"United Kingdom"
"547830","85131A","BEADED PEARL HEART WHITE ON STICK",4,"3/25/11 15:50",0.83,,"United Kingdom"
"547830","85132A","CHARLIE + LOLA BISCUITS TINS",1,"3/25/11 15:50",8.29,,"United Kingdom"
"547830","85186A","EASTER BUNNY GARLAND OF FLOWERS",3,"3/25/11 15:50",0.83,,"United Kingdom"
"547830","85186C","BUNNY EGG GARLAND",1,"3/25/11 15:50",0.83,,"United Kingdom"
"547830","85199S","SMALL HANGING IVORY/RED WOOD BIRD",3,"3/25/11 15:50",0.83,,"United Kingdom"
"547830","DOT","DOTCOM POSTAGE",1,"3/25/11 15:50",220.71,,"United Kingdom"
"547830","20619","TROPICAL PASSPORT COVER",1,"3/25/11 15:50",1.63,,"United Kingdom"
"547830","20668","DISCO BALL CHRISTMAS DECORATION",3,"3/25/11 15:50",0.42,,"United Kingdom"
"547830","20707","CRAZY DAISY HEART DECORATION",1,"3/25/11 15:50",0.83,,"United Kingdom"
"547830","20712","JUMBO BAG WOODLAND ANIMALS",1,"3/25/11 15:50",4.13,,"United Kingdom"
"547830","20725","LUNCH BAG RED RETROSPOT",1,"3/25/11 15:50",4.13,,"United Kingdom"
"547830","20726","LUNCH BAG WOODLAND",1,"3/25/11 15:50",4.13,,"United Kingdom"
"547830","20728","LUNCH BAG CARS BLUE",1,"3/25/11 15:50",4.13,,"United Kingdom"
"547830","20754","RETROSPOT RED WASHING UP GLOVES",1,"3/25/11 15:50",4.13,,"United Kingdom"
"547830","20770","ABSTRACT CIRCLE JOURNAL",1,"3/25/11 15:50",2.46,,"United Kingdom"
"547830","20830","SILVER PHOTO FRAME",3,"3/25/11 15:50",4.13,,"United Kingdom"
"547830","20831","GOLD PHOTO FRAME",2,"3/25/11 15:50",4.13,,"United Kingdom"
"547830","21002","ROSE DU SUD DRAWSTRING BAG",2,"3/25/11 15:50",3.29,,"United Kingdom"
"547830","21111","SWISS ROLL TOWEL, CHOCOLATE  SPOTS",1,"3/25/11 15:50",5.79,,"United Kingdom"
"547830","21132","SILVER STANDING GNOME",1,"3/25/11 15:50",8.29,,"United Kingdom"
"547830","21195","PINK  HONEYCOMB PAPER BALL",1,"3/25/11 15:50",4.13,,"United Kingdom"
"547830","21204","DAISIES  HONEYCOMB GARLAND",1,"3/25/11 15:50",3.29,,"United Kingdom"
"547830","21383","PACK OF 12 STICKY BUNNIES",1,"3/25/11 15:50",1.63,,"United Kingdom"
"547830","21452","TOADSTOOL MONEY BOX",1,"3/25/11 15:50",5.79,,"United Kingdom"
"547830","21454","PAINTED PINK RABBIT",3,"3/25/11 15:50",0.83,,"United Kingdom"
"547830","21455","PAINTED YELLOW WOODEN DAISY",3,"3/25/11 15:50",0.83,,"United Kingdom"
"547830","21484","CHICK GREY HOT WATER BOTTLE",1,"3/25/11 15:50",7.46,,"United Kingdom"
"547830","21531","RED RETROSPOT SUGAR JAM BOWL",1,"3/25/11 15:50",4.96,,"United Kingdom"
"547830","21559","STRAWBERRY LUNCH BOX WITH CUTLERY",2,"3/25/11 15:50",2.46,,"United Kingdom"
"547830","21621","VINTAGE UNION JACK BUNTING",1,"3/25/11 15:50",16.63,,"United Kingdom"
"547830","21715","GIRLS VINTAGE TIN SEASIDE BUCKET",1,"3/25/11 15:50",4.96,,"United Kingdom"
"547830","21731","RED TOADSTOOL LED NIGHT LIGHT",2,"3/25/11 15:50",3.29,,"United Kingdom"
"547830","21791","VINTAGE HEADS AND TAILS CARD GAME",2,"3/25/11 15:50",2.46,,"United Kingdom"
"547830","21832","CHOCOLATE CALCULATOR",1,"3/25/11 15:50",3.29,,"United Kingdom"
"547830","21888","BINGO SET",1,"3/25/11 15:50",7.46,,"United Kingdom"
"547830","21891","TRADITIONAL WOODEN SKIPPING ROPE",1,"3/25/11 15:50",2.46,,"United Kingdom"
"547830","21936","RED RETROSPOT PICNIC BAG",1,"3/25/11 15:50",5.79,,"United Kingdom"
"547830","21976","PACK OF 60 MUSHROOM CAKE CASES",1,"3/25/11 15:50",1.25,,"United Kingdom"
"547830","21990","MODERN FLORAL STATIONERY SET",1,"3/25/11 15:50",2.46,,"United Kingdom"
"547830","21992","VINTAGE PAISLEY STATIONERY SET",2,"3/25/11 15:50",2.46,,"United Kingdom"
"547832","22499","WOODEN UNION JACK BUNTING",48,"3/25/11 16:25",4.95,17511,"United Kingdom"
"547832","20725","LUNCH BAG RED RETROSPOT",100,"3/25/11 16:25",1.45,17511,"United Kingdom"
"547832","21533","RETROSPOT LARGE MILK JUG",12,"3/25/11 16:25",4.25,17511,"United Kingdom"
"547832","21592","RETROSPOT CIGAR BOX MATCHES",144,"3/25/11 16:25",1.06,17511,"United Kingdom"
"547832","21936","RED RETROSPOT PICNIC BAG",50,"3/25/11 16:25",2.55,17511,"United Kingdom"
"547832","22354","RETROSPOT PADDED SEAT CUSHION",30,"3/25/11 16:25",3.39,17511,"United Kingdom"
"547832","20728","LUNCH BAG CARS BLUE",100,"3/25/11 16:25",1.45,17511,"United Kingdom"
"547832","21498","RED RETROSPOT WRAP",25,"3/25/11 16:25",0.42,17511,"United Kingdom"
"547832","21495","SKULLS AND CROSSBONES WRAP",25,"3/25/11 16:25",0.42,17511,"United Kingdom"
"547832","16156S","WRAP PINK FAIRY CAKES",25,"3/25/11 16:25",0.42,17511,"United Kingdom"
"547832","21078","SET/20 STRAWBERRY PAPER NAPKINS",96,"3/25/11 16:25",0.72,17511,"United Kingdom"
"547832","82484","WOOD BLACK BOARD ANT WHITE FINISH",12,"3/25/11 16:25",6.75,17511,"United Kingdom"
"547832","21930","JUMBO STORAGE BAG SKULLS",100,"3/25/11 16:25",1.65,17511,"United Kingdom"
"547832","21931","JUMBO STORAGE BAG SUKI",200,"3/25/11 16:25",1.65,17511,"United Kingdom"
"547832","21928","JUMBO BAG SCANDINAVIAN BLUE PAISLEY",200,"3/25/11 16:25",1.65,17511,"United Kingdom"
"547832","21929","JUMBO BAG PINK VINTAGE PAISLEY",200,"3/25/11 16:25",1.65,17511,"United Kingdom"
"547832","22385","JUMBO BAG SPACEBOY DESIGN",100,"3/25/11 16:25",1.65,17511,"United Kingdom"
"547832","22386","JUMBO BAG PINK POLKADOT",200,"3/25/11 16:25",1.65,17511,"United Kingdom"
"547832","85099B","JUMBO BAG RED RETROSPOT",300,"3/25/11 16:25",1.65,17511,"United Kingdom"
"547832","22411","JUMBO SHOPPER VINTAGE RED PAISLEY",200,"3/25/11 16:25",1.65,17511,"United Kingdom"
"547832","85099F","JUMBO BAG STRAWBERRY",200,"3/25/11 16:25",1.65,17511,"United Kingdom"
"547832","21947","SET OF 6 HEART CHOPSTICKS",12,"3/25/11 16:25",1.25,17511,"United Kingdom"
"547833","22423","REGENCY CAKESTAND 3 TIER",1,"3/25/11 17:34",12.75,16780,"United Kingdom"
"547833","85062","PEARL CRYSTAL PUMPKIN T-LIGHT HLDR",6,"3/25/11 17:34",1.65,16780,"United Kingdom"
"547833","84879","ASSORTED COLOUR BIRD ORNAMENT",8,"3/25/11 17:34",1.69,16780,"United Kingdom"
"547833","35095B","RED VICTORIAN FABRIC OVAL BOX",6,"3/25/11 17:34",0.42,16780,"United Kingdom"
"547833","22296","HEART IVORY TRELLIS LARGE",12,"3/25/11 17:34",1.65,16780,"United Kingdom"
"547833","84755","COLOUR GLASS T-LIGHT HOLDER HANGING",8,"3/25/11 17:34",0.65,16780,"United Kingdom"
"547833","71477","COLOUR GLASS. STAR T-LIGHT HOLDER",1,"3/25/11 17:34",3.25,16780,"United Kingdom"
"547833","22595","GINGHAM HEART DECORATION",12,"3/25/11 17:34",0.85,16780,"United Kingdom"
"547833","22297","HEART IVORY TRELLIS SMALL",24,"3/25/11 17:34",1.25,16780,"United Kingdom"
"547833","85123A","WHITE HANGING HEART T-LIGHT HOLDER",2,"3/25/11 17:34",2.95,16780,"United Kingdom"
"547833","21730","GLASS STAR FROSTED T-LIGHT HOLDER",2,"3/25/11 17:34",4.95,16780,"United Kingdom"
"547833","85145","JARDIN ETCHED GLASS LARGE BELL JAR",1,"3/25/11 17:34",12.75,16780,"United Kingdom"
"547833","22178","VICTORIAN GLASS HANGING T-LIGHT",6,"3/25/11 17:34",1.25,16780,"United Kingdom"
"547833","21422","PORCELAIN ROSE SMALL",8,"3/25/11 17:34",0.85,16780,"United Kingdom"
"547833","85146","JARDIN ETCHED GLASS SMALL BELL JAR",2,"3/25/11 17:34",5.95,16780,"United Kingdom"
"547834","22622","BOX OF VINTAGE ALPHABET BLOCKS",24,"3/27/11 10:16",8.5,17937,"United Kingdom"
"547834","21791","VINTAGE HEADS AND TAILS CARD GAME",24,"3/27/11 10:16",1.25,17937,"United Kingdom"
"547834","21915","RED  HARMONICA IN BOX",60,"3/27/11 10:16",1.25,17937,"United Kingdom"
"547834","22489","PACK OF 12 TRADITIONAL CRAYONS",60,"3/27/11 10:16",0.36,17937,"United Kingdom"
"547834","22561","WOODEN SCHOOL COLOURING SET",60,"3/27/11 10:16",1.65,17937,"United Kingdom"
"547834","22635","CHILDS BREAKFAST SET DOLLY GIRL",12,"3/27/11 10:16",8.5,17937,"United Kingdom"
"547834","22634","CHILDS BREAKFAST SET SPACEBOY",12,"3/27/11 10:16",8.5,17937,"United Kingdom"
"547835","22423","REGENCY CAKESTAND 3 TIER",32,"3/27/11 10:18",10.95,15465,"United Kingdom"
"547835","21524","DOORMAT SPOTTY HOME SWEET HOME",10,"3/27/11 10:18",6.75,15465,"United Kingdom"
"547835","21623","VINTAGE UNION JACK MEMOBOARD",2,"3/27/11 10:18",9.95,15465,"United Kingdom"
"547835","22499","WOODEN UNION JACK BUNTING",4,"3/27/11 10:18",5.95,15465,"United Kingdom"
"547835","48111","DOORMAT 3 SMILEY CATS",3,"3/27/11 10:18",7.95,15465,"United Kingdom"
"C547836","22423","REGENCY CAKESTAND 3 TIER",-9,"3/27/11 10:19",10.95,15465,"United Kingdom"
"547837","82484","WOOD BLACK BOARD ANT WHITE FINISH",4,"3/27/11 10:26",7.9,17243,"United Kingdom"
"547837","20967","GREY FLORAL FELTCRAFT SHOULDER BAG",3,"3/27/11 10:26",3.75,17243,"United Kingdom"
"547837","20970","PINK FLORAL FELTCRAFT SHOULDER BAG",2,"3/27/11 10:26",3.75,17243,"United Kingdom"
"547837","22835","HOT WATER BOTTLE I AM SO POORLY",5,"3/27/11 10:26",4.65,17243,"United Kingdom"
"547837","22112","CHOCOLATE HOT WATER BOTTLE",4,"3/27/11 10:26",4.95,17243,"United Kingdom"
"547837","85123A","WHITE HANGING HEART T-LIGHT HOLDER",7,"3/27/11 10:26",2.95,17243,"United Kingdom"
"547837","20829","GLITTER HANGING BUTTERFLY STRING",6,"3/27/11 10:26",2.1,17243,"United Kingdom"
"547837","82486","WOOD S/3 CABINET ANT WHITE FINISH",4,"3/27/11 10:26",8.95,17243,"United Kingdom"
"547837","82494L","WOODEN FRAME ANTIQUE WHITE",6,"3/27/11 10:26",2.95,17243,"United Kingdom"
"547837","21647","ASSORTED TUTTI FRUTTI LARGE PURSE",12,"3/27/11 10:26",2.1,17243,"United Kingdom"
"547837","85194L","HANGING SPRING FLOWER EGG LARGE",36,"3/27/11 10:26",0.85,17243,"United Kingdom"
"547837","21383","PACK OF 12 STICKY BUNNIES",15,"3/27/11 10:26",0.65,17243,"United Kingdom"
"547837","22241","GARLAND WOODEN HAPPY EASTER",12,"3/27/11 10:26",1.25,17243,"United Kingdom"
"547837","84218","BOX/12 CHICK & EGG IN BASKET",3,"3/27/11 10:26",1.95,17243,"United Kingdom"
"C547838","84949","SILVER HANGING T-LIGHT HOLDER",-6,"3/27/11 10:47",1.65,12916,"United Kingdom"
"C547838","82483","WOOD 2 DRAWER CABINET WHITE FINISH",-2,"3/27/11 10:47",6.95,12916,"United Kingdom"
"547839","85066","CREAM SWEETHEART MINI CHEST",6,"3/27/11 10:54",12.75,12916,"United Kingdom"
"547839","82483","WOOD 2 DRAWER CABINET WHITE FINISH",6,"3/27/11 10:54",6.95,12916,"United Kingdom"
"547839","82486","WOOD S/3 CABINET ANT WHITE FINISH",8,"3/27/11 10:54",8.95,12916,"United Kingdom"
"547839","82494L","WOODEN FRAME ANTIQUE WHITE",12,"3/27/11 10:54",2.95,12916,"United Kingdom"
"547839","21428","SET3 BOOK BOX GREEN GINGHAM FLOWER",4,"3/27/11 10:54",4.25,12916,"United Kingdom"
"547839","82482","WOODEN PICTURE FRAME WHITE FINISH",12,"3/27/11 10:54",2.55,12916,"United Kingdom"
"547839","84946","ANTIQUE SILVER T-LIGHT GLASS",18,"3/27/11 10:54",1.25,12916,"United Kingdom"
"547839","21430","SET/3 RED GINGHAM ROSE STORAGE BOX",6,"3/27/11 10:54",3.75,12916,"United Kingdom"
"547839","21647","ASSORTED TUTTI FRUTTI LARGE PURSE",12,"3/27/11 10:54",2.1,12916,"United Kingdom"
"547839","85175","CACTI T-LIGHT CANDLES",64,"3/27/11 10:54",0.42,12916,"United Kingdom"
"547839","22789","T-LIGHT HOLDER SWEETHEART HANGING",8,"3/27/11 10:54",1.95,12916,"United Kingdom"
"547839","21644","ASSORTED TUTTI FRUTTI HEART BOX",12,"3/27/11 10:54",1.25,12916,"United Kingdom"
"547839","21648","ASSORTED TUTTI FRUTTI SMALL PURSE",24,"3/27/11 10:54",1.25,12916,"United Kingdom"
"547839","21638","ASSORTED TUTTI FRUTTI NOTEBOOK",6,"3/27/11 10:54",2.1,12916,"United Kingdom"
"547839","84949","SILVER HANGING T-LIGHT HOLDER",24,"3/27/11 10:54",1.65,12916,"United Kingdom"
"547839","22851","SET 20 NAPKINS FAIRY CAKES DESIGN",12,"3/27/11 10:54",0.85,12916,"United Kingdom"
"547839","22189","CREAM HEART CARD HOLDER",10,"3/27/11 10:54",3.95,12916,"United Kingdom"
"547839","22776","SWEETHEART CAKESTAND 3 TIER",2,"3/27/11 10:54",9.95,12916,"United Kingdom"
"547839","22794","SWEETHEART WIRE MAGAZINE RACK",2,"3/27/11 10:54",7.95,12916,"United Kingdom"
"547839","85123A","WHITE HANGING HEART T-LIGHT HOLDER",32,"3/27/11 10:54",2.55,12916,"United Kingdom"
"547840","84951B","SET OF 4 BLACK LOVEBIRD COASTERS",60,"3/27/11 10:56",1.25,15133,"United Kingdom"
"547840","22150","3 STRIPEY MICE FELTCRAFT",12,"3/27/11 10:56",1.95,15133,"United Kingdom"
"547840","22149","FELTCRAFT 6 FLOWER FRIENDS",40,"3/27/11 10:56",1.85,15133,"United Kingdom"
"547840","22271","FELTCRAFT DOLL ROSIE",12,"3/27/11 10:56",2.95,15133,"United Kingdom"
"547840","22147","FELTCRAFT BUTTERFLY HEARTS",12,"3/27/11 10:56",1.45,15133,"United Kingdom"
"547840","85114A","BLACK ENCHANTED FOREST PLACEMAT",60,"3/27/11 10:56",1.45,15133,"United Kingdom"
"547840","84510A","SET OF 4 ENGLISH ROSE COASTERS",10,"3/27/11 10:56",1.25,15133,"United Kingdom"
"547841","22557","PLASTERS IN TIN VINTAGE PAISLEY",1,"3/27/11 11:02",1.65,16923,"United Kingdom"
"547841","22996","TRAVEL CARD WALLET VINTAGE TICKET",1,"3/27/11 11:02",0.42,16923,"United Kingdom"
"547841","22409","MONEY BOX BISCUITS DESIGN",1,"3/27/11 11:02",1.25,16923,"United Kingdom"
"547841","22445","PENCIL CASE LIFE IS BEAUTIFUL",1,"3/27/11 11:02",2.95,16923,"United Kingdom"
"547841","22078","RIBBON REEL LACE DESIGN",2,"3/27/11 11:02",2.1,16923,"United Kingdom"
"547841","22079","RIBBON REEL HEARTS DESIGN",2,"3/27/11 11:02",1.65,16923,"United Kingdom"
"547841","22291","HANGING CHICK CREAM DECORATION",2,"3/27/11 11:02",1.45,16923,"United Kingdom"
"547841","22293","HANGING CHICK GREEN DECORATION",1,"3/27/11 11:02",1.45,16923,"United Kingdom"
"547841","22288","HANGING METAL RABBIT DECORATION",6,"3/27/11 11:02",1.25,16923,"United Kingdom"
"547841","22293","HANGING CHICK GREEN DECORATION",5,"3/27/11 11:02",1.45,16923,"United Kingdom"
"547841","85203","HANGING WOOD AND FELT BUTTERFLY",5,"3/27/11 11:02",0.42,16923,"United Kingdom"
"547841","85202","HANGING WOOD AND FELT HEART",10,"3/27/11 11:02",0.42,16923,"United Kingdom"
"547841","21136","PAINTED METAL PEARS ASSORTED",19,"3/27/11 11:02",1.69,16923,"United Kingdom"
"547841","21455","PAINTED YELLOW WOODEN DAISY",11,"3/27/11 11:02",0.85,16923,"United Kingdom"
"547841","85150","LADIES & GENTLEMEN METAL SIGN",3,"3/27/11 11:02",2.55,16923,"United Kingdom"
"547841","21164","HOME SWEET HOME METAL SIGN",6,"3/27/11 11:02",2.95,16923,"United Kingdom"
"547841","21175","GIN + TONIC DIET METAL SIGN",2,"3/27/11 11:02",2.55,16923,"United Kingdom"
"547841","21908","CHOCOLATE THIS WAY METAL SIGN",7,"3/27/11 11:02",2.1,16923,"United Kingdom"
"547841","22224","WHITE LOVEBIRD LANTERN",5,"3/27/11 11:02",2.95,16923,"United Kingdom"
"547841","21733","RED HANGING HEART T-LIGHT HOLDER",2,"3/27/11 11:02",2.95,16923,"United Kingdom"
"547841","47567B","TEA TIME KITCHEN APRON",2,"3/27/11 11:02",5.95,16923,"United Kingdom"
"547841","22464","HANGING METAL HEART LANTERN",3,"3/27/11 11:02",1.65,16923,"United Kingdom"
"547841","23154","SET OF 4 JAM JAR MAGNETS",3,"3/27/11 11:02",2.08,16923,"United Kingdom"
"547841","23156","SET OF 5 MINI GROCERY MAGNETS",3,"3/27/11 11:02",2.08,16923,"United Kingdom"
"547841","23159","SET OF 5 PANCAKE DAY MAGNETS",3,"3/27/11 11:02",2.08,16923,"United Kingdom"
"547841","22536","MAGIC DRAWING SLATE PURDEY",1,"3/27/11 11:02",0.42,16923,"United Kingdom"
"547841","82494L","WOODEN FRAME ANTIQUE WHITE",4,"3/27/11 11:02",2.95,16923,"United Kingdom"
"547841","20728","LUNCH BAG CARS BLUE",5,"3/27/11 11:02",1.65,16923,"United Kingdom"
"547841","21259","VICTORIAN SEWING BOX SMALL",2,"3/27/11 11:02",5.95,16923,"United Kingdom"
"547841","84978","HANGING HEART JAR T-LIGHT HOLDER",6,"3/27/11 11:02",1.25,16923,"United Kingdom"
"547841","82482","WOODEN PICTURE FRAME WHITE FINISH",12,"3/27/11 11:02",2.55,16923,"United Kingdom"
"547841","21257","VICTORIAN SEWING BOX MEDIUM",2,"3/27/11 11:02",7.95,16923,"United Kingdom"
"547841","21906","PHARMACIE FIRST AID TIN",2,"3/27/11 11:02",6.75,16923,"United Kingdom"
"547841","22294","HEART FILIGREE DOVE  SMALL",120,"3/27/11 11:02",1.25,16923,"United Kingdom"
"547841","21430","SET/3 RED GINGHAM ROSE STORAGE BOX",2,"3/27/11 11:02",3.75,16923,"United Kingdom"
"547841","23155","KNICKERBOCKERGLORY MAGNET ASSORTED",12,"3/27/11 11:02",0.83,16923,"United Kingdom"
"547841","22698","PINK REGENCY TEACUP AND SAUCER",8,"3/27/11 11:02",2.95,16923,"United Kingdom"
"547841","22697","GREEN REGENCY TEACUP AND SAUCER",8,"3/27/11 11:02",2.95,16923,"United Kingdom"
"547841","22699","ROSES REGENCY TEACUP AND SAUCER",8,"3/27/11 11:02",2.95,16923,"United Kingdom"
"547842","22241","GARLAND WOODEN HAPPY EASTER",24,"3/27/11 11:14",1.25,13875,"United Kingdom"
"547842","21385","IVORY HANGING DECORATION  HEART",24,"3/27/11 11:14",0.85,13875,"United Kingdom"
"547842","47566","PARTY BUNTING",36,"3/27/11 11:14",4.95,13875,"United Kingdom"
"547842","48194","DOORMAT HEARTS",2,"3/27/11 11:14",7.95,13875,"United Kingdom"
"547842","22219","LOVEBIRD HANGING DECORATION WHITE",12,"3/27/11 11:14",0.85,13875,"United Kingdom"
"547842","35961","FOLKART ZINC HEART CHRISTMAS DEC",12,"3/27/11 11:14",0.85,13875,"United Kingdom"
"547842","21114","LAVENDER SCENTED FABRIC HEART",10,"3/27/11 11:14",1.25,13875,"United Kingdom"
"547842","85186A","EASTER BUNNY GARLAND OF FLOWERS",24,"3/27/11 11:14",0.42,13875,"United Kingdom"
"547842","35241","ENAMEL BLUE RIM BISCUIT BIN",3,"3/27/11 11:14",4.95,13875,"United Kingdom"
"547842","85123A","WHITE HANGING HEART T-LIGHT HOLDER",6,"3/27/11 11:14",2.95,13875,"United Kingdom"
"547842","22379","RECYCLING BAG RETROSPOT",5,"3/27/11 11:14",2.1,13875,"United Kingdom"
"547842","20717","STRAWBERRY SHOPPER BAG",10,"3/27/11 11:14",1.25,13875,"United Kingdom"
"547843","79302M","ART LIGHTS,FUNK MONKEY",20,"3/27/11 11:22",2.55,18273,"United Kingdom"
"547844","22171","3 HOOK PHOTO SHELF ANTIQUE WHITE",12,"3/27/11 11:44",7.65,15045,"United Kingdom"
"547844","22762","CUPBOARD 3 DRAWER MA CAMPAGNE",8,"3/27/11 11:44",12.75,15045,"United Kingdom"
"547844","22763","KEY CABINET MA CAMPAGNE",2,"3/27/11 11:44",9.95,15045,"United Kingdom"
"547844","22423","REGENCY CAKESTAND 3 TIER",16,"3/27/11 11:44",10.95,15045,"United Kingdom"
"547845","84946","ANTIQUE SILVER T-LIGHT GLASS",12,"3/27/11 11:51",1.25,16434,"United Kingdom"
"547845","22423","REGENCY CAKESTAND 3 TIER",3,"3/27/11 11:51",12.75,16434,"United Kingdom"
"547845","22178","VICTORIAN GLASS HANGING T-LIGHT",36,"3/27/11 11:51",1.25,16434,"United Kingdom"
"547845","22722","SET OF 6 SPICE TINS PANTRY DESIGN",6,"3/27/11 11:51",3.95,16434,"United Kingdom"
"547846","84946","ANTIQUE SILVER T-LIGHT GLASS",36,"3/27/11 11:59",1.25,18071,"United Kingdom"
"547846","21314","SMALL GLASS HEART TRINKET POT",8,"3/27/11 11:59",2.1,18071,"United Kingdom"
"547846","21656","RIDGED GLASS POSY VASE",6,"3/27/11 11:59",1.45,18071,"United Kingdom"
"547846","22500","SET OF 2 TINS JARDIN DE PROVENCE",4,"3/27/11 11:59",4.95,18071,"United Kingdom"
"547846","22178","VICTORIAN GLASS HANGING T-LIGHT",12,"3/27/11 11:59",1.25,18071,"United Kingdom"
"547846","22697","GREEN REGENCY TEACUP AND SAUCER",6,"3/27/11 11:59",2.95,18071,"United Kingdom"
"547846","22699","ROSES REGENCY TEACUP AND SAUCER",6,"3/27/11 11:59",2.95,18071,"United Kingdom"
"547846","22788","BROCANTE COAT RACK",1,"3/27/11 11:59",9.95,18071,"United Kingdom"
"547846","22479","DAISY GARDEN MARKER",10,"3/27/11 11:59",1.25,18071,"United Kingdom"
"547846","21523","DOORMAT FANCY FONT HOME SWEET HOME",2,"3/27/11 11:59",7.95,18071,"United Kingdom"
"547846","22771","CLEAR DRAWER KNOB ACRYLIC EDWARDIAN",12,"3/27/11 11:59",1.25,18071,"United Kingdom"
"C547847","20726","LUNCH BAG WOODLAND",-1,"3/27/11 12:04",1.65,14232,"United Kingdom"
"C547848","85099B","JUMBO BAG RED RETROSPOT",-1,"3/27/11 12:05",1.95,12921,"United Kingdom"
"547850","85188A","GREEN METAL SWINGING BUNNY",4,"3/27/11 12:06",0.85,14472,"United Kingdom"
"547850","22285","HANGING HEN ON NEST DECORATION",2,"3/27/11 12:06",1.65,14472,"United Kingdom"
"547850","85188B","PINK METAL SWINGING BUNNY",2,"3/27/11 12:06",0.85,14472,"United Kingdom"
"547850","85186C","BUNNY EGG GARLAND",1,"3/27/11 12:06",0.42,14472,"United Kingdom"
"547850","85186A","EASTER BUNNY GARLAND OF FLOWERS",2,"3/27/11 12:06",0.42,14472,"United Kingdom"
"547850","21441","BLUE BIRDHOUSE DECORATION",2,"3/27/11 12:06",0.85,14472,"United Kingdom"
"547850","85203","HANGING WOOD AND FELT BUTTERFLY",4,"3/27/11 12:06",0.42,14472,"United Kingdom"
"547850","21456","2 PICTURE BOOK EGGS EASTER CHICKS",3,"3/27/11 12:06",1.25,14472,"United Kingdom"
"547850","22284","HEN HOUSE DECORATION",1,"3/27/11 12:06",1.65,14472,"United Kingdom"
"547850","22288","HANGING METAL RABBIT DECORATION",5,"3/27/11 12:06",1.25,14472,"United Kingdom"
"547850","22267","EASTER DECORATION EGG BUNNY",2,"3/27/11 12:06",1.25,14472,"United Kingdom"
"547850","22268","EASTER DECORATION SITTING BUNNY",6,"3/27/11 12:06",0.85,14472,"United Kingdom"
"547850","22250","DECORATION  BUTTERFLY  MAGIC GARDEN",3,"3/27/11 12:06",0.85,14472,"United Kingdom"
"547850","22289","HANGING METAL CHICKEN DECORATION",4,"3/27/11 12:06",1.25,14472,"United Kingdom"
"547850","22266","EASTER DECORATION HANGING BUNNY",4,"3/27/11 12:06",0.65,14472,"United Kingdom"
"547850","35971","ROSE FOLKART HEART DECORATIONS",2,"3/27/11 12:06",1.25,14472,"United Kingdom"
"547850","22293","HANGING CHICK GREEN DECORATION",2,"3/27/11 12:06",1.45,14472,"United Kingdom"
"547850","22265","EASTER DECORATION NATURAL CHICK",2,"3/27/11 12:06",0.65,14472,"United Kingdom"
"547850","35961","FOLKART ZINC HEART CHRISTMAS DEC",2,"3/27/11 12:06",0.85,14472,"United Kingdom"
"547850","22227","HANGING HEART MIRROR DECORATION",3,"3/27/11 12:06",0.65,14472,"United Kingdom"
"547850","85129C","BEADED CRYSTAL HEART BLUE SMALL",2,"3/27/11 12:06",1.25,14472,"United Kingdom"
"547850","85130D","BEADED CRYSTAL HEART PINK LARGE",2,"3/27/11 12:06",1.65,14472,"United Kingdom"
"547850","21442","GREEN BIRDHOUSE DECORATION",2,"3/27/11 12:06",0.85,14472,"United Kingdom"
"547850","84457","SET/3 RABBITS FLOWER SKIPPPING ROPE",3,"3/27/11 12:06",0.85,14472,"United Kingdom"
"547850","85061W","WHITE JEWELLED HEART DECORATION",1,"3/27/11 12:06",0.85,14472,"United Kingdom"
"547850","84452","METAL RABBIT LADDER EASTER",2,"3/27/11 12:06",0.85,14472,"United Kingdom"
"547850","22219","LOVEBIRD HANGING DECORATION WHITE",3,"3/27/11 12:06",0.85,14472,"United Kingdom"
"547850","85061W","WHITE JEWELLED HEART DECORATION",5,"3/27/11 12:06",0.85,14472,"United Kingdom"
"547850","21231","SWEETHEART CERAMIC TRINKET BOX",4,"3/27/11 12:06",1.25,14472,"United Kingdom"
"547850","84879","ASSORTED COLOUR BIRD ORNAMENT",8,"3/27/11 12:06",1.69,14472,"United Kingdom"
"547850","85152","HAND OVER THE CHOCOLATE   SIGN",4,"3/27/11 12:06",2.1,14472,"United Kingdom"
"547850","21175","GIN + TONIC DIET METAL SIGN",1,"3/27/11 12:06",2.55,14472,"United Kingdom"
"547850","21174","POTTERING IN THE SHED METAL SIGN",1,"3/27/11 12:06",2.08,14472,"United Kingdom"
"547850","82600","NO SINGING METAL SIGN",1,"3/27/11 12:06",2.1,14472,"United Kingdom"
"547850","82599","FANNY'S REST STOPMETAL SIGN",1,"3/27/11 12:06",2.1,14472,"United Kingdom"
"547850","21166","COOK WITH WINE METAL SIGN",1,"3/27/11 12:06",2.08,14472,"United Kingdom"
"547850","21770","OPEN CLOSED METAL SIGN",3,"3/27/11 12:06",4.95,14472,"United Kingdom"
"547850","20963","APPLE BATH SPONGE",3,"3/27/11 12:06",1.25,14472,"United Kingdom"
"547850","84218","BOX/12 CHICK & EGG IN BASKET",1,"3/27/11 12:06",1.95,14472,"United Kingdom"
"547850","20961","STRAWBERRY BATH SPONGE",3,"3/27/11 12:06",1.25,14472,"United Kingdom"
"547850","22210","WOOD STAMP SET BEST WISHES",3,"3/27/11 12:06",1.65,14472,"United Kingdom"
"547850","22208","WOOD STAMP SET THANK YOU",2,"3/27/11 12:06",1.65,14472,"United Kingdom"
"547850","22209","WOOD STAMP SET HAPPY BIRTHDAY",3,"3/27/11 12:06",1.65,14472,"United Kingdom"
"547850","21811","HANGING HEART WITH BELL",2,"3/27/11 12:06",1.25,14472,"United Kingdom"
"547850","21823","PAINTED METAL HEART WITH HOLLY BELL",2,"3/27/11 12:06",1.45,14472,"United Kingdom"
"547850","22297","HEART IVORY TRELLIS SMALL",5,"3/27/11 12:06",1.25,14472,"United Kingdom"
"547850","22296","HEART IVORY TRELLIS LARGE",3,"3/27/11 12:06",1.65,14472,"United Kingdom"
"547850","22577","WOODEN HEART CHRISTMAS SCANDINAVIAN",2,"3/27/11 12:06",0.85,14472,"United Kingdom"
"547850","84929","ASSTD FRUIT+FLOWERS FRIDGE MAGNETS",24,"3/27/11 12:06",0.55,14472,"United Kingdom"
"547850","22652","TRAVEL SEWING KIT",3,"3/27/11 12:06",1.65,14472,"United Kingdom"
"547850","21609","SET 12 LAVENDER  BOTANICAL T-LIGHTS",2,"3/27/11 12:06",2.95,14472,"United Kingdom"
"547850","22891","TEA FOR ONE POLKADOT",2,"3/27/11 12:06",4.25,14472,"United Kingdom"
"547850","22650","CERAMIC PIRATE CHEST MONEY BANK",4,"3/27/11 12:06",1.45,14472,"United Kingdom"
"547850","22637","PIGGY BANK RETROSPOT",4,"3/27/11 12:06",2.55,14472,"United Kingdom"
"547850","22464","HANGING METAL HEART LANTERN",12,"3/27/11 12:06",1.65,14472,"United Kingdom"
"547850","85062","PEARL CRYSTAL PUMPKIN T-LIGHT HLDR",6,"3/27/11 12:06",1.65,14472,"United Kingdom"
"547850","82483","WOOD 2 DRAWER CABINET WHITE FINISH",2,"3/27/11 12:06",6.95,14472,"United Kingdom"
"547850","22178","VICTORIAN GLASS HANGING T-LIGHT",6,"3/27/11 12:06",1.25,14472,"United Kingdom"
"547850","21756","BATH BUILDING BLOCK WORD",2,"3/27/11 12:06",5.95,14472,"United Kingdom"
"547850","21755","LOVE BUILDING BLOCK WORD",2,"3/27/11 12:06",5.95,14472,"United Kingdom"
"547850","21754","HOME BUILDING BLOCK WORD",2,"3/27/11 12:06",5.95,14472,"United Kingdom"
"547850","84755","COLOUR GLASS T-LIGHT HOLDER HANGING",16,"3/27/11 12:06",0.65,14472,"United Kingdom"
"C547849","21232","STRAWBERRY CERAMIC TRINKET BOX",-3,"3/27/11 12:06",1.25,12471,"Germany"
"C547851","21558","SKULL LUNCH BOX WITH CUTLERY",-1,"3/27/11 12:08",2.55,16782,"United Kingdom"
"C547851","20727","LUNCH BAG  BLACK SKULL.",-1,"3/27/11 12:08",1.65,16782,"United Kingdom"
"C547852","22045","SPACEBOY GIFT WRAP",-25,"3/27/11 12:11",0.42,15065,"United Kingdom"
"C547853","21041","RED RETROSPOT OVEN GLOVE DOUBLE",-1,"3/27/11 12:11",2.95,15615,"United Kingdom"
"C547853","21929","JUMBO BAG PINK VINTAGE PAISLEY",-3,"3/27/11 12:11",1.95,15615,"United Kingdom"
"C547853","20727","LUNCH BAG  BLACK SKULL.",-3,"3/27/11 12:11",1.65,15615,"United Kingdom"
"C547854","22951","60 CAKE CASES DOLLY GIRL DESIGN",-24,"3/27/11 12:12",0.55,14586,"United Kingdom"
"C547854","22530","MAGIC DRAWING SLATE DOLLY GIRL",-24,"3/27/11 12:12",0.42,14586,"United Kingdom"
"C547855","22843","BISCUIT TIN VINTAGE GREEN",-1,"3/27/11 12:13",6.75,14194,"United Kingdom"
"C547856","47566","PARTY BUNTING",-4,"3/27/11 12:14",4.95,16256,"United Kingdom"
"C547857","85062","PEARL CRYSTAL PUMPKIN T-LIGHT HLDR",-3,"3/27/11 12:14",1.65,13050,"United Kingdom"
"C547857","82483","WOOD 2 DRAWER CABINET WHITE FINISH",-2,"3/27/11 12:14",6.95,13050,"United Kingdom"
"C547858","22797","CHEST OF DRAWERS GINGHAM HEART",-1,"3/27/11 12:16",16.95,14911,"EIRE"
"C547858","23178","JAM CLOCK MAGNET",-1,"3/27/11 12:16",2.89,14911,"EIRE"
"C547858","22720","SET OF 3 CAKE TINS PANTRY DESIGN",-1,"3/27/11 12:16",4.95,14911,"EIRE"
"C547859","85027L","FRENCH CHATEAU LARGE PLATTER",-5,"3/27/11 12:16",1.95,13725,"United Kingdom"
"547860","22249","DECORATION WHITE CHICK MAGIC GARDEN",3,"3/27/11 12:21",0.85,17625,"United Kingdom"
"547860","22251","BIRDHOUSE DECORATION MAGIC GARDEN",1,"3/27/11 12:21",1.25,17625,"United Kingdom"
"547860","22249","DECORATION WHITE CHICK MAGIC GARDEN",3,"3/27/11 12:21",0.85,17625,"United Kingdom"
"547860","22247","BUNNY DECORATION MAGIC GARDEN",7,"3/27/11 12:21",0.85,17625,"United Kingdom"
"547860","22251","BIRDHOUSE DECORATION MAGIC GARDEN",3,"3/27/11 12:21",1.25,17625,"United Kingdom"
"547860","10135","COLOURING PENCILS BROWN TUBE",2,"3/27/11 12:21",1.25,17625,"United Kingdom"
"547860","20979","36 PENCILS TUBE RED RETROSPOT",2,"3/27/11 12:21",1.25,17625,"United Kingdom"
"547860","20978","36 PENCILS TUBE SKULLS",2,"3/27/11 12:21",1.25,17625,"United Kingdom"
"547860","21380","WOODEN HAPPY BIRTHDAY GARLAND",2,"3/27/11 12:21",2.95,17625,"United Kingdom"
"547860","21457","2 PICTURE BOOK EGGS EASTER DUCKS",3,"3/27/11 12:21",1.25,17625,"United Kingdom"
"547860","21458","2 PICTURE BOOK EGGS EASTER BUNNY",3,"3/27/11 12:21",1.25,17625,"United Kingdom"
"547860","47567B","TEA TIME KITCHEN APRON",2,"3/27/11 12:21",5.95,17625,"United Kingdom"
"547860","22123","PING MICROWAVE APRON",2,"3/27/11 12:21",1.95,17625,"United Kingdom"
"547860","21042","RED RETROSPOT APRON",2,"3/27/11 12:21",5.95,17625,"United Kingdom"
"547860","22896","PEG BAG APPLES DESIGN",1,"3/27/11 12:21",2.55,17625,"United Kingdom"
"547860","22939","APRON APPLE DELIGHT",1,"3/27/11 12:21",4.95,17625,"United Kingdom"
"547860","84971S","SMALL HEART FLOWERS HOOK",24,"3/27/11 12:21",0.85,17625,"United Kingdom"
"547860","22560","TRADITIONAL MODELLING CLAY",3,"3/27/11 12:21",1.25,17625,"United Kingdom"
"547860","22189","CREAM HEART CARD HOLDER",4,"3/27/11 12:21",3.95,17625,"United Kingdom"
"547860","84884A","ANT WHITE WIRE HEART SPIRAL",2,"3/27/11 12:21",3.95,17625,"United Kingdom"
"547860","21155","RED RETROSPOT PEG BAG",1,"3/27/11 12:21",2.55,17625,"United Kingdom"
"547860","21329","DINOSAURS  WRITING SET",2,"3/27/11 12:21",1.65,17625,"United Kingdom"
"547860","21328","BALLOONS  WRITING SET",2,"3/27/11 12:21",1.65,17625,"United Kingdom"
"547860","22667","RECIPE BOX RETROSPOT",1,"3/27/11 12:21",2.95,17625,"United Kingdom"
"547860","22665","RECIPE BOX BLUE SKETCHBOOK DESIGN",1,"3/27/11 12:21",2.95,17625,"United Kingdom"
"547860","22139","RETROSPOT TEA SET CERAMIC 11 PC",2,"3/27/11 12:21",4.95,17625,"United Kingdom"
"547860","21041","RED RETROSPOT OVEN GLOVE DOUBLE",1,"3/27/11 12:21",2.95,17625,"United Kingdom"
"547860","21327","SKULLS WRITING SET",2,"3/27/11 12:21",1.65,17625,"United Kingdom"
"547860","22489","PACK OF 12 TRADITIONAL CRAYONS",3,"3/27/11 12:21",0.42,17625,"United Kingdom"
"547860","22558","CLOTHES PEGS RETROSPOT PACK 24",2,"3/27/11 12:21",1.49,17625,"United Kingdom"
"547860","22851","SET 20 NAPKINS FAIRY CAKES DESIGN",4,"3/27/11 12:21",0.85,17625,"United Kingdom"
"547860","22109","FULL ENGLISH BREAKFAST PLATE",4,"3/27/11 12:21",3.75,17625,"United Kingdom"
"547860","22283","6 EGG HOUSE PAINTED WOOD",2,"3/27/11 12:21",7.95,17625,"United Kingdom"
"547860","22933","BAKING MOULD EASTER EGG MILK CHOC",2,"3/27/11 12:21",2.95,17625,"United Kingdom"
"547860","22934","BAKING MOULD EASTER EGG WHITE CHOC",2,"3/27/11 12:21",2.95,17625,"United Kingdom"
"547860","22966","GINGERBREAD MAN COOKIE CUTTER",2,"3/27/11 12:21",1.25,17625,"United Kingdom"
"547860","22964","3 PIECE SPACEBOY COOKIE CUTTER SET",1,"3/27/11 12:21",2.1,17625,"United Kingdom"
"547860","22908","PACK OF 20 NAPKINS RED APPLES",3,"3/27/11 12:21",0.85,17625,"United Kingdom"
"547860","21078","SET/20 STRAWBERRY PAPER NAPKINS",3,"3/27/11 12:21",0.85,17625,"United Kingdom"
"547860","21080","SET/20 RED RETROSPOT PAPER NAPKINS",2,"3/27/11 12:21",0.85,17625,"United Kingdom"
"547860","22613","PACK OF 20 SPACEBOY NAPKINS",2,"3/27/11 12:21",0.85,17625,"United Kingdom"
"547860","21989","PACK OF 20 SKULL PAPER NAPKINS",2,"3/27/11 12:21",0.85,17625,"United Kingdom"
"547860","84510C","SET OF 4 POLKADOT COASTERS",2,"3/27/11 12:21",1.25,17625,"United Kingdom"
"547860","84510A","SET OF 4 ENGLISH ROSE COASTERS",2,"3/27/11 12:21",1.25,17625,"United Kingdom"
"547860","21034","REX CASH+CARRY JUMBO SHOPPER",1,"3/27/11 12:21",0.95,17625,"United Kingdom"
"547860","16156S","WRAP PINK FAIRY CAKES",25,"3/27/11 12:21",0.42,17625,"United Kingdom"
"547860","22711","WRAP CIRCUS PARADE",25,"3/27/11 12:21",0.42,17625,"United Kingdom"
"547860","82600","NO SINGING METAL SIGN",2,"3/27/11 12:21",2.1,17625,"United Kingdom"
"547860","21165","BEWARE OF THE CAT METAL SIGN",2,"3/27/11 12:21",1.69,17625,"United Kingdom"
"547860","21407","BROWN CHECK CAT DOORSTOP",1,"3/27/11 12:21",4.25,17625,"United Kingdom"
"547860","22508","DOORSTOP RETROSPOT HEART",1,"3/27/11 12:21",3.75,17625,"United Kingdom"
"547860","22804","CANDLEHOLDER PINK HANGING HEART",3,"3/27/11 12:21",2.95,17625,"United Kingdom"
"547860","85123A","WHITE HANGING HEART T-LIGHT HOLDER",6,"3/27/11 12:21",2.95,17625,"United Kingdom"
"547860","22173","METAL 4 HOOK HANGER FRENCH CHATEAU",2,"3/27/11 12:21",2.95,17625,"United Kingdom"
"547860","84406B","CREAM CUPID HEARTS COAT HANGER",1,"3/27/11 12:21",4.15,17625,"United Kingdom"
"547860","82484","WOOD BLACK BOARD ANT WHITE FINISH",1,"3/27/11 12:21",7.9,17625,"United Kingdom"
"547860","85061W","WHITE JEWELLED HEART DECORATION",6,"3/27/11 12:21",0.85,17625,"United Kingdom"
"547860","22284","HEN HOUSE DECORATION",1,"3/27/11 12:21",1.65,17625,"United Kingdom"
"547860","72741","GRAND CHOCOLATECANDLE",9,"3/27/11 12:21",1.45,17625,"United Kingdom"
"547860","72802A","ROSE SCENT CANDLE IN JEWELLED BOX",3,"3/27/11 12:21",4.25,17625,"United Kingdom"
"547860","72802B","OCEAN SCENT CANDLE IN JEWELLED BOX",3,"3/27/11 12:21",4.25,17625,"United Kingdom"
"547860","72802C","VANILLA SCENT CANDLE JEWELLED BOX",3,"3/27/11 12:21",4.25,17625,"United Kingdom"
"547860","72807B","SET/3 OCEAN SCENT CANDLE JEWEL BOX",3,"3/27/11 12:21",4.25,17625,"United Kingdom"
"547860","72807C","SET/3 VANILLA SCENTED CANDLE IN BOX",3,"3/27/11 12:21",4.25,17625,"United Kingdom"
"547860","22921","HERB MARKER CHIVES",2,"3/27/11 12:21",0.65,17625,"United Kingdom"
"547860","22916","HERB MARKER THYME",2,"3/27/11 12:21",0.65,17625,"United Kingdom"
"547860","22918","HERB MARKER PARSLEY",2,"3/27/11 12:21",0.65,17625,"United Kingdom"
"547860","22917","HERB MARKER ROSEMARY",2,"3/27/11 12:21",0.65,17625,"United Kingdom"
"547860","22919","HERB MARKER MINT",2,"3/27/11 12:21",0.65,17625,"United Kingdom"
"547860","85186A","EASTER BUNNY GARLAND OF FLOWERS",5,"3/27/11 12:21",0.42,17625,"United Kingdom"
"547860","85186C","BUNNY EGG GARLAND",1,"3/27/11 12:21",0.42,17625,"United Kingdom"
"547860","84459A","PINK METAL CHICKEN HEART",6,"3/27/11 12:21",1.49,17625,"United Kingdom"
"547860","22291","HANGING CHICK CREAM DECORATION",6,"3/27/11 12:21",1.45,17625,"United Kingdom"
"547860","22292","HANGING CHICK  YELLOW DECORATION",6,"3/27/11 12:21",1.45,17625,"United Kingdom"
"547860","22284","HEN HOUSE DECORATION",5,"3/27/11 12:21",1.65,17625,"United Kingdom"
"547860","85061W","WHITE JEWELLED HEART DECORATION",6,"3/27/11 12:21",0.85,17625,"United Kingdom"
"547860","22295","HEART FILIGREE DOVE LARGE",6,"3/27/11 12:21",1.65,17625,"United Kingdom"
"547860","85194L","HANGING SPRING FLOWER EGG LARGE",7,"3/27/11 12:21",0.85,17625,"United Kingdom"
"547860","35972","DAISY FOLKART HEART DECORATION",2,"3/27/11 12:21",1.25,17625,"United Kingdom"
"547860","85202","HANGING WOOD AND FELT HEART",10,"3/27/11 12:21",0.42,17625,"United Kingdom"
"547860","85203","HANGING WOOD AND FELT BUTTERFLY",5,"3/27/11 12:21",0.42,17625,"United Kingdom"
"547860","21390","FILIGRIS HEART WITH BUTTERFLY",6,"3/27/11 12:21",1.25,17625,"United Kingdom"
"547860","22294","HEART FILIGREE DOVE  SMALL",6,"3/27/11 12:21",1.25,17625,"United Kingdom"
"547860","35972","DAISY FOLKART HEART DECORATION",4,"3/27/11 12:21",1.25,17625,"United Kingdom"
"547860","35971","ROSE FOLKART HEART DECORATIONS",6,"3/27/11 12:21",1.25,17625,"United Kingdom"
"547860","22267","EASTER DECORATION EGG BUNNY",1,"3/27/11 12:21",1.25,17625,"United Kingdom"
"547860","21385","IVORY HANGING DECORATION  HEART",11,"3/27/11 12:21",0.85,17625,"United Kingdom"
"547860","21389","IVORY HANGING DECORATION  BIRD",6,"3/27/11 12:21",0.85,17625,"United Kingdom"
"547860","22286","DECORATION , WOBBLY RABBIT , METAL",8,"3/27/11 12:21",1.65,17625,"United Kingdom"
"547860","22266","EASTER DECORATION HANGING BUNNY",6,"3/27/11 12:21",0.65,17625,"United Kingdom"
"547860","22267","EASTER DECORATION EGG BUNNY",5,"3/27/11 12:21",1.25,17625,"United Kingdom"
"547860","22250","DECORATION  BUTTERFLY  MAGIC GARDEN",8,"3/27/11 12:21",0.85,17625,"United Kingdom"
"547860","22233","JIGSAW RABBIT AND BIRDHOUSE",2,"3/27/11 12:21",1.65,17625,"United Kingdom"
"547860","22248","DECORATION  PINK CHICK MAGIC GARDEN",9,"3/27/11 12:21",0.85,17625,"United Kingdom"
"547860","22156","HEART DECORATION WITH PEARLS",6,"3/27/11 12:21",0.85,17625,"United Kingdom"
"547861","75049L","LARGE CIRCULAR MIRROR MOBILE",96,"3/27/11 12:36",0.85,16701,"United Kingdom"
"547861","21539","RED RETROSPOT BUTTER DISH",18,"3/27/11 12:36",4.25,16701,"United Kingdom"
"547861","22191","IVORY DINER WALL CLOCK",2,"3/27/11 12:36",8.5,16701,"United Kingdom"
"547861","22192","BLUE DINER WALL CLOCK",2,"3/27/11 12:36",8.5,16701,"United Kingdom"
"547861","22193","RED DINER WALL CLOCK",4,"3/27/11 12:36",8.5,16701,"United Kingdom"
"547861","22398","MAGNETS PACK OF 4 SWALLOWS",12,"3/27/11 12:36",1.25,16701,"United Kingdom"
"547861","22402","MAGNETS PACK OF 4 VINTAGE COLLAGE",12,"3/27/11 12:36",1.25,16701,"United Kingdom"
"547861","22399","MAGNETS PACK OF 4 CHILDHOOD MEMORY",12,"3/27/11 12:36",1.25,16701,"United Kingdom"
"547861","23232","WRAP VINTAGE PETALS  DESIGN",50,"3/27/11 12:36",0.42,16701,"United Kingdom"
"547861","21288","STRIPEY CHOCOLATE NESTING BOXES",24,"3/27/11 12:36",2.55,16701,"United Kingdom"
"547862","84231","EASTER BUNNY WITH BASKET ON BACK",10,"3/27/11 12:54",0.65,12841,"United Kingdom"
"547862","22248","DECORATION  PINK CHICK MAGIC GARDEN",4,"3/27/11 12:54",0.85,12841,"United Kingdom"
"547862","22053","EMPIRE DESIGN ROSETTE",5,"3/27/11 12:54",1.25,12841,"United Kingdom"
"547862","21790","VINTAGE SNAP CARDS",1,"3/27/11 12:54",0.85,12841,"United Kingdom"
"547862","22249","DECORATION WHITE CHICK MAGIC GARDEN",4,"3/27/11 12:54",0.85,12841,"United Kingdom"
"547862","22965","3 TRADITIONAl BISCUIT CUTTERS  SET",3,"3/27/11 12:54",2.1,12841,"United Kingdom"
"547862","84378","SET OF 3 HEART COOKIE CUTTERS",4,"3/27/11 12:54",1.25,12841,"United Kingdom"
"547862","84380","SET OF 3 BUTTERFLY COOKIE CUTTERS",3,"3/27/11 12:54",1.25,12841,"United Kingdom"
"547862","72741","GRAND CHOCOLATECANDLE",9,"3/27/11 12:54",1.45,12841,"United Kingdom"
"547862","22964","3 PIECE SPACEBOY COOKIE CUTTER SET",2,"3/27/11 12:54",2.1,12841,"United Kingdom"
"547862","22933","BAKING MOULD EASTER EGG MILK CHOC",3,"3/27/11 12:54",2.95,12841,"United Kingdom"
"547862","21988","PACK OF 6 SKULL PAPER PLATES",4,"3/27/11 12:54",0.85,12841,"United Kingdom"
"547862","22930","BAKING MOULD HEART MILK CHOCOLATE",3,"3/27/11 12:54",2.55,12841,"United Kingdom"
"547862","22932","BAKING MOULD TOFFEE CUP CHOCOLATE",3,"3/27/11 12:54",2.55,12841,"United Kingdom"
"547862","22806","SET OF 6 T-LIGHTS WEDDING CAKE",6,"3/27/11 12:54",2.95,12841,"United Kingdom"
"547862","21447","12 IVORY ROSE PEG PLACE SETTINGS",24,"3/27/11 12:54",1.25,12841,"United Kingdom"
"547862","15036","ASSORTED COLOURS SILK FAN",12,"3/27/11 12:54",0.75,12841,"United Kingdom"
"547862","21626","VINTAGE UNION JACK PENNANT",4,"3/27/11 12:54",1.95,12841,"United Kingdom"
"547862","22087","PAPER BUNTING WHITE LACE",12,"3/27/11 12:54",2.95,12841,"United Kingdom"
"547862","21206","STRAWBERRY HONEYCOMB  GARLAND",4,"3/27/11 12:54",1.65,12841,"United Kingdom"
"547862","21912","VINTAGE SNAKES & LADDERS",1,"3/27/11 12:54",3.75,12841,"United Kingdom"
"547863","22957","SET 3 PAPER VINTAGE CHICK PAPER EGG",6,"3/27/11 13:07",2.95,12728,"France"
"547863","21731","RED TOADSTOOL LED NIGHT LIGHT",12,"3/27/11 13:07",1.65,12728,"France"
"547863","22423","REGENCY CAKESTAND 3 TIER",2,"3/27/11 13:07",12.75,12728,"France"
"547863","21843","RED RETROSPOT CAKE STAND",2,"3/27/11 13:07",10.95,12728,"France"
"547863","21746","SMALL RED RETROSPOT WINDMILL",12,"3/27/11 13:07",1.25,12728,"France"
"547863","22605","WOODEN CROQUET GARDEN SET",1,"3/27/11 13:07",14.95,12728,"France"
"547863","21212","PACK OF 72 RETROSPOT CAKE CASES",24,"3/27/11 13:07",0.55,12728,"France"
"547863","POST","POSTAGE",2,"3/27/11 13:07",18,12728,"France"
"547864","85186A","EASTER BUNNY GARLAND OF FLOWERS",6,"3/27/11 13:10",0.42,15716,"United Kingdom"
"547864","22247","BUNNY DECORATION MAGIC GARDEN",10,"3/27/11 13:10",0.85,15716,"United Kingdom"
"547864","22292","HANGING CHICK  YELLOW DECORATION",7,"3/27/11 13:10",1.45,15716,"United Kingdom"
"547864","22286","DECORATION , WOBBLY RABBIT , METAL",2,"3/27/11 13:10",1.65,15716,"United Kingdom"
"547864","84457","SET/3 RABBITS FLOWER SKIPPPING ROPE",3,"3/27/11 13:10",0.85,15716,"United Kingdom"
"547864","22268","EASTER DECORATION SITTING BUNNY",8,"3/27/11 13:10",0.85,15716,"United Kingdom"
"547864","22266","EASTER DECORATION HANGING BUNNY",3,"3/27/11 13:10",0.65,15716,"United Kingdom"
"547864","22288","HANGING METAL RABBIT DECORATION",1,"3/27/11 13:10",1.25,15716,"United Kingdom"
"547864","85186C","BUNNY EGG GARLAND",2,"3/27/11 13:10",0.42,15716,"United Kingdom"
"547864","85186A","EASTER BUNNY GARLAND OF FLOWERS",5,"3/27/11 13:10",0.42,15716,"United Kingdom"
"547864","22249","DECORATION WHITE CHICK MAGIC GARDEN",1,"3/27/11 13:10",0.85,15716,"United Kingdom"
"547864","22248","DECORATION  PINK CHICK MAGIC GARDEN",4,"3/27/11 13:10",0.85,15716,"United Kingdom"
"547864","22288","HANGING METAL RABBIT DECORATION",3,"3/27/11 13:10",1.25,15716,"United Kingdom"
"547864","22266","EASTER DECORATION HANGING BUNNY",4,"3/27/11 13:10",0.65,15716,"United Kingdom"
"547864","84457","SET/3 RABBITS FLOWER SKIPPPING ROPE",8,"3/27/11 13:10",0.85,15716,"United Kingdom"
"547864","21770","OPEN CLOSED METAL SIGN",1,"3/27/11 13:10",4.95,15716,"United Kingdom"
"547864","85188A","GREEN METAL SWINGING BUNNY",24,"3/27/11 13:10",0.85,15716,"United Kingdom"
"547864","22499","WOODEN UNION JACK BUNTING",2,"3/27/11 13:10",5.95,15716,"United Kingdom"
"547864","22084","PAPER CHAIN KIT EMPIRE",1,"3/27/11 13:10",2.95,15716,"United Kingdom"
"547864","85123A","WHITE HANGING HEART T-LIGHT HOLDER",6,"3/27/11 13:10",2.95,15716,"United Kingdom"
"547865","23009","I LOVE LONDON BABY GIFT SET",1,"3/27/11 13:15",16.95,,"United Kingdom"
"547866","84218","BOX/12 CHICK & EGG IN BASKET",3,"3/27/11 13:21",1.95,14878,"United Kingdom"
"547866","22996","TRAVEL CARD WALLET VINTAGE TICKET",24,"3/27/11 13:21",0.42,14878,"United Kingdom"
"547866","22997","TRAVEL CARD WALLET UNION JACK",24,"3/27/11 13:21",0.42,14878,"United Kingdom"
"547866","22998","TRAVEL CARD WALLET KEEP CALM",24,"3/27/11 13:21",0.42,14878,"United Kingdom"
"547866","35920","FOUR RABBIT EASTER DECORATIONS",5,"3/27/11 13:21",1.25,14878,"United Kingdom"
"547866","22249","DECORATION WHITE CHICK MAGIC GARDEN",4,"3/27/11 13:21",0.85,14878,"United Kingdom"
"547866","22891","TEA FOR ONE POLKADOT",2,"3/27/11 13:21",4.25,14878,"United Kingdom"
"547866","22646","CERAMIC STRAWBERRY CAKE MONEY BANK",4,"3/27/11 13:21",1.45,14878,"United Kingdom"
"547866","22924","FRIDGE MAGNETS LA VIE EN ROSE",12,"3/27/11 13:21",0.85,14878,"United Kingdom"
"547866","23077","DOUGHNUT LIP GLOSS",24,"3/27/11 13:21",1.25,14878,"United Kingdom"
"547866","22139","RETROSPOT TEA SET CERAMIC 11 PC",3,"3/27/11 13:21",4.95,14878,"United Kingdom"
"547866","47567B","TEA TIME KITCHEN APRON",3,"3/27/11 13:21",5.95,14878,"United Kingdom"
"547866","47566B","TEA TIME PARTY BUNTING",1,"3/27/11 13:21",4.95,14878,"United Kingdom"
"547866","23078","ICE CREAM PEN LIP GLOSS",48,"3/27/11 13:21",1.25,14878,"United Kingdom"
"547867","22720","SET OF 3 CAKE TINS PANTRY DESIGN",2,"3/27/11 13:56",4.95,13357,"United Kingdom"
"547867","22965","3 TRADITIONAl BISCUIT CUTTERS  SET",3,"3/27/11 13:56",2.1,13357,"United Kingdom"
"547867","22966","GINGERBREAD MAN COOKIE CUTTER",3,"3/27/11 13:56",1.25,13357,"United Kingdom"
"547867","22741","FUNKY DIVA PEN",48,"3/27/11 13:56",0.85,13357,"United Kingdom"
"547867","22722","SET OF 6 SPICE TINS PANTRY DESIGN",1,"3/27/11 13:56",3.95,13357,"United Kingdom"
"547867","22891","TEA FOR ONE POLKADOT",2,"3/27/11 13:56",4.25,13357,"United Kingdom"
"547867","21901","KEY FOB , BACK DOOR",10,"3/27/11 13:56",0.65,13357,"United Kingdom"
"547867","21899","KEY FOB , GARAGE DESIGN",7,"3/27/11 13:56",0.65,13357,"United Kingdom"
"547867","21902","KEY FOB , FRONT  DOOR",10,"3/27/11 13:56",0.65,13357,"United Kingdom"
"547867","22728","ALARM CLOCK BAKELIKE PINK",2,"3/27/11 13:56",3.75,13357,"United Kingdom"
"547867","22730","ALARM CLOCK BAKELIKE IVORY",3,"3/27/11 13:56",3.75,13357,"United Kingdom"
"547867","22729","ALARM CLOCK BAKELIKE ORANGE",1,"3/27/11 13:56",3.75,13357,"United Kingdom"
"547867","22727","ALARM CLOCK BAKELIKE RED",2,"3/27/11 13:56",3.75,13357,"United Kingdom"
"547867","21174","POTTERING IN THE SHED METAL SIGN",1,"3/27/11 13:56",2.08,13357,"United Kingdom"
"547867","21166","COOK WITH WINE METAL SIGN",2,"3/27/11 13:56",2.08,13357,"United Kingdom"
"547867","21181","PLEASE ONE PERSON METAL SIGN",3,"3/27/11 13:56",2.1,13357,"United Kingdom"
"547867","21903","MAN FLU METAL SIGN",1,"3/27/11 13:56",2.1,13357,"United Kingdom"
"547867","82600","NO SINGING METAL SIGN",1,"3/27/11 13:56",2.1,13357,"United Kingdom"
"547867","85152","HAND OVER THE CHOCOLATE   SIGN",2,"3/27/11 13:56",2.1,13357,"United Kingdom"
"547867","21164","HOME SWEET HOME METAL SIGN",3,"3/27/11 13:56",2.95,13357,"United Kingdom"
"547867","21165","BEWARE OF THE CAT METAL SIGN",3,"3/27/11 13:56",1.69,13357,"United Kingdom"
"547867","22961","JAM MAKING SET PRINTED",4,"3/27/11 13:56",1.45,13357,"United Kingdom"
"547867","20983","12 PENCILS TALL TUBE RED RETROSPOT",2,"3/27/11 13:56",0.85,13357,"United Kingdom"
"547867","20975","12 PENCILS SMALL TUBE RED RETROSPOT",2,"3/27/11 13:56",0.65,13357,"United Kingdom"
"547867","20978","36 PENCILS TUBE SKULLS",1,"3/27/11 13:56",1.25,13357,"United Kingdom"
"547867","84991","60 TEATIME FAIRY CAKE CASES",1,"3/27/11 13:56",0.55,13357,"United Kingdom"
"547867","20979","36 PENCILS TUBE RED RETROSPOT",2,"3/27/11 13:56",1.25,13357,"United Kingdom"
"547867","20974","12 PENCILS SMALL TUBE SKULL",2,"3/27/11 13:56",0.65,13357,"United Kingdom"
"547867","21991","BOHEMIAN COLLAGE STATIONERY SET",1,"3/27/11 13:56",2.95,13357,"United Kingdom"
"547867","21212","PACK OF 72 RETROSPOT CAKE CASES",1,"3/27/11 13:56",0.55,13357,"United Kingdom"
"547867","22969","HOMEMADE JAM SCENTED CANDLES",12,"3/27/11 13:56",1.45,13357,"United Kingdom"
"547867","22726","ALARM CLOCK BAKELIKE GREEN",2,"3/27/11 13:56",3.75,13357,"United Kingdom"
"547867","22077","6 RIBBONS RUSTIC CHARM",2,"3/27/11 13:56",1.65,13357,"United Kingdom"
"547867","22082","RIBBON REEL STRIPES DESIGN",5,"3/27/11 13:56",1.65,13357,"United Kingdom"
"547867","21977","PACK OF 60 PINK PAISLEY CAKE CASES",1,"3/27/11 13:56",0.55,13357,"United Kingdom"
"547867","21212","PACK OF 72 RETROSPOT CAKE CASES",2,"3/27/11 13:56",0.55,13357,"United Kingdom"
"547867","84991","60 TEATIME FAIRY CAKE CASES",1,"3/27/11 13:56",0.55,13357,"United Kingdom"
"547867","21993","FLORAL FOLK STATIONERY SET",2,"3/27/11 13:56",2.95,13357,"United Kingdom"
"547867","21992","VINTAGE PAISLEY STATIONERY SET",1,"3/27/11 13:56",2.95,13357,"United Kingdom"
"547867","85049D","BRIGHT BLUES RIBBONS",1,"3/27/11 13:56",1.25,13357,"United Kingdom"
"547867","22077","6 RIBBONS RUSTIC CHARM",4,"3/27/11 13:56",1.65,13357,"United Kingdom"
"547867","85049F","BABY BOOM RIBBONS",2,"3/27/11 13:56",1.25,13357,"United Kingdom"
"547867","22078","RIBBON REEL LACE DESIGN",5,"3/27/11 13:56",2.1,13357,"United Kingdom"
"547867","85049E","SCANDINAVIAN REDS RIBBONS",2,"3/27/11 13:56",1.25,13357,"United Kingdom"
"547867","85049C","ROMANTIC PINKS RIBBONS",2,"3/27/11 13:56",1.25,13357,"United Kingdom"
"547867","22666","RECIPE BOX PANTRY YELLOW DESIGN",2,"3/27/11 13:56",2.95,13357,"United Kingdom"
"547867","22665","RECIPE BOX BLUE SKETCHBOOK DESIGN",1,"3/27/11 13:56",2.95,13357,"United Kingdom"
"547867","22993","SET OF 4 PANTRY JELLY MOULDS",2,"3/27/11 13:56",1.25,13357,"United Kingdom"
"547867","22219","LOVEBIRD HANGING DECORATION WHITE",6,"3/27/11 13:56",0.85,13357,"United Kingdom"
"547867","22980","PANTRY SCRUBBING BRUSH",2,"3/27/11 13:56",1.65,13357,"United Kingdom"
"547867","22979","PANTRY WASHING UP BRUSH",2,"3/27/11 13:56",1.45,13357,"United Kingdom"
"547867","22720","SET OF 3 CAKE TINS PANTRY DESIGN",1,"3/27/11 13:56",4.95,13357,"United Kingdom"
"547867","21986","PACK OF 12 PINK POLKADOT TISSUES",12,"3/27/11 13:56",0.29,13357,"United Kingdom"
"547867","22722","SET OF 6 SPICE TINS PANTRY DESIGN",3,"3/27/11 13:56",3.95,13357,"United Kingdom"
"547867","22938","CUPCAKE LACE PAPER SET 6",3,"3/27/11 13:56",1.95,13357,"United Kingdom"
"547867","21980","PACK OF 12 RED RETROSPOT TISSUES",12,"3/27/11 13:56",0.29,13357,"United Kingdom"
"547867","21985","PACK OF 12 HEARTS DESIGN TISSUES",12,"3/27/11 13:56",0.29,13357,"United Kingdom"
"547867","84916","HAND TOWEL PALE BLUE W FLOWERS",2,"3/27/11 13:56",5.95,13357,"United Kingdom"
"547867","84917","WHITE HAND TOWEL WITH BUTTERFLY",2,"3/27/11 13:56",5.95,13357,"United Kingdom"
"547867","21078","SET/20 STRAWBERRY PAPER NAPKINS",4,"3/27/11 13:56",0.85,13357,"United Kingdom"
"547867","21080","SET/20 RED RETROSPOT PAPER NAPKINS",2,"3/27/11 13:56",0.85,13357,"United Kingdom"
"547867","22626","BLACK KITCHEN SCALES",1,"3/27/11 13:56",8.5,13357,"United Kingdom"
"547867","22776","SWEETHEART CAKESTAND 3 TIER",1,"3/27/11 13:56",9.95,13357,"United Kingdom"
"547867","22960","JAM MAKING SET WITH JARS",4,"3/27/11 13:56",4.25,13357,"United Kingdom"
"547867","21586","KINGS CHOICE GIANT TUBE MATCHES",3,"3/27/11 13:56",2.55,13357,"United Kingdom"
"547867","21584","RETROSPOT SMALL TUBE MATCHES",1,"3/27/11 13:56",1.65,13357,"United Kingdom"
"547867","21588","RETROSPOT GIANT TUBE MATCHES",4,"3/27/11 13:56",2.55,13357,"United Kingdom"
"547867","22423","REGENCY CAKESTAND 3 TIER",1,"3/27/11 13:56",12.75,13357,"United Kingdom"
"547867","22303","COFFEE MUG APPLES DESIGN",6,"3/27/11 13:56",2.55,13357,"United Kingdom"
"547867","22301","COFFEE MUG CAT + BIRD DESIGN",6,"3/27/11 13:56",2.55,13357,"United Kingdom"
"547867","22300","COFFEE MUG DOG + BALL DESIGN",6,"3/27/11 13:56",2.55,13357,"United Kingdom"
"547867","22302","COFFEE MUG PEARS  DESIGN",6,"3/27/11 13:56",2.55,13357,"United Kingdom"
"547867","22653","BUTTON BOX",3,"3/27/11 13:56",1.95,13357,"United Kingdom"
"547867","22652","TRAVEL SEWING KIT",3,"3/27/11 13:56",1.65,13357,"United Kingdom"
"547867","21110","LARGE CAKE TOWEL PINK SPOTS",1,"3/27/11 13:56",6.75,13357,"United Kingdom"
"547867","21107","CREAM SLICE FLANNEL PINK SPOT",2,"3/27/11 13:56",2.95,13357,"United Kingdom"
"547867","21108","FAIRY CAKE FLANNEL ASSORTED COLOUR",6,"3/27/11 13:56",2.55,13357,"United Kingdom"
"547867","21870","I CAN ONLY PLEASE ONE PERSON MUG",6,"3/27/11 13:56",1.25,13357,"United Kingdom"
"547867","21874","GIN AND TONIC MUG",6,"3/27/11 13:56",1.25,13357,"United Kingdom"
"547867","22907","PACK OF 20 NAPKINS PANTRY DESIGN",4,"3/27/11 13:56",0.85,13357,"United Kingdom"
"547867","22989","SET 2 PANTRY DESIGN TEA TOWELS",1,"3/27/11 13:56",3.25,13357,"United Kingdom"
"547867","22895","SET OF 2 TEA TOWELS APPLE AND PEARS",2,"3/27/11 13:56",2.95,13357,"United Kingdom"
"547867","22111","SCOTTIE DOG HOT WATER BOTTLE",1,"3/27/11 13:56",4.95,13357,"United Kingdom"
"547867","22835","HOT WATER BOTTLE I AM SO POORLY",2,"3/27/11 13:56",4.65,13357,"United Kingdom"
"547867","84029G","KNITTED UNION FLAG HOT WATER BOTTLE",1,"3/27/11 13:56",3.75,13357,"United Kingdom"
"547867","22607","WOODEN ROUNDERS GARDEN SET",2,"3/27/11 13:56",9.95,13357,"United Kingdom"
"547867","21115","ROSE CARAVAN DOORSTOP",2,"3/27/11 13:56",6.75,13357,"United Kingdom"
"547867","22654","DELUXE SEWING KIT",1,"3/27/11 13:56",5.95,13357,"United Kingdom"
"547867","22606","WOODEN SKITTLES GARDEN SET",1,"3/27/11 13:56",15.95,13357,"United Kingdom"
"547867","22968","ROSE COTTAGE KEEPSAKE BOX",1,"3/27/11 13:56",9.95,13357,"United Kingdom"
"547870","82494L","WOODEN FRAME ANTIQUE WHITE",4,"3/27/11 14:18",2.95,13668,"United Kingdom"
"547870","22617","BAKING SET SPACEBOY DESIGN",2,"3/27/11 14:18",4.95,13668,"United Kingdom"
"547870","22138","BAKING SET 9 PIECE RETROSPOT",2,"3/27/11 14:18",4.95,13668,"United Kingdom"
"547870","22084","PAPER CHAIN KIT EMPIRE",2,"3/27/11 14:18",2.95,13668,"United Kingdom"
"547870","47580","TEA TIME DES TEA COSY",2,"3/27/11 14:18",2.55,13668,"United Kingdom"
"547870","82613D","METAL SIGN CUPCAKE SINGLE HOOK",4,"3/27/11 14:18",1.25,13668,"United Kingdom"
"547870","82613C","METAL SIGN,CUPCAKE SINGLE HOOK",4,"3/27/11 14:18",1.25,13668,"United Kingdom"
"547870","82613A","METAL SIGN,CUPCAKE SINGLE HOOK",4,"3/27/11 14:18",1.25,13668,"United Kingdom"
"547870","82613B","METAL SIGN,CUPCAKE SINGLE HOOK",4,"3/27/11 14:18",1.25,13668,"United Kingdom"
"547870","21756","BATH BUILDING BLOCK WORD",4,"3/27/11 14:18",5.95,13668,"United Kingdom"
"547870","22077","6 RIBBONS RUSTIC CHARM",6,"3/27/11 14:18",1.65,13668,"United Kingdom"
"547870","21770","OPEN CLOSED METAL SIGN",1,"3/27/11 14:18",4.95,13668,"United Kingdom"
"547870","85150","LADIES & GENTLEMEN METAL SIGN",4,"3/27/11 14:18",2.55,13668,"United Kingdom"
"547870","82482","WOODEN PICTURE FRAME WHITE FINISH",6,"3/27/11 14:18",2.55,13668,"United Kingdom"
"547870","22178","VICTORIAN GLASS HANGING T-LIGHT",6,"3/27/11 14:18",1.25,13668,"United Kingdom"
"547870","85062","PEARL CRYSTAL PUMPKIN T-LIGHT HLDR",6,"3/27/11 14:18",1.65,13668,"United Kingdom"
"547870","85071A","BLUE CHARLIE+LOLA PERSONAL DOORSIGN",3,"3/27/11 14:18",2.95,13668,"United Kingdom"
"547870","85071B","RED CHARLIE+LOLA PERSONAL DOORSIGN",3,"3/27/11 14:18",2.95,13668,"United Kingdom"
"547870","37448","CERAMIC CAKE DESIGN SPOTTED MUG",5,"3/27/11 14:18",1.49,13668,"United Kingdom"
"547870","22059","CERAMIC STRAWBERRY DESIGN MUG",3,"3/27/11 14:18",1.49,13668,"United Kingdom"
"547871","21770","OPEN CLOSED METAL SIGN",1,"3/27/11 14:28",4.95,16931,"United Kingdom"
"547871","22855","FINE WICKER HEART",3,"3/27/11 14:28",1.25,16931,"United Kingdom"
"547871","21839","MUMMY MOUSE RED GINGHAM RIBBON",1,"3/27/11 14:28",5.45,16931,"United Kingdom"
"547871","20713","JUMBO BAG OWLS",3,"3/27/11 14:28",1.95,16931,"United Kingdom"
"547871","22381","TOY TIDY PINK POLKADOT",2,"3/27/11 14:28",2.1,16931,"United Kingdom"
"547871","20712","JUMBO BAG WOODLAND ANIMALS",3,"3/27/11 14:28",1.95,16931,"United Kingdom"
"547871","21930","JUMBO STORAGE BAG SKULLS",3,"3/27/11 14:28",1.95,16931,"United Kingdom"
"547871","22381","TOY TIDY PINK POLKADOT",1,"3/27/11 14:28",2.1,16931,"United Kingdom"
"547871","22219","LOVEBIRD HANGING DECORATION WHITE",6,"3/27/11 14:28",0.85,16931,"United Kingdom"
"547871","22077","6 RIBBONS RUSTIC CHARM",7,"3/27/11 14:28",1.65,16931,"United Kingdom"
"547871","22079","RIBBON REEL HEARTS DESIGN",1,"3/27/11 14:28",1.65,16931,"United Kingdom"
"547871","22081","RIBBON REEL FLORA + FAUNA",1,"3/27/11 14:28",1.65,16931,"United Kingdom"
"547871","22078","RIBBON REEL LACE DESIGN",1,"3/27/11 14:28",2.1,16931,"United Kingdom"
"547871","22265","EASTER DECORATION NATURAL CHICK",5,"3/27/11 14:28",0.65,16931,"United Kingdom"
"547871","22268","EASTER DECORATION SITTING BUNNY",3,"3/27/11 14:28",0.85,16931,"United Kingdom"
"547871","21993","FLORAL FOLK STATIONERY SET",3,"3/27/11 14:28",2.95,16931,"United Kingdom"
"547871","22435","SET OF 9 HEART SHAPED BALLOONS",3,"3/27/11 14:28",1.25,16931,"United Kingdom"
"547871","22570","FELTCRAFT CUSHION RABBIT",3,"3/27/11 14:28",3.75,16931,"United Kingdom"
"547871","21179","NO JUNK MAIL METAL SIGN",3,"3/27/11 14:28",1.25,16931,"United Kingdom"
"547871","22865","HAND WARMER OWL DESIGN",3,"3/27/11 14:28",2.1,16931,"United Kingdom"
"547871","22560","TRADITIONAL MODELLING CLAY",3,"3/27/11 14:28",1.25,16931,"United Kingdom"
"547871","22554","PLASTERS IN TIN WOODLAND ANIMALS",6,"3/27/11 14:28",1.65,16931,"United Kingdom"
"547871","22556","PLASTERS IN TIN CIRCUS PARADE",6,"3/27/11 14:28",1.65,16931,"United Kingdom"
"547871","22621","TRADITIONAL KNITTING NANCY",3,"3/27/11 14:28",1.45,16931,"United Kingdom"
"547871","22521","CHILDS GARDEN TROWEL PINK",2,"3/27/11 14:28",0.85,16931,"United Kingdom"
"547871","22520","CHILDS GARDEN TROWEL BLUE",6,"3/27/11 14:28",0.85,16931,"United Kingdom"
"547871","22771","CLEAR DRAWER KNOB ACRYLIC EDWARDIAN",1,"3/27/11 14:28",1.25,16931,"United Kingdom"
"547871","22521","CHILDS GARDEN TROWEL PINK",5,"3/27/11 14:28",0.85,16931,"United Kingdom"
"547871","22525","CHILDRENS GARDEN GLOVES PINK",2,"3/27/11 14:28",1.25,16931,"United Kingdom"
"547871","22524","CHILDRENS GARDEN GLOVES BLUE",2,"3/27/11 14:28",1.25,16931,"United Kingdom"
"547871","85038","6 CHOCOLATE LOVE HEART T-LIGHTS",6,"3/27/11 14:28",2.1,16931,"United Kingdom"
"547871","85169C","EAU DE NIL LOVE BIRD CANDLE",1,"3/27/11 14:28",1.25,16931,"United Kingdom"
"547871","85169D","PINK LOVE BIRD CANDLE",1,"3/27/11 14:28",1.25,16931,"United Kingdom"
"547871","85123A","WHITE HANGING HEART T-LIGHT HOLDER",3,"3/27/11 14:28",2.95,16931,"United Kingdom"
"547871","17012C","ORIGAMI LAVENDER INCENSE/CANDL SET",5,"3/27/11 14:28",2.55,16931,"United Kingdom"
"547871","17012F","ORIGAMI SANDLEWOOD INCENSE/CAND SET",2,"3/27/11 14:28",2.55,16931,"United Kingdom"
"547871","85040B","SET/4 BLUE FLOWER CANDLES IN BOWL",4,"3/27/11 14:28",1.65,16931,"United Kingdom"
"547871","85040A","S/4 PINK FLOWER CANDLES IN BOWL",2,"3/27/11 14:28",1.65,16931,"United Kingdom"
"547871","22139","RETROSPOT TEA SET CERAMIC 11 PC",3,"3/27/11 14:28",4.95,16931,"United Kingdom"
"547871","22176","BLUE OWL SOFT TOY",2,"3/27/11 14:28",2.95,16931,"United Kingdom"
"547871","22175","PINK OWL SOFT TOY",3,"3/27/11 14:28",2.95,16931,"United Kingdom"
"547871","22432","WATERING CAN PINK BUNNY",3,"3/27/11 14:28",1.95,16931,"United Kingdom"
"547871","22431","WATERING CAN BLUE ELEPHANT",3,"3/27/11 14:28",1.95,16931,"United Kingdom"
"547871","22433","WATERING CAN GREEN DINOSAUR",3,"3/27/11 14:28",1.95,16931,"United Kingdom"
"547871","21135","VICTORIAN  METAL POSTCARD SPRING",6,"3/27/11 14:28",1.69,16931,"United Kingdom"
"547871","84519B","CARROT CHARLIE+LOLA COASTER SET",3,"3/27/11 14:28",1.25,16931,"United Kingdom"
"547871","37482P","CUBIC MUG PINK POLKADOT",6,"3/27/11 14:28",0.39,16931,"United Kingdom"
"547871","21874","GIN AND TONIC MUG",3,"3/27/11 14:28",1.25,16931,"United Kingdom"
"547871","85028S","FRENCH CHATEAU SMALL FRUITBOWL",2,"3/27/11 14:28",1.95,16931,"United Kingdom"
"547871","85028L","FRENCH CHATEAU LARGE FRUIT BOWL",2,"3/27/11 14:28",1.95,16931,"United Kingdom"
"547871","20711","JUMBO BAG TOYS",3,"3/27/11 14:28",1.95,16931,"United Kingdom"
"547872","23154","SET OF 4 JAM JAR MAGNETS",2,"3/27/11 14:34",2.08,16777,"United Kingdom"
"547872","22749","FELTCRAFT PRINCESS CHARLOTTE DOLL",1,"3/27/11 14:34",3.75,16777,"United Kingdom"
"547872","22940","FELTCRAFT CHRISTMAS FAIRY",1,"3/27/11 14:34",4.25,16777,"United Kingdom"
"547872","22326","ROUND SNACK BOXES SET OF4 WOODLAND",1,"3/27/11 14:34",2.95,16777,"United Kingdom"
"547872","85123A","WHITE HANGING HEART T-LIGHT HOLDER",6,"3/27/11 14:34",2.95,16777,"United Kingdom"
"547872","22960","JAM MAKING SET WITH JARS",1,"3/27/11 14:34",4.25,16777,"United Kingdom"
"547872","22895","SET OF 2 TEA TOWELS APPLE AND PEARS",2,"3/27/11 14:34",2.95,16777,"United Kingdom"
"547872","22659","LUNCH BOX I LOVE LONDON",1,"3/27/11 14:34",1.95,16777,"United Kingdom"
"547872","22633","HAND WARMER UNION JACK",1,"3/27/11 14:34",2.1,16777,"United Kingdom"
"547872","23159","SET OF 5 PANCAKE DAY MAGNETS",1,"3/27/11 14:34",2.08,16777,"United Kingdom"
"547872","23154","SET OF 4 JAM JAR MAGNETS",1,"3/27/11 14:34",2.08,16777,"United Kingdom"
"547872","22535","MAGIC DRAWING SLATE BUNNIES",1,"3/27/11 14:34",0.42,16777,"United Kingdom"
"547872","22501","PICNIC BASKET WICKER LARGE",1,"3/27/11 14:34",9.95,16777,"United Kingdom"
"547872","22165","DIAMANTE HEART SHAPED WALL MIRROR,",1,"3/27/11 14:34",12.75,16777,"United Kingdom"
"547872","48173C","DOORMAT BLACK FLOCK",1,"3/27/11 14:34",7.95,16777,"United Kingdom"
"547872","48129","DOORMAT TOPIARY",1,"3/27/11 14:34",7.95,16777,"United Kingdom"
"547872","48194","DOORMAT HEARTS",1,"3/27/11 14:34",7.95,16777,"United Kingdom"
"547872","22314","OFFICE MUG WARMER CHOC+BLUE",1,"3/27/11 14:34",2.95,16777,"United Kingdom"
"547872","48184","DOORMAT ENGLISH ROSE",1,"3/27/11 14:34",7.95,16777,"United Kingdom"
"547872","48187","DOORMAT NEW ENGLAND",1,"3/27/11 14:34",7.95,16777,"United Kingdom"
"547872","15058B","PINK POLKADOT GARDEN PARASOL",2,"3/27/11 14:34",7.95,16777,"United Kingdom"
"547872","22328","ROUND SNACK BOXES SET OF 4 FRUITS",1,"3/27/11 14:34",2.95,16777,"United Kingdom"
"547872","23154","SET OF 4 JAM JAR MAGNETS",1,"3/27/11 14:34",2.08,16777,"United Kingdom"
"547872","22639","SET OF 4 NAPKIN CHARMS HEARTS",1,"3/27/11 14:34",2.55,16777,"United Kingdom"
"547872","22642","SET OF 4 NAPKIN CHARMS STARS",1,"3/27/11 14:34",2.55,16777,"United Kingdom"
"547872","22640","SET OF 4 NAPKIN CHARMS 3 KEYS",1,"3/27/11 14:34",2.55,16777,"United Kingdom"
"547872","22662","LUNCH BAG DOLLY GIRL DESIGN",1,"3/27/11 14:34",1.65,16777,"United Kingdom"
"547872","20728","LUNCH BAG CARS BLUE",1,"3/27/11 14:34",1.65,16777,"United Kingdom"
"547872","22662","LUNCH BAG DOLLY GIRL DESIGN",1,"3/27/11 14:34",1.65,16777,"United Kingdom"
"547872","22384","LUNCH BAG PINK POLKADOT",2,"3/27/11 14:34",1.65,16777,"United Kingdom"
"547872","22530","MAGIC DRAWING SLATE DOLLY GIRL",1,"3/27/11 14:34",0.42,16777,"United Kingdom"
"547872","20979","36 PENCILS TUBE RED RETROSPOT",1,"3/27/11 14:34",1.25,16777,"United Kingdom"
"547872","21932","SCANDINAVIAN PAISLEY PICNIC BAG",1,"3/27/11 14:34",2.95,16777,"United Kingdom"
"547872","21933","PINK VINTAGE PAISLEY PICNIC BAG",1,"3/27/11 14:34",2.95,16777,"United Kingdom"
"547872","22631","CIRCUS PARADE LUNCH BOX",1,"3/27/11 14:34",1.95,16777,"United Kingdom"
"547872","21559","STRAWBERRY LUNCH BOX WITH CUTLERY",2,"3/27/11 14:34",2.55,16777,"United Kingdom"
"547872","84375","SET OF 20 KIDS COOKIE CUTTERS",1,"3/27/11 14:34",2.1,16777,"United Kingdom"
"547872","22352","LUNCH BOX WITH CUTLERY RETROSPOT",1,"3/27/11 14:34",2.55,16777,"United Kingdom"
"547872","23159","SET OF 5 PANCAKE DAY MAGNETS",2,"3/27/11 14:34",2.08,16777,"United Kingdom"
"547873","21376","LARGE  TALL CAMPHOR WOOD TOADSTOOL",4,"3/27/11 15:33",5.45,13240,"United Kingdom"
"547873","85141","JARDIN ETCHED GLASS FRUITBOWL",1,"3/27/11 15:33",10.75,13240,"United Kingdom"
"547873","21714","CITRONELLA CANDLE GARDEN POT",6,"3/27/11 15:33",1.25,13240,"United Kingdom"
"547873","21730","GLASS STAR FROSTED T-LIGHT HOLDER",3,"3/27/11 15:33",4.95,13240,"United Kingdom"
"547873","22482","BLUE TEA TOWEL CLASSIC DESIGN",3,"3/27/11 15:33",1.25,13240,"United Kingdom"
"547873","22481","BLACK TEA TOWEL CLASSIC DESIGN",3,"3/27/11 15:33",1.25,13240,"United Kingdom"
"547873","22480","RED TEA TOWEL CLASSIC DESIGN",3,"3/27/11 15:33",1.25,13240,"United Kingdom"
"547873","22905","CALENDAR IN SEASON DESIGN",3,"3/27/11 15:33",2.95,13240,"United Kingdom"
"547873","22302","COFFEE MUG PEARS  DESIGN",6,"3/27/11 15:33",2.55,13240,"United Kingdom"
"547873","21613","S/12 VANILLA  BOTANICAL T-LIGHTS",3,"3/27/11 15:33",2.95,13240,"United Kingdom"
"547873","M","Manual",1,"3/27/11 15:33",14.95,13240,"United Kingdom"
"547873","22188","BLACK HEART CARD HOLDER",3,"3/27/11 15:33",3.95,13240,"United Kingdom"
"547873","22185","SLATE TILE NATURAL HANGING",3,"3/27/11 15:33",1.65,13240,"United Kingdom"
"547873","22488","NATURAL SLATE RECTANGLE CHALKBOARD",3,"3/27/11 15:33",1.65,13240,"United Kingdom"
"547873","22457","NATURAL SLATE HEART CHALKBOARD",3,"3/27/11 15:33",2.95,13240,"United Kingdom"
"547873","22427","ENAMEL FLOWER JUG CREAM",3,"3/27/11 15:33",5.95,13240,"United Kingdom"
"547873","84279P","CHERRY BLOSSOM  DECORATIVE FLASK",1,"3/27/11 15:33",3.75,13240,"United Kingdom"
"547873","84279B","CHERRY BLOSSOM DECORATIVE FLASK",1,"3/27/11 15:33",3.75,13240,"United Kingdom"
"547873","85053","FRENCH ENAMEL CANDLEHOLDER",2,"3/27/11 15:33",2.1,13240,"United Kingdom"
"547873","22893","MINI CAKE STAND T-LIGHT HOLDER",12,"3/27/11 15:33",0.42,13240,"United Kingdom"
"547873","22863","SOAP DISH BROCANTE",4,"3/27/11 15:33",2.95,13240,"United Kingdom"
"547873","85144","JARDIN ETCHED GLASS CHEESE DISH",2,"3/27/11 15:33",7.25,13240,"United Kingdom"
"547873","85145","JARDIN ETCHED GLASS LARGE BELL JAR",1,"3/27/11 15:33",12.75,13240,"United Kingdom"
"547874","22090","PAPER BUNTING RETROSPOT",2,"3/27/11 15:39",2.95,14476,"United Kingdom"
"547874","22499","WOODEN UNION JACK BUNTING",3,"3/27/11 15:39",5.95,14476,"United Kingdom"
"547874","35922","EASTER BUNNY WREATH",2,"3/27/11 15:39",4.95,14476,"United Kingdom"
"547874","85123A","WHITE HANGING HEART T-LIGHT HOLDER",5,"3/27/11 15:39",2.95,14476,"United Kingdom"
"547874","21390","FILIGRIS HEART WITH BUTTERFLY",24,"3/27/11 15:39",1.25,14476,"United Kingdom"
"547874","22241","GARLAND WOODEN HAPPY EASTER",12,"3/27/11 15:39",1.25,14476,"United Kingdom"
"547874","22477","WATERING CAN GARDEN MARKER",10,"3/27/11 15:39",1.25,14476,"United Kingdom"
"547874","22477","WATERING CAN GARDEN MARKER",10,"3/27/11 15:39",1.25,14476,"United Kingdom"
"547874","85212","MINI PAINTED GARDEN DECORATION",12,"3/27/11 15:39",0.85,14476,"United Kingdom"
"547874","21110","LARGE CAKE TOWEL PINK SPOTS",1,"3/27/11 15:39",6.75,14476,"United Kingdom"
"547874","21109","LARGE CAKE TOWEL CHOCOLATE SPOTS",2,"3/27/11 15:39",6.75,14476,"United Kingdom"
"547874","22220","CAKE STAND LOVEBIRD 2 TIER WHITE",1,"3/27/11 15:39",9.95,14476,"United Kingdom"
"547874","22084","PAPER CHAIN KIT EMPIRE",2,"3/27/11 15:39",2.95,14476,"United Kingdom"
"547874","21363","HOME SMALL WOOD LETTERS",1,"3/27/11 15:39",4.95,14476,"United Kingdom"
"547874","22284","HEN HOUSE DECORATION",2,"3/27/11 15:39",1.65,14476,"United Kingdom"
"547874","22249","DECORATION WHITE CHICK MAGIC GARDEN",5,"3/27/11 15:39",0.85,14476,"United Kingdom"
"547874","85212","MINI PAINTED GARDEN DECORATION",12,"3/27/11 15:39",0.85,14476,"United Kingdom"
"547874","22189","CREAM HEART CARD HOLDER",2,"3/27/11 15:39",3.95,14476,"United Kingdom"
"547874","85061W","WHITE JEWELLED HEART DECORATION",24,"3/27/11 15:39",0.85,14476,"United Kingdom"
"547875","46000S","POLYESTER FILLER PAD 40x40cm",2,"3/27/11 15:40",1.45,13408,"United Kingdom"
"547875","22294","HEART FILIGREE DOVE  SMALL",48,"3/27/11 15:40",1.25,13408,"United Kingdom"
"547875","47590A","BLUE HAPPY BIRTHDAY BUNTING",6,"3/27/11 15:40",5.45,13408,"United Kingdom"
"547875","22855","FINE WICKER HEART",48,"3/27/11 15:40",1.06,13408,"United Kingdom"
"547875","22558","CLOTHES PEGS RETROSPOT PACK 24",48,"3/27/11 15:40",1.25,13408,"United Kingdom"
"547875","22456","NATURAL SLATE CHALKBOARD LARGE",12,"3/27/11 15:40",4.95,13408,"United Kingdom"
"547875","22115","METAL SIGN EMPIRE TEA",12,"3/27/11 15:40",2.95,13408,"United Kingdom"
"547875","47590B","PINK HAPPY BIRTHDAY BUNTING",6,"3/27/11 15:40",5.45,13408,"United Kingdom"
"547875","22265","EASTER DECORATION NATURAL CHICK",48,"3/27/11 15:40",0.65,13408,"United Kingdom"
"547875","22291","HANGING CHICK CREAM DECORATION",48,"3/27/11 15:40",1.45,13408,"United Kingdom"
"547875","22907","PACK OF 20 NAPKINS PANTRY DESIGN",48,"3/27/11 15:40",0.85,13408,"United Kingdom"
"547875","22960","JAM MAKING SET WITH JARS",12,"3/27/11 15:40",3.75,13408,"United Kingdom"
"547875","22191","IVORY DINER WALL CLOCK",12,"3/27/11 15:40",7.65,13408,"United Kingdom"
"547876","22215","CAKE STAND WHITE TWO TIER LACE",2,"3/27/11 15:41",8.5,16638,"United Kingdom"
"547876","22423","REGENCY CAKESTAND 3 TIER",2,"3/27/11 15:41",12.75,16638,"United Kingdom"
"547876","22236","CAKE STAND 3 TIER MAGIC GARDEN",1,"3/27/11 15:41",12.75,16638,"United Kingdom"
"547876","72760B","VINTAGE CREAM 3 BASKET CAKE STAND",2,"3/27/11 15:41",9.95,16638,"United Kingdom"
"547876","22891","TEA FOR ONE POLKADOT",3,"3/27/11 15:41",4.25,16638,"United Kingdom"
"547876","37500","TEA TIME TEAPOT IN GIFT BOX",12,"3/27/11 15:41",4.95,16638,"United Kingdom"
"547876","37501","TEA TIME TEA SET IN GIFT BOX",6,"3/27/11 15:41",6.95,16638,"United Kingdom"
"547876","22071","SMALL WHITE RETROSPOT MUG IN BOX",6,"3/27/11 15:41",3.75,16638,"United Kingdom"
"547876","84796A","PINK HAWAIIAN PICNIC HAMPER FOR 2",1,"3/27/11 15:41",12.75,16638,"United Kingdom"
"547876","84796B","BLUE SAVANNAH PICNIC HAMPER FOR 2",1,"3/27/11 15:41",12.75,16638,"United Kingdom"
"547876","22168","ORGANISER WOOD ANTIQUE WHITE",2,"3/27/11 15:41",8.5,16638,"United Kingdom"
"547877","37479B","CUBIC MUG FLOCK BLUE ON BROWN",1,"3/27/11 15:46",0.39,14573,"United Kingdom"
"547877","37479P","CUBIC MUG FLOCK PINK ON BROWN",1,"3/27/11 15:46",0.39,14573,"United Kingdom"
"547877","82580","BATHROOM METAL SIGN",4,"3/27/11 15:46",0.55,14573,"United Kingdom"
"547877","82581","TOILET METAL SIGN",4,"3/27/11 15:46",0.55,14573,"United Kingdom"
"547877","82578","KITCHEN METAL SIGN",4,"3/27/11 15:46",0.55,14573,"United Kingdom"
"547877","21669","BLUE STRIPE CERAMIC DRAWER KNOB",2,"3/27/11 15:46",1.25,14573,"United Kingdom"
"547877","21668","RED STRIPE CERAMIC DRAWER KNOB",2,"3/27/11 15:46",1.25,14573,"United Kingdom"
"547877","21670","BLUE SPOT CERAMIC DRAWER KNOB",2,"3/27/11 15:46",1.25,14573,"United Kingdom"
"547877","21671","RED SPOT CERAMIC DRAWER KNOB",2,"3/27/11 15:46",1.25,14573,"United Kingdom"
"547877","21672","WHITE SPOT RED CERAMIC DRAWER KNOB",2,"3/27/11 15:46",1.25,14573,"United Kingdom"
"547877","21673","WHITE SPOT BLUE CERAMIC DRAWER KNOB",2,"3/27/11 15:46",1.25,14573,"United Kingdom"
"547877","22173","METAL 4 HOOK HANGER FRENCH CHATEAU",3,"3/27/11 15:46",2.95,14573,"United Kingdom"
"547877","22794","SWEETHEART WIRE MAGAZINE RACK",1,"3/27/11 15:46",7.95,14573,"United Kingdom"
"547877","22423","REGENCY CAKESTAND 3 TIER",1,"3/27/11 15:46",12.75,14573,"United Kingdom"
"547877","22666","RECIPE BOX PANTRY YELLOW DESIGN",1,"3/27/11 15:46",2.95,14573,"United Kingdom"
"547877","22665","RECIPE BOX BLUE SKETCHBOOK DESIGN",1,"3/27/11 15:46",2.95,14573,"United Kingdom"
"547877","22424","ENAMEL BREAD BIN CREAM",3,"3/27/11 15:46",12.75,14573,"United Kingdom"
"547877","22763","KEY CABINET MA CAMPAGNE",1,"3/27/11 15:46",9.95,14573,"United Kingdom"
"547877","22762","CUPBOARD 3 DRAWER MA CAMPAGNE",1,"3/27/11 15:46",14.95,14573,"United Kingdom"
"547877","21781","MA CAMPAGNE CUTLERY BOX",3,"3/27/11 15:46",14.95,14573,"United Kingdom"
"547878","84970S","HANGING HEART ZINC T-LIGHT HOLDER",90,"3/27/11 16:01",0.85,15939,"United Kingdom"
"547878","84970L","SINGLE HEART ZINC T-LIGHT HOLDER",40,"3/27/11 16:01",0.95,15939,"United Kingdom"
"547878","22151","PLACE SETTING WHITE HEART",40,"3/27/11 16:01",0.42,15939,"United Kingdom"
"547879","15044C","PURPLE PAPER PARASOL",12,"3/27/11 16:03",2.95,12877,"United Kingdom"
"547879","15044A","PINK PAPER PARASOL",6,"3/27/11 16:03",2.95,12877,"United Kingdom"
"547879","15044D","RED PAPER PARASOL",6,"3/27/11 16:03",2.95,12877,"United Kingdom"
"547879","15036","ASSORTED COLOURS SILK FAN",12,"3/27/11 16:03",0.75,12877,"United Kingdom"
"547879","15034","PAPER POCKET TRAVELING FAN",24,"3/27/11 16:03",0.14,12877,"United Kingdom"
"547880","21314","SMALL GLASS HEART TRINKET POT",2,"3/27/11 16:05",2.1,15426,"United Kingdom"
"547880","21137","BLACK RECORD COVER FRAME",12,"3/27/11 16:05",3.75,15426,"United Kingdom"
"547880","82482","WOODEN PICTURE FRAME WHITE FINISH",6,"3/27/11 16:05",2.55,15426,"United Kingdom"
"547880","22798","ANTIQUE GLASS DRESSING TABLE POT",2,"3/27/11 16:05",2.95,15426,"United Kingdom"
"547880","21422","PORCELAIN ROSE SMALL",6,"3/27/11 16:05",0.85,15426,"United Kingdom"
"547880","21421","PORCELAIN ROSE LARGE",6,"3/27/11 16:05",1.25,15426,"United Kingdom"
"547880","22427","ENAMEL FLOWER JUG CREAM",2,"3/27/11 16:05",5.95,15426,"United Kingdom"
"547880","21535","RED RETROSPOT SMALL MILK JUG",1,"3/27/11 16:05",2.55,15426,"United Kingdom"
"547880","21754","HOME BUILDING BLOCK WORD",2,"3/27/11 16:05",5.95,15426,"United Kingdom"
"547880","21756","BATH BUILDING BLOCK WORD",2,"3/27/11 16:05",5.95,15426,"United Kingdom"
"547880","22801","ANTIQUE GLASS PEDESTAL BOWL",2,"3/27/11 16:05",3.75,15426,"United Kingdom"
"547880","21745","GAOLERS KEYS DECORATIVE GARDEN",2,"3/27/11 16:05",3.75,15426,"United Kingdom"
"547880","21155","RED RETROSPOT PEG BAG",4,"3/27/11 16:05",2.55,15426,"United Kingdom"
"547880","21354","TOAST ITS - BEST MUM",1,"3/27/11 16:05",1.25,15426,"United Kingdom"
"547880","22417","PACK OF 60 SPACEBOY CAKE CASES",1,"3/27/11 16:05",0.55,15426,"United Kingdom"
"547880","21975","PACK OF 60 DINOSAUR CAKE CASES",2,"3/27/11 16:05",0.55,15426,"United Kingdom"
"547880","21866","UNION JACK FLAG LUGGAGE TAG",1,"3/27/11 16:05",1.25,15426,"United Kingdom"
"547880","21212","PACK OF 72 RETROSPOT CAKE CASES",1,"3/27/11 16:05",0.55,15426,"United Kingdom"
"547880","22933","BAKING MOULD EASTER EGG MILK CHOC",2,"3/27/11 16:05",2.95,15426,"United Kingdom"
"547880","22964","3 PIECE SPACEBOY COOKIE CUTTER SET",1,"3/27/11 16:05",2.1,15426,"United Kingdom"
"547880","84832","ZINC WILLIE WINKIE  CANDLE STICK",4,"3/27/11 16:05",0.85,15426,"United Kingdom"
"547880","22569","FELTCRAFT CUSHION BUTTERFLY",1,"3/27/11 16:05",3.75,15426,"United Kingdom"
"547880","21043","APRON MODERN VINTAGE COTTON",3,"3/27/11 16:05",1.95,15426,"United Kingdom"
"547880","22197","SMALL POPCORN HOLDER",21,"3/27/11 16:05",0.85,15426,"United Kingdom"
"547880","21933","PINK VINTAGE PAISLEY PICNIC BAG",2,"3/27/11 16:05",2.95,15426,"United Kingdom"
"547880","22558","CLOTHES PEGS RETROSPOT PACK 24",4,"3/27/11 16:05",1.49,15426,"United Kingdom"
"547880","21932","SCANDINAVIAN PAISLEY PICNIC BAG",2,"3/27/11 16:05",2.95,15426,"United Kingdom"
"547880","23177","TREASURE ISLAND BOOK BOX",2,"3/27/11 16:05",2.25,15426,"United Kingdom"
"547880","23176","ABC TREASURE BOOK BOX",2,"3/27/11 16:05",2.25,15426,"United Kingdom"
"547880","22318","FIVE HEART HANGING DECORATION",1,"3/27/11 16:05",2.95,15426,"United Kingdom"
"547880","22483","RED GINGHAM TEDDY BEAR",2,"3/27/11 16:05",2.95,15426,"United Kingdom"
"547880","22169","FAMILY ALBUM WHITE PICTURE FRAME",1,"3/27/11 16:05",8.5,15426,"United Kingdom"
"547880","22763","KEY CABINET MA CAMPAGNE",1,"3/27/11 16:05",9.95,15426,"United Kingdom"
"547880","84789","ENCHANTED BIRD PLANT CAGE",2,"3/27/11 16:05",3.75,15426,"United Kingdom"
"547881","22692","DOORMAT WELCOME TO OUR HOME",1,"3/27/11 16:08",7.95,13110,"United Kingdom"
"547881","48138","DOORMAT UNION FLAG",2,"3/27/11 16:08",7.95,13110,"United Kingdom"
"547881","82494L","WOODEN FRAME ANTIQUE WHITE",2,"3/27/11 16:08",2.95,13110,"United Kingdom"
"547881","82482","WOODEN PICTURE FRAME WHITE FINISH",2,"3/27/11 16:08",2.55,13110,"United Kingdom"
"547881","22621","TRADITIONAL KNITTING NANCY",3,"3/27/11 16:08",1.45,13110,"United Kingdom"
"547881","22084","PAPER CHAIN KIT EMPIRE",12,"3/27/11 16:08",2.95,13110,"United Kingdom"
"547881","23006","TRAVEL CARD WALLET FLOWER MEADOW",1,"3/27/11 16:08",0.42,13110,"United Kingdom"
"547881","22621","TRADITIONAL KNITTING NANCY",1,"3/27/11 16:08",1.45,13110,"United Kingdom"
"547881","22498","WOODEN REGATTA BUNTING",1,"3/27/11 16:08",5.95,13110,"United Kingdom"
"547881","22286","DECORATION , WOBBLY RABBIT , METAL",2,"3/27/11 16:08",1.65,13110,"United Kingdom"
"547881","22287","DECORATION , WOBBLY CHICKEN, METAL",2,"3/27/11 16:08",1.65,13110,"United Kingdom"
"547881","22499","WOODEN UNION JACK BUNTING",3,"3/27/11 16:08",5.95,13110,"United Kingdom"
"547881","22423","REGENCY CAKESTAND 3 TIER",2,"3/27/11 16:08",12.75,13110,"United Kingdom"
"547881","22380","TOY TIDY SPACEBOY",1,"3/27/11 16:08",2.1,13110,"United Kingdom"
"547881","22189","CREAM HEART CARD HOLDER",2,"3/27/11 16:08",3.95,13110,"United Kingdom"
"547881","85123A","WHITE HANGING HEART T-LIGHT HOLDER",6,"3/27/11 16:08",2.95,13110,"United Kingdom"
"547881","23052","RECYCLED ACAPULCO MAT TURQUOISE",1,"3/27/11 16:08",8.25,13110,"United Kingdom"
"547881","22907","PACK OF 20 NAPKINS PANTRY DESIGN",1,"3/27/11 16:08",0.85,13110,"United Kingdom"
"547881","21993","FLORAL FOLK STATIONERY SET",1,"3/27/11 16:08",2.95,13110,"United Kingdom"
"547881","84991","60 TEATIME FAIRY CAKE CASES",1,"3/27/11 16:08",0.55,13110,"United Kingdom"
"547881","22231","JIGSAW TREE WITH BIRDHOUSE",1,"3/27/11 16:08",1.45,13110,"United Kingdom"
"547881","22228","BUNNY WOODEN PAINTED WITH BIRD",2,"3/27/11 16:08",0.85,13110,"United Kingdom"
"547881","22208","WOOD STAMP SET THANK YOU",2,"3/27/11 16:08",1.65,13110,"United Kingdom"
"547881","85049G","CHOCOLATE BOX RIBBONS",1,"3/27/11 16:08",1.25,13110,"United Kingdom"
"547881","21975","PACK OF 60 DINOSAUR CAKE CASES",1,"3/27/11 16:08",0.55,13110,"United Kingdom"
"547881","22417","PACK OF 60 SPACEBOY CAKE CASES",1,"3/27/11 16:08",0.55,13110,"United Kingdom"
"547881","10124A","SPOTS ON RED BOOKCOVER TAPE",1,"3/27/11 16:08",0.42,13110,"United Kingdom"
"547881","84218","BOX/12 CHICK & EGG IN BASKET",1,"3/27/11 16:08",1.95,13110,"United Kingdom"
"547881","22230","JIGSAW TREE WITH WATERING CAN",2,"3/27/11 16:08",0.85,13110,"United Kingdom"
"547881","22261","FELT EGG COSY WHITE RABBIT",2,"3/27/11 16:08",0.85,13110,"United Kingdom"
"547881","22262","FELT EGG COSY CHICKEN",2,"3/27/11 16:08",0.85,13110,"United Kingdom"
"547881","35913B","WHITE/PINK CHICK EASTER DECORATION",4,"3/27/11 16:08",0.85,13110,"United Kingdom"
"547882","21043","APRON MODERN VINTAGE COTTON",12,"3/28/11 7:53",1.95,14911,"EIRE"
"547882","21399","BLUE POLKADOT COFFEE MUG",48,"3/28/11 7:53",0.39,14911,"EIRE"
"547882","21397","BLUE POLKADOT EGG CUP",48,"3/28/11 7:53",0.39,14911,"EIRE"
"547882","21401","BLUE PUDDING SPOON",24,"3/28/11 7:53",0.12,14911,"EIRE"
"547882","21402","RED  EGG  SPOON",48,"3/28/11 7:53",0.12,14911,"EIRE"
"547882","21403","BLUE EGG  SPOON",24,"3/28/11 7:53",0.12,14911,"EIRE"
"547882","35810B","ENAMEL BLUE RIM COFFEE CONTAINER",12,"3/28/11 7:53",0.83,14911,"EIRE"
"547882","35911A","MULTICOLOUR RABBIT EGG WARMER",12,"3/28/11 7:53",0.85,14911,"EIRE"
"547882","35914","PINK CHICK EGG WARMER + EGG CUP",12,"3/28/11 7:53",0.85,14911,"EIRE"
"547882","85078","SCANDINAVIAN 3 HEARTS NAPKIN RING",24,"3/28/11 7:53",0.19,14911,"EIRE"
"547882","85093","CANDY SPOT EGG WARMER HARE",48,"3/28/11 7:53",0.39,14911,"EIRE"
"547882","85094","CANDY SPOT EGG WARMER RABBIT",48,"3/28/11 7:53",0.19,14911,"EIRE"
"547882","82484","WOOD BLACK BOARD ANT WHITE FINISH",2,"3/28/11 7:53",7.9,14911,"EIRE"
"547882","85163A","WHITE BAROQUE WALL CLOCK",1,"3/28/11 7:53",12.75,14911,"EIRE"
"547882","82581","TOILET METAL SIGN",12,"3/28/11 7:53",0.55,14911,"EIRE"
"547882","22151","PLACE SETTING WHITE HEART",24,"3/28/11 7:53",0.42,14911,"EIRE"
"547882","79000","MOROCCAN TEA GLASS",12,"3/28/11 7:53",0.85,14911,"EIRE"
"547882","48185","DOORMAT FAIRY CAKE",2,"3/28/11 7:53",7.95,14911,"EIRE"
"547882","16048","TEATIME ROUND PENCIL SHARPENER",96,"3/28/11 7:53",0.12,14911,"EIRE"
"547882","22423","REGENCY CAKESTAND 3 TIER",1,"3/28/11 7:53",12.75,14911,"EIRE"
"547882","48194","DOORMAT HEARTS",2,"3/28/11 7:53",7.95,14911,"EIRE"
"547882","20719","WOODLAND CHARLOTTE BAG",10,"3/28/11 7:53",0.85,14911,"EIRE"
"547882","22331","WOODLAND PARTY BAG + STICKER SET",8,"3/28/11 7:53",1.65,14911,"EIRE"
"547882","84832","ZINC WILLIE WINKIE  CANDLE STICK",12,"3/28/11 7:53",0.85,14911,"EIRE"
"547882","84625A","PINK NEW BAROQUECANDLESTICK CANDLE",24,"3/28/11 7:53",0.85,14911,"EIRE"
"547882","84625C","BLUE NEW BAROQUE CANDLESTICK CANDLE",24,"3/28/11 7:53",0.85,14911,"EIRE"
"547882","21313","GLASS HEART T-LIGHT HOLDER",12,"3/28/11 7:53",0.85,14911,"EIRE"
"547882","72122","COFFEE SCENT PILLAR CANDLE",12,"3/28/11 7:53",0.95,14911,"EIRE"
"547882","72128","COLUMBIAN CANDLE ROUND",12,"3/28/11 7:53",0.85,14911,"EIRE"
"547882","85172","HYACINTH BULB T-LIGHT CANDLES",16,"3/28/11 7:53",0.42,14911,"EIRE"
"547882","22969","HOMEMADE JAM SCENTED CANDLES",12,"3/28/11 7:53",1.45,14911,"EIRE"
"547882","22762","CUPBOARD 3 DRAWER MA CAMPAGNE",1,"3/28/11 7:53",14.95,14911,"EIRE"
"547882","21270","ANTIQUE CREAM CUTLERY CUPBOARD",1,"3/28/11 7:53",12.75,14911,"EIRE"
"547882","21735","TWO DOOR CURIO CABINET",2,"3/28/11 7:53",12.75,14911,"EIRE"
"547882","22168","ORGANISER WOOD ANTIQUE WHITE",2,"3/28/11 7:53",8.5,14911,"EIRE"
"547882","22536","MAGIC DRAWING SLATE PURDEY",24,"3/28/11 7:53",0.42,14911,"EIRE"
"547882","22545","MINI JIGSAW BUNNIES",24,"3/28/11 7:53",0.42,14911,"EIRE"
"547882","22492","MINI PAINT SET VINTAGE",36,"3/28/11 7:53",0.65,14911,"EIRE"
"547882","C2","CARRIAGE",1,"3/28/11 7:53",50,14911,"EIRE"
"547883","22771","CLEAR DRAWER KNOB ACRYLIC EDWARDIAN",12,"3/28/11 8:40",1.25,14755,"United Kingdom"
"547883","47566","PARTY BUNTING",8,"3/28/11 8:40",4.95,14755,"United Kingdom"
"547883","22423","REGENCY CAKESTAND 3 TIER",2,"3/28/11 8:40",12.75,14755,"United Kingdom"
"547883","22938","CUPCAKE LACE PAPER SET 6",12,"3/28/11 8:40",1.95,14755,"United Kingdom"
"547883","21974","SET OF 36 PAISLEY FLOWER DOILIES",12,"3/28/11 8:40",1.45,14755,"United Kingdom"
"547883","21977","PACK OF 60 PINK PAISLEY CAKE CASES",24,"3/28/11 8:40",0.55,14755,"United Kingdom"
"547883","22508","DOORSTOP RETROSPOT HEART",4,"3/28/11 8:40",3.75,14755,"United Kingdom"
"547883","22467","GUMBALL COAT RACK",6,"3/28/11 8:40",2.55,14755,"United Kingdom"
"547883","22728","ALARM CLOCK BAKELIKE PINK",4,"3/28/11 8:40",3.75,14755,"United Kingdom"
"547883","22730","ALARM CLOCK BAKELIKE IVORY",4,"3/28/11 8:40",3.75,14755,"United Kingdom"
"547883","22922","FRIDGE MAGNETS US DINER ASSORTED",12,"3/28/11 8:40",0.85,14755,"United Kingdom"
"547883","84755","COLOUR GLASS T-LIGHT HOLDER HANGING",16,"3/28/11 8:40",0.65,14755,"United Kingdom"
"547883","84879","ASSORTED COLOUR BIRD ORNAMENT",8,"3/28/11 8:40",1.69,14755,"United Kingdom"
"547883","22189","CREAM HEART CARD HOLDER",4,"3/28/11 8:40",3.95,14755,"United Kingdom"
"547883","23182","TOILET SIGN OCCUPIED OR VACANT",24,"3/28/11 8:40",0.83,14755,"United Kingdom"
"547883","21136","PAINTED METAL PEARS ASSORTED",8,"3/28/11 8:40",1.69,14755,"United Kingdom"
"547883","21390","FILIGRIS HEART WITH BUTTERFLY",24,"3/28/11 8:40",1.25,14755,"United Kingdom"
"547884","21232","STRAWBERRY CERAMIC TRINKET BOX",12,"3/28/11 9:07",1.25,13481,"United Kingdom"
"547884","37449","CERAMIC CAKE STAND + HANGING CAKES",2,"3/28/11 9:07",9.95,13481,"United Kingdom"
"547884","37446","MINI CAKE STAND WITH HANGING CAKES",8,"3/28/11 9:07",1.45,13481,"United Kingdom"
"547884","37448","CERAMIC CAKE DESIGN SPOTTED MUG",12,"3/28/11 9:07",1.49,13481,"United Kingdom"
"547884","48185","DOORMAT FAIRY CAKE",2,"3/28/11 9:07",7.95,13481,"United Kingdom"
"547884","22960","JAM MAKING SET WITH JARS",6,"3/28/11 9:07",4.25,13481,"United Kingdom"
"547884","22720","SET OF 3 CAKE TINS PANTRY DESIGN",3,"3/28/11 9:07",4.95,13481,"United Kingdom"
"547884","84378","SET OF 3 HEART COOKIE CUTTERS",12,"3/28/11 9:07",1.25,13481,"United Kingdom"
"547884","22630","DOLLY GIRL LUNCH BOX",12,"3/28/11 9:07",1.95,13481,"United Kingdom"
"547884","22971","QUEENS GUARD COFFEE MUG",6,"3/28/11 9:07",2.55,13481,"United Kingdom"
"547884","84050","PINK HEART SHAPE EGG FRYING PAN",6,"3/28/11 9:07",1.65,13481,"United Kingdom"
"547884","84991","60 TEATIME FAIRY CAKE CASES",24,"3/28/11 9:07",0.55,13481,"United Kingdom"
"547884","22666","RECIPE BOX PANTRY YELLOW DESIGN",6,"3/28/11 9:07",2.95,13481,"United Kingdom"
"547884","22303","COFFEE MUG APPLES DESIGN",6,"3/28/11 9:07",2.55,13481,"United Kingdom"
"547884","22969","HOMEMADE JAM SCENTED CANDLES",12,"3/28/11 9:07",1.45,13481,"United Kingdom"
"547884","21524","DOORMAT SPOTTY HOME SWEET HOME",2,"3/28/11 9:07",7.95,13481,"United Kingdom"
"547884","48194","DOORMAT HEARTS",2,"3/28/11 9:07",7.95,13481,"United Kingdom"
"547884","22502","PICNIC BASKET WICKER SMALL",4,"3/28/11 9:07",5.95,13481,"United Kingdom"
"547884","22977","DOLLY GIRL CHILDRENS EGG CUP",12,"3/28/11 9:07",1.25,13481,"United Kingdom"
"547884","22974","CHILDRENS DOLLY GIRL MUG",12,"3/28/11 9:07",1.65,13481,"United Kingdom"
"547884","22668","PINK BABY BUNTING",5,"3/28/11 9:07",2.95,13481,"United Kingdom"
"547884","20713","JUMBO BAG OWLS",10,"3/28/11 9:07",1.95,13481,"United Kingdom"
"547884","21930","JUMBO STORAGE BAG SKULLS",10,"3/28/11 9:07",1.95,13481,"United Kingdom"
"547884","22663","JUMBO BAG DOLLY GIRL DESIGN",10,"3/28/11 9:07",1.95,13481,"United Kingdom"
"547884","22693","GROW A FLYTRAP OR SUNFLOWER IN TIN",24,"3/28/11 9:07",1.25,13481,"United Kingdom"
"547884","22367","CHILDRENS APRON SPACEBOY DESIGN",8,"3/28/11 9:07",1.95,13481,"United Kingdom"
"547884","47591D","PINK FAIRY CAKE CHILDRENS APRON",8,"3/28/11 9:07",1.95,13481,"United Kingdom"
"547884","22899","CHILDREN'S APRON DOLLY GIRL",6,"3/28/11 9:07",2.1,13481,"United Kingdom"
"547884","22745","POPPY'S PLAYHOUSE BEDROOM",6,"3/28/11 9:07",2.1,13481,"United Kingdom"
"547884","20982","12 PENCILS TALL TUBE SKULLS",12,"3/28/11 9:07",0.85,13481,"United Kingdom"
"547884","20981","12 PENCILS TALL TUBE WOODLAND",12,"3/28/11 9:07",0.85,13481,"United Kingdom"
"547884","22741","FUNKY DIVA PEN",48,"3/28/11 9:07",0.85,13481,"United Kingdom"
"547884","22814","CARD PARTY GAMES",12,"3/28/11 9:07",0.42,13481,"United Kingdom"
"547884","21507","ELEPHANT, BIRTHDAY CARD,",12,"3/28/11 9:07",0.42,13481,"United Kingdom"
"547884","22817","CARD SUKI BIRTHDAY",12,"3/28/11 9:07",0.42,13481,"United Kingdom"
"547884","22712","CARD DOLLY GIRL",12,"3/28/11 9:07",0.42,13481,"United Kingdom"
"547884","22027","TEA PARTY BIRTHDAY CARD",12,"3/28/11 9:07",0.42,13481,"United Kingdom"
"547884","22715","CARD WEDDING DAY",12,"3/28/11 9:07",0.42,13481,"United Kingdom"
"547884","22709","WRAP WEDDING DAY",25,"3/28/11 9:07",0.42,13481,"United Kingdom"
"547884","21982","PACK OF 12 SUKI TISSUES",24,"3/28/11 9:07",0.29,13481,"United Kingdom"
"547884","85099C","JUMBO  BAG BAROQUE BLACK WHITE",10,"3/28/11 9:07",1.95,13481,"United Kingdom"
"547884","22386","JUMBO BAG PINK POLKADOT",10,"3/28/11 9:07",1.95,13481,"United Kingdom"
"547884","85099B","JUMBO BAG RED RETROSPOT",10,"3/28/11 9:07",1.95,13481,"United Kingdom"
"547885","22483","RED GINGHAM TEDDY BEAR",12,"3/28/11 9:16",2.95,17314,"United Kingdom"
"547885","22840","ROUND CAKE TIN VINTAGE RED",6,"3/28/11 9:16",7.95,17314,"United Kingdom"
"547885","22841","ROUND CAKE TIN VINTAGE GREEN",6,"3/28/11 9:16",7.95,17314,"United Kingdom"
"547885","22801","ANTIQUE GLASS PEDESTAL BOWL",4,"3/28/11 9:16",3.75,17314,"United Kingdom"
"547885","22993","SET OF 4 PANTRY JELLY MOULDS",12,"3/28/11 9:16",1.25,17314,"United Kingdom"
"547885","21714","CITRONELLA CANDLE GARDEN POT",12,"3/28/11 9:16",1.25,17314,"United Kingdom"
"547885","22178","VICTORIAN GLASS HANGING T-LIGHT",36,"3/28/11 9:16",1.25,17314,"United Kingdom"
"547886","11001","ASSTD DESIGN RACING CAR PEN",16,"3/28/11 9:21",1.69,13652,"United Kingdom"
"547886","85227","SET OF 6 3D KIT CARDS FOR KIDS",12,"3/28/11 9:21",0.85,13652,"United Kingdom"
"547886","84077","WORLD WAR 2 GLIDERS ASSTD DESIGNS",48,"3/28/11 9:21",0.29,13652,"United Kingdom"
"547886","21380","WOODEN HAPPY BIRTHDAY GARLAND",6,"3/28/11 9:21",2.95,13652,"United Kingdom"
"547886","21833","CAMOUFLAGE LED TORCH",12,"3/28/11 9:21",1.69,13652,"United Kingdom"
"547886","21889","WOODEN BOX OF DOMINOES",12,"3/28/11 9:21",1.25,13652,"United Kingdom"
"547886","22621","TRADITIONAL KNITTING NANCY",12,"3/28/11 9:21",1.45,13652,"United Kingdom"
"547886","21108","FAIRY CAKE FLANNEL ASSORTED COLOUR",9,"3/28/11 9:21",2.55,13652,"United Kingdom"
"547886","21112","SWISS ROLL TOWEL PINK  SPOTS",6,"3/28/11 9:21",2.95,13652,"United Kingdom"
"547886","21111","SWISS ROLL TOWEL, CHOCOLATE  SPOTS",6,"3/28/11 9:21",2.95,13652,"United Kingdom"
"547886","21109","LARGE CAKE TOWEL CHOCOLATE SPOTS",2,"3/28/11 9:21",6.75,13652,"United Kingdom"
"547886","22304","COFFEE MUG BLUE PAISLEY DESIGN",6,"3/28/11 9:21",2.55,13652,"United Kingdom"
"547886","84050","PINK HEART SHAPE EGG FRYING PAN",6,"3/28/11 9:21",1.65,13652,"United Kingdom"
"547886","21407","BROWN CHECK CAT DOORSTOP",3,"3/28/11 9:21",4.25,13652,"United Kingdom"
"547886","85123A","WHITE HANGING HEART T-LIGHT HOLDER",6,"3/28/11 9:21",2.95,13652,"United Kingdom"
"547886","20685","DOORMAT RED RETROSPOT",2,"3/28/11 9:21",7.95,13652,"United Kingdom"
"547886","48188","DOORMAT WELCOME PUPPIES",2,"3/28/11 9:21",7.95,13652,"United Kingdom"
"547886","22854","CREAM SWEETHEART EGG HOLDER",4,"3/28/11 9:21",4.95,13652,"United Kingdom"
"547886","21110","LARGE CAKE TOWEL PINK SPOTS",2,"3/28/11 9:21",6.75,13652,"United Kingdom"
"547886","22305","COFFEE MUG PINK PAISLEY DESIGN",6,"3/28/11 9:21",2.55,13652,"United Kingdom"
"547887","21656","RIDGED GLASS POSY VASE",6,"3/28/11 9:30",1.45,16245,"United Kingdom"
"547887","21114","LAVENDER SCENTED FABRIC HEART",10,"3/28/11 9:30",1.25,16245,"United Kingdom"
"547887","22427","ENAMEL FLOWER JUG CREAM",3,"3/28/11 9:30",5.95,16245,"United Kingdom"
"547887","21534","DAIRY MAID LARGE MILK JUG",3,"3/28/11 9:30",4.95,16245,"United Kingdom"
"547887","21537","RED RETROSPOT PUDDING BOWL",4,"3/28/11 9:30",4.25,16245,"United Kingdom"
"547887","22364","GLASS JAR DIGESTIVE BISCUITS",6,"3/28/11 9:30",2.95,16245,"United Kingdom"
"547887","84978","HANGING HEART JAR T-LIGHT HOLDER",12,"3/28/11 9:30",1.25,16245,"United Kingdom"
"547887","21326","AGED GLASS SILVER T-LIGHT HOLDER",12,"3/28/11 9:30",0.65,16245,"United Kingdom"
"547887","21613","S/12 VANILLA  BOTANICAL T-LIGHTS",6,"3/28/11 9:30",2.95,16245,"United Kingdom"
"547887","84931B","BLUE SCOTTIE DOG W FLOWER PATTERN",6,"3/28/11 9:30",2.55,16245,"United Kingdom"
"547887","21455","PAINTED YELLOW WOODEN DAISY",12,"3/28/11 9:30",0.85,16245,"United Kingdom"
"547887","22228","BUNNY WOODEN PAINTED WITH BIRD",12,"3/28/11 9:30",0.85,16245,"United Kingdom"
"547887","35909A","RABBIT EASTER DECORATION",6,"3/28/11 9:30",2.95,16245,"United Kingdom"
"547887","22859","EASTER TIN BUNNY BOUQUET",6,"3/28/11 9:30",1.65,16245,"United Kingdom"
"547887","22256","FELT FARM ANIMAL CHICKEN",12,"3/28/11 9:30",1.25,16245,"United Kingdom"
"547887","22258","FELT FARM ANIMAL RABBIT",12,"3/28/11 9:30",1.25,16245,"United Kingdom"
"547887","21385","IVORY HANGING DECORATION  HEART",24,"3/28/11 9:30",0.85,16245,"United Kingdom"
"547887","85186A","EASTER BUNNY GARLAND OF FLOWERS",24,"3/28/11 9:30",0.42,16245,"United Kingdom"
"547887","85194L","HANGING SPRING FLOWER EGG LARGE",12,"3/28/11 9:30",0.85,16245,"United Kingdom"
"547887","85188A","GREEN METAL SWINGING BUNNY",24,"3/28/11 9:30",0.85,16245,"United Kingdom"
"547887","85066","CREAM SWEETHEART MINI CHEST",2,"3/28/11 9:30",12.75,16245,"United Kingdom"
"547887","22487","WHITE WOOD GARDEN PLANT LADDER",2,"3/28/11 9:30",9.95,16245,"United Kingdom"
"547887","21340","CLASSIC METAL BIRDCAGE PLANT HOLDER",1,"3/28/11 9:30",12.75,16245,"United Kingdom"
"547887","21746","SMALL RED RETROSPOT WINDMILL",12,"3/28/11 9:30",1.25,16245,"United Kingdom"
"547887","22150","3 STRIPEY MICE FELTCRAFT",6,"3/28/11 9:30",1.95,16245,"United Kingdom"
"547887","22508","DOORSTOP RETROSPOT HEART",4,"3/28/11 9:30",3.75,16245,"United Kingdom"
"547887","84818","DANISH ROSE PHOTO FRAME",6,"3/28/11 9:30",2.55,16245,"United Kingdom"
"547887","22320","BIRDS MOBILE VINTAGE DESIGN",3,"3/28/11 9:30",5.95,16245,"United Kingdom"
"547887","21380","WOODEN HAPPY BIRTHDAY GARLAND",6,"3/28/11 9:30",2.95,16245,"United Kingdom"
"547887","47566","PARTY BUNTING",4,"3/28/11 9:30",4.95,16245,"United Kingdom"
"547888","21916","SET 12 RETRO WHITE CHALK STICKS",24,"3/28/11 9:59",0.42,13368,"United Kingdom"
"547888","22926","IVORY GIANT GARDEN THERMOMETER",4,"3/28/11 9:59",5.95,13368,"United Kingdom"
"547888","22927","GREEN GIANT GARDEN THERMOMETER",4,"3/28/11 9:59",5.95,13368,"United Kingdom"
"547888","48187","DOORMAT NEW ENGLAND",6,"3/28/11 9:59",7.95,13368,"United Kingdom"
"547888","84991","60 TEATIME FAIRY CAKE CASES",24,"3/28/11 9:59",0.55,13368,"United Kingdom"
"547888","21977","PACK OF 60 PINK PAISLEY CAKE CASES",24,"3/28/11 9:59",0.55,13368,"United Kingdom"
"547888","21231","SWEETHEART CERAMIC TRINKET BOX",12,"3/28/11 9:59",1.25,13368,"United Kingdom"
"547888","21232","STRAWBERRY CERAMIC TRINKET BOX",12,"3/28/11 9:59",1.25,13368,"United Kingdom"
"547888","22846","BREAD BIN DINER STYLE RED",2,"3/28/11 9:59",16.95,13368,"United Kingdom"
"547888","22720","SET OF 3 CAKE TINS PANTRY DESIGN",3,"3/28/11 9:59",4.95,13368,"United Kingdom"
"547888","22666","RECIPE BOX PANTRY YELLOW DESIGN",6,"3/28/11 9:59",2.95,13368,"United Kingdom"
"547888","22966","GINGERBREAD MAN COOKIE CUTTER",24,"3/28/11 9:59",1.25,13368,"United Kingdom"
"547888","84375","SET OF 20 KIDS COOKIE CUTTERS",12,"3/28/11 9:59",2.1,13368,"United Kingdom"
"547888","22978","PANTRY ROLLING PIN",6,"3/28/11 9:59",3.75,13368,"United Kingdom"
"547888","22427","ENAMEL FLOWER JUG CREAM",3,"3/28/11 9:59",5.95,13368,"United Kingdom"
"547888","22429","ENAMEL MEASURING JUG CREAM",4,"3/28/11 9:59",4.25,13368,"United Kingdom"
"547888","21524","DOORMAT SPOTTY HOME SWEET HOME",6,"3/28/11 9:59",7.95,13368,"United Kingdom"
"547888","84077","WORLD WAR 2 GLIDERS ASSTD DESIGNS",48,"3/28/11 9:59",0.29,13368,"United Kingdom"
"547888","21791","VINTAGE HEADS AND TAILS CARD GAME",12,"3/28/11 9:59",1.25,13368,"United Kingdom"
"547888","21790","VINTAGE SNAP CARDS",12,"3/28/11 9:59",0.85,13368,"United Kingdom"
"547888","22491","PACK OF 12 COLOURED PENCILS",12,"3/28/11 9:59",0.85,13368,"United Kingdom"
"547888","21912","VINTAGE SNAKES & LADDERS",4,"3/28/11 9:59",3.75,13368,"United Kingdom"
"547888","22382","LUNCH BAG SPACEBOY DESIGN",10,"3/28/11 9:59",1.65,13368,"United Kingdom"
"547888","22662","LUNCH BAG DOLLY GIRL DESIGN",10,"3/28/11 9:59",1.65,13368,"United Kingdom"
"547888","22149","FELTCRAFT 6 FLOWER FRIENDS",6,"3/28/11 9:59",2.1,13368,"United Kingdom"
"547888","22554","PLASTERS IN TIN WOODLAND ANIMALS",12,"3/28/11 9:59",1.65,13368,"United Kingdom"
"547888","22557","PLASTERS IN TIN VINTAGE PAISLEY",12,"3/28/11 9:59",1.65,13368,"United Kingdom"
"547888","C2","CARRIAGE",1,"3/28/11 9:59",50,13368,"United Kingdom"
"C547889","85040B","SET/4 BLUE FLOWER CANDLES IN BOWL",-1,"3/28/11 10:02",1.65,14410,"United Kingdom"
"C547889","22834","HAND WARMER BABUSHKA DESIGN",-1,"3/28/11 10:02",2.1,14410,"United Kingdom"
"C547889","22866","HAND WARMER SCOTTY DOG DESIGN",-1,"3/28/11 10:02",2.1,14410,"United Kingdom"
"C547889","20934","SET/3 POT PLANT CANDLES",-1,"3/28/11 10:02",5.45,14410,"United Kingdom"
"C547889","22442","GROW YOUR OWN FLOWERS SET OF 3",-1,"3/28/11 10:02",7.95,14410,"United Kingdom"
"C547889","21124","SET/10 BLUE POLKADOT PARTY CANDLES",-1,"3/28/11 10:02",1.25,14410,"United Kingdom"
"C547889","21122","SET/10 PINK POLKADOT PARTY CANDLES",-1,"3/28/11 10:02",1.25,14410,"United Kingdom"
"C547889","22072","RED RETROSPOT TEA CUP AND SAUCER",-2,"3/28/11 10:02",3.75,14410,"United Kingdom"
"C547889","21539","RED RETROSPOT BUTTER DISH",-2,"3/28/11 10:02",4.95,14410,"United Kingdom"
"547890","84378","SET OF 3 HEART COOKIE CUTTERS",12,"3/28/11 10:03",1.25,17227,"United Kingdom"
"547890","84375","SET OF 20 KIDS COOKIE CUTTERS",52,"3/28/11 10:03",2.1,17227,"United Kingdom"
"547890","22328","ROUND SNACK BOXES SET OF 4 FRUITS",5,"3/28/11 10:03",2.95,17227,"United Kingdom"
"547890","16235","RECYCLED PENCIL WITH RABBIT ERASER",20,"3/28/11 10:03",0.21,17227,"United Kingdom"
"547890","20749","ASSORTED COLOUR MINI CASES",10,"3/28/11 10:03",7.95,17227,"United Kingdom"
"547890","22094","RED RETROSPOT TISSUE BOX",1,"3/28/11 10:03",1.25,17227,"United Kingdom"
"547891","10125","MINI FUNKY DESIGN TAPES",20,"3/28/11 10:14",0.85,13266,"United Kingdom"
"547891","22754","SMALL RED BABUSHKA NOTEBOOK",12,"3/28/11 10:14",0.85,13266,"United Kingdom"
"547891","22755","SMALL PURPLE BABUSHKA NOTEBOOK",12,"3/28/11 10:14",0.85,13266,"United Kingdom"
"547891","21397","BLUE POLKADOT EGG CUP",48,"3/28/11 10:14",0.39,13266,"United Kingdom"
"547891","21399","BLUE POLKADOT COFFEE MUG",48,"3/28/11 10:14",0.39,13266,"United Kingdom"
"547891","21398","RED POLKADOT COFFEE  MUG",48,"3/28/11 10:14",0.39,13266,"United Kingdom"
"547891","85093","CANDY SPOT EGG WARMER HARE",48,"3/28/11 10:14",0.39,13266,"United Kingdom"
"547891","22321","BIRD DECORATION RED RETROSPOT",12,"3/28/11 10:14",0.85,13266,"United Kingdom"
"547891","22260","FELT EGG COSY BLUE RABBIT",12,"3/28/11 10:14",0.85,13266,"United Kingdom"
"547891","22975","SPACEBOY CHILDRENS EGG CUP",24,"3/28/11 10:14",1.25,13266,"United Kingdom"
"547891","22083","PAPER CHAIN KIT RETROSPOT",6,"3/28/11 10:14",2.95,13266,"United Kingdom"
"547891","22551","PLASTERS IN TIN SPACEBOY",12,"3/28/11 10:14",1.65,13266,"United Kingdom"
"547891","22045","SPACEBOY GIFT WRAP",25,"3/28/11 10:14",0.42,13266,"United Kingdom"
"547891","22629","SPACEBOY LUNCH BOX",12,"3/28/11 10:14",1.95,13266,"United Kingdom"
"547891","22418","10 COLOUR SPACEBOY PEN",24,"3/28/11 10:14",0.85,13266,"United Kingdom"
"547891","22029","SPACEBOY BIRTHDAY CARD",12,"3/28/11 10:14",0.42,13266,"United Kingdom"
"547891","22383","LUNCH BAG SUKI DESIGN",10,"3/28/11 10:14",1.65,13266,"United Kingdom"
"547891","22355","CHARLOTTE BAG SUKI DESIGN",10,"3/28/11 10:14",0.85,13266,"United Kingdom"
"547891","22084","PAPER CHAIN KIT EMPIRE",6,"3/28/11 10:14",2.95,13266,"United Kingdom"
"547892","22191","IVORY DINER WALL CLOCK",2,"3/28/11 10:15",8.5,12669,"France"
"547892","22192","BLUE DINER WALL CLOCK",2,"3/28/11 10:15",8.5,12669,"France"
"547892","22193","RED DINER WALL CLOCK",2,"3/28/11 10:15",8.5,12669,"France"
"547892","22630","DOLLY GIRL LUNCH BOX",12,"3/28/11 10:15",1.95,12669,"France"
"547892","22662","LUNCH BAG DOLLY GIRL DESIGN",10,"3/28/11 10:15",1.65,12669,"France"
"547892","22661","CHARLOTTE BAG DOLLY GIRL DESIGN",10,"3/28/11 10:15",0.85,12669,"France"
"547892","22949","36 DOILIES DOLLY GIRL",12,"3/28/11 10:15",1.45,12669,"France"
"547892","22951","60 CAKE CASES DOLLY GIRL DESIGN",24,"3/28/11 10:15",0.55,12669,"France"
"547892","22417","PACK OF 60 SPACEBOY CAKE CASES",24,"3/28/11 10:15",0.55,12669,"France"
"547892","22629","SPACEBOY LUNCH BOX",12,"3/28/11 10:15",1.95,12669,"France"
"547892","22382","LUNCH BAG SPACEBOY DESIGN",10,"3/28/11 10:15",1.65,12669,"France"
"547892","22659","LUNCH BOX I LOVE LONDON",12,"3/28/11 10:15",1.95,12669,"France"
"547892","22971","QUEENS GUARD COFFEE MUG",6,"3/28/11 10:15",2.55,12669,"France"
"547892","22713","CARD I LOVE LONDON",12,"3/28/11 10:15",0.42,12669,"France"
"547892","22616","PACK OF 12 LONDON TISSUES",24,"3/28/11 10:15",0.29,12669,"France"
"547892","22970","LONDON BUS COFFEE MUG",6,"3/28/11 10:15",2.55,12669,"France"
"547892","22551","PLASTERS IN TIN SPACEBOY",12,"3/28/11 10:15",1.65,12669,"France"
"547892","22555","PLASTERS IN TIN STRONGMAN",12,"3/28/11 10:15",1.65,12669,"France"
"547892","22556","PLASTERS IN TIN CIRCUS PARADE",12,"3/28/11 10:15",1.65,12669,"France"
"547892","22557","PLASTERS IN TIN VINTAGE PAISLEY",12,"3/28/11 10:15",1.65,12669,"France"
"547892","22554","PLASTERS IN TIN WOODLAND ANIMALS",12,"3/28/11 10:15",1.65,12669,"France"
"547892","22553","PLASTERS IN TIN SKULLS",12,"3/28/11 10:15",1.65,12669,"France"
"547892","21981","PACK OF 12 WOODLAND TISSUES",24,"3/28/11 10:15",0.29,12669,"France"
"547892","22614","PACK OF 12 SPACEBOY TISSUES",24,"3/28/11 10:15",0.29,12669,"France"
"547892","21983","PACK OF 12 BLUE PAISLEY TISSUES",24,"3/28/11 10:15",0.29,12669,"France"
"547892","21980","PACK OF 12 RED RETROSPOT TISSUES",24,"3/28/11 10:15",0.29,12669,"France"
"547892","20723","STRAWBERRY CHARLOTTE BAG",10,"3/28/11 10:15",0.85,12669,"France"
"547892","20719","WOODLAND CHARLOTTE BAG",10,"3/28/11 10:15",0.85,12669,"France"
"547892","20726","LUNCH BAG WOODLAND",10,"3/28/11 10:15",1.65,12669,"France"
"547892","85099F","JUMBO BAG STRAWBERRY",10,"3/28/11 10:15",1.95,12669,"France"
"547892","22992","REVOLVER WOODEN RULER",12,"3/28/11 10:15",1.95,12669,"France"
"547892","22197","SMALL POPCORN HOLDER",12,"3/28/11 10:15",0.85,12669,"France"
"547892","22973","CHILDREN'S CIRCUS PARADE MUG",12,"3/28/11 10:15",1.65,12669,"France"
"547892","22631","CIRCUS PARADE LUNCH BOX",12,"3/28/11 10:15",1.95,12669,"France"
"547892","22997","TRAVEL CARD WALLET UNION JACK",24,"3/28/11 10:15",0.42,12669,"France"
"547892","23006","TRAVEL CARD WALLET FLOWER MEADOW",24,"3/28/11 10:15",0.42,12669,"France"
"547892","23004","TRAVEL CARD WALLET PANTRY",24,"3/28/11 10:15",0.42,12669,"France"
"547892","23000","TRAVEL CARD WALLET TRANSPORT",24,"3/28/11 10:15",0.42,12669,"France"
"547892","22900","SET 2 TEA TOWELS I LOVE LONDON",6,"3/28/11 10:15",2.95,12669,"France"
"547892","22399","MAGNETS PACK OF 4 CHILDHOOD MEMORY",12,"3/28/11 10:15",1.25,12669,"France"
"547892","22396","MAGNETS PACK OF 4 RETRO PHOTO",12,"3/28/11 10:15",1.25,12669,"France"
"547892","22922","FRIDGE MAGNETS US DINER ASSORTED",12,"3/28/11 10:15",0.85,12669,"France"
"547892","23178","JAM CLOCK MAGNET",6,"3/28/11 10:15",2.89,12669,"France"
"547892","22400","MAGNETS PACK OF 4 HOME SWEET HOME",12,"3/28/11 10:15",1.25,12669,"France"
"547892","22781","GUMBALL MAGAZINE RACK",2,"3/28/11 10:15",7.65,12669,"France"
"547892","22626","BLACK KITCHEN SCALES",2,"3/28/11 10:15",8.5,12669,"France"
"547892","22727","ALARM CLOCK BAKELIKE RED",4,"3/28/11 10:15",3.75,12669,"France"
"547892","22726","ALARM CLOCK BAKELIKE GREEN",4,"3/28/11 10:15",3.75,12669,"France"
"547892","22729","ALARM CLOCK BAKELIKE ORANGE",4,"3/28/11 10:15",3.75,12669,"France"
"547892","22907","PACK OF 20 NAPKINS PANTRY DESIGN",12,"3/28/11 10:15",0.85,12669,"France"
"547892","22960","JAM MAKING SET WITH JARS",6,"3/28/11 10:15",4.25,12669,"France"
"547892","22328","ROUND SNACK BOXES SET OF 4 FRUITS",6,"3/28/11 10:15",2.95,12669,"France"
"547892","22908","PACK OF 20 NAPKINS RED APPLES",12,"3/28/11 10:15",0.85,12669,"France"
"547892","22895","SET OF 2 TEA TOWELS APPLE AND PEARS",6,"3/28/11 10:15",2.95,12669,"France"
"547892","22892","SET OF SALT AND PEPPER TOADSTOOLS",12,"3/28/11 10:15",1.25,12669,"France"
"547892","22303","COFFEE MUG APPLES DESIGN",6,"3/28/11 10:15",2.55,12669,"France"
"547892","22302","COFFEE MUG PEARS  DESIGN",6,"3/28/11 10:15",2.55,12669,"France"
"547892","22859","EASTER TIN BUNNY BOUQUET",12,"3/28/11 10:15",1.65,12669,"France"
"547892","22856","ASSORTED EASTER DECORATIONS  BELLS",12,"3/28/11 10:15",1.25,12669,"France"
"547892","22585","PACK OF 6 BIRDY GIFT TAGS",12,"3/28/11 10:15",1.25,12669,"France"
"547892","22931","BAKING MOULD HEART WHITE CHOCOLATE",6,"3/28/11 10:15",2.55,12669,"France"
"547892","22930","BAKING MOULD HEART MILK CHOCOLATE",6,"3/28/11 10:15",2.55,12669,"France"
"547892","21210","SET OF 72 RETROSPOT PAPER  DOILIES",12,"3/28/11 10:15",1.45,12669,"France"
"547892","84987","SET OF 36 TEATIME PAPER DOILIES",12,"3/28/11 10:15",1.45,12669,"France"
"547892","21976","PACK OF 60 MUSHROOM CAKE CASES",24,"3/28/11 10:15",0.55,12669,"France"
"547892","21212","PACK OF 72 RETROSPOT CAKE CASES",24,"3/28/11 10:15",0.55,12669,"France"
"547892","84991","60 TEATIME FAIRY CAKE CASES",24,"3/28/11 10:15",0.55,12669,"France"
"547892","21977","PACK OF 60 PINK PAISLEY CAKE CASES",24,"3/28/11 10:15",0.55,12669,"France"
"547892","POST","POSTAGE",6,"3/28/11 10:15",18,12669,"France"
"547893","20679","EDWARDIAN PARASOL RED",3,"3/28/11 10:25",5.95,13552,"United Kingdom"
"547893","15056N","EDWARDIAN PARASOL NATURAL",3,"3/28/11 10:25",5.95,13552,"United Kingdom"
"547893","15056P","EDWARDIAN PARASOL PINK",3,"3/28/11 10:25",5.95,13552,"United Kingdom"
"547893","22822","CREAM WALL PLANTER HEART SHAPED",6,"3/28/11 10:25",5.95,13552,"United Kingdom"
"547893","22423","REGENCY CAKESTAND 3 TIER",8,"3/28/11 10:25",12.75,13552,"United Kingdom"
"547894","22991","GIRAFFE WOODEN RULER",12,"3/28/11 10:26",1.95,13552,"United Kingdom"
"547894","22992","REVOLVER WOODEN RULER",12,"3/28/11 10:26",1.95,13552,"United Kingdom"
"547894","23076","ICE CREAM SUNDAE LIP GLOSS",48,"3/28/11 10:26",1.25,13552,"United Kingdom"
"547894","23078","ICE CREAM PEN LIP GLOSS",48,"3/28/11 10:26",1.25,13552,"United Kingdom"
"547894","22979","PANTRY WASHING UP BRUSH",12,"3/28/11 10:26",1.45,13552,"United Kingdom"
"547894","23183","MOTHER'S KITCHEN SPOON REST",6,"3/28/11 10:26",3.75,13552,"United Kingdom"
"547894","22993","SET OF 4 PANTRY JELLY MOULDS",12,"3/28/11 10:26",1.25,13552,"United Kingdom"
"547894","23184","BULL DOG BOTTLE OPENER",8,"3/28/11 10:26",4.95,13552,"United Kingdom"
"547894","23181","BULL DOG BOTTLE TOP WALL CLOCK",2,"3/28/11 10:26",8.25,13552,"United Kingdom"
"547895","22646","CERAMIC STRAWBERRY CAKE MONEY BANK",3,"3/28/11 10:52",1.45,18118,"United Kingdom"
"547895","22645","CERAMIC HEART FAIRY CAKE MONEY BANK",1,"3/28/11 10:52",1.45,18118,"United Kingdom"
"547895","21238","RED RETROSPOT CUP",2,"3/28/11 10:52",0.85,18118,"United Kingdom"
"547895","21936","RED RETROSPOT PICNIC BAG",1,"3/28/11 10:52",2.95,18118,"United Kingdom"
"547895","22068","BLACK PIRATE TREASURE CHEST",4,"3/28/11 10:52",1.65,18118,"United Kingdom"
"547895","22993","SET OF 4 PANTRY JELLY MOULDS",1,"3/28/11 10:52",1.25,18118,"United Kingdom"
"547895","21900","KEY FOB , SHED",1,"3/28/11 10:52",0.65,18118,"United Kingdom"
"547895","84970L","SINGLE HEART ZINC T-LIGHT HOLDER",3,"3/28/11 10:52",0.95,18118,"United Kingdom"
"547895","21242","RED RETROSPOT PLATE",2,"3/28/11 10:52",1.69,18118,"United Kingdom"
"547895","21243","PINK  POLKADOT PLATE",1,"3/28/11 10:52",1.69,18118,"United Kingdom"
"547895","22061","LARGE CAKE STAND  HANGING STRAWBERY",1,"3/28/11 10:52",9.95,18118,"United Kingdom"
"547895","21166","COOK WITH WINE METAL SIGN",1,"3/28/11 10:52",2.08,18118,"United Kingdom"
"547895","22890","NOVELTY BISCUITS CAKE STAND 3 TIER",2,"3/28/11 10:52",9.95,18118,"United Kingdom"
"547895","22514","CHILDS GARDEN SPADE BLUE",1,"3/28/11 10:52",2.1,18118,"United Kingdom"
"547895","22518","CHILDS GARDEN BRUSH BLUE",1,"3/28/11 10:52",2.1,18118,"United Kingdom"
"547895","22440","BALLOON WATER BOMB PACK OF 35",6,"3/28/11 10:52",0.42,18118,"United Kingdom"
"547895","21916","SET 12 RETRO WHITE CHALK STICKS",1,"3/28/11 10:52",0.42,18118,"United Kingdom"
"547895","20686","DOLLY MIXTURE CHILDREN'S UMBRELLA",1,"3/28/11 10:52",3.25,18118,"United Kingdom"
"547895","84789","ENCHANTED BIRD PLANT CAGE",2,"3/28/11 10:52",3.75,18118,"United Kingdom"
"547895","22138","BAKING SET 9 PIECE RETROSPOT",1,"3/28/11 10:52",4.95,18118,"United Kingdom"
"547895","21430","SET/3 RED GINGHAM ROSE STORAGE BOX",1,"3/28/11 10:52",3.75,18118,"United Kingdom"
"547895","20685","DOORMAT RED RETROSPOT",1,"3/28/11 10:52",7.95,18118,"United Kingdom"
"547895","22475","SKULL DESIGN TV DINNER TRAY",3,"3/28/11 10:52",4.95,18118,"United Kingdom"
"547895","22473","TV DINNER TRAY VINTAGE PAISLEY",1,"3/28/11 10:52",4.95,18118,"United Kingdom"
"547896","22413","METAL SIGN TAKE IT OR LEAVE IT",1,"3/28/11 11:34",2.95,17841,"United Kingdom"
"547896","82583","HOT BATHS METAL SIGN",1,"3/28/11 11:34",2.1,17841,"United Kingdom"
"547896","82600","NO SINGING METAL SIGN",1,"3/28/11 11:34",2.1,17841,"United Kingdom"
"547896","21181","PLEASE ONE PERSON METAL SIGN",1,"3/28/11 11:34",2.1,17841,"United Kingdom"
"547896","22675","FRENCH KITCHEN SIGN BLUE METAL",2,"3/28/11 11:34",1.25,17841,"United Kingdom"
"547896","82552","WASHROOM METAL SIGN",1,"3/28/11 11:34",1.45,17841,"United Kingdom"
"547896","21165","BEWARE OF THE CAT METAL SIGN",1,"3/28/11 11:34",1.69,17841,"United Kingdom"
"547896","23182","TOILET SIGN OCCUPIED OR VACANT",2,"3/28/11 11:34",0.83,17841,"United Kingdom"
"547896","22355","CHARLOTTE BAG SUKI DESIGN",4,"3/28/11 11:34",0.85,17841,"United Kingdom"
"547896","23002","TRAVEL CARD WALLET SKULLS",1,"3/28/11 11:34",0.42,17841,"United Kingdom"
"547896","22999","TRAVEL CARD WALLET RETRO PETALS",1,"3/28/11 11:34",0.42,17841,"United Kingdom"
"547896","23004","TRAVEL CARD WALLET PANTRY",1,"3/28/11 11:34",0.42,17841,"United Kingdom"
"547896","22652","TRAVEL SEWING KIT",1,"3/28/11 11:34",1.65,17841,"United Kingdom"
"547896","20723","STRAWBERRY CHARLOTTE BAG",2,"3/28/11 11:34",0.85,17841,"United Kingdom"
"547896","22382","LUNCH BAG SPACEBOY DESIGN",2,"3/28/11 11:34",1.65,17841,"United Kingdom"
"547896","20719","WOODLAND CHARLOTTE BAG",2,"3/28/11 11:34",0.85,17841,"United Kingdom"
"547896","22188","BLACK HEART CARD HOLDER",1,"3/28/11 11:34",3.95,17841,"United Kingdom"
"547896","82578","KITCHEN METAL SIGN",1,"3/28/11 11:34",0.55,17841,"United Kingdom"
"547896","22966","GINGERBREAD MAN COOKIE CUTTER",2,"3/28/11 11:34",1.25,17841,"United Kingdom"
"547896","21975","PACK OF 60 DINOSAUR CAKE CASES",5,"3/28/11 11:34",0.55,17841,"United Kingdom"
"547896","22087","PAPER BUNTING WHITE LACE",1,"3/28/11 11:34",2.95,17841,"United Kingdom"
"547896","22088","PAPER BUNTING COLOURED LACE",1,"3/28/11 11:34",2.95,17841,"United Kingdom"
"547896","22255","FELT TOADSTOOL  SMALL",2,"3/28/11 11:34",0.85,17841,"United Kingdom"
"547896","22254","FELT TOADSTOOL LARGE",2,"3/28/11 11:34",1.25,17841,"United Kingdom"
"547896","22483","RED GINGHAM TEDDY BEAR",1,"3/28/11 11:34",2.95,17841,"United Kingdom"
"547896","21382","SET/4 SPRING FLOWER DECORATION",1,"3/28/11 11:34",2.95,17841,"United Kingdom"
"547896","84231","EASTER BUNNY WITH BASKET ON BACK",2,"3/28/11 11:34",0.65,17841,"United Kingdom"
"547896","22411","JUMBO SHOPPER VINTAGE RED PAISLEY",1,"3/28/11 11:34",1.95,17841,"United Kingdom"
"547896","22212","FOUR HOOK  WHITE LOVEBIRDS",1,"3/28/11 11:34",2.1,17841,"United Kingdom"
"547896","22964","3 PIECE SPACEBOY COOKIE CUTTER SET",2,"3/28/11 11:34",2.1,17841,"United Kingdom"
"547896","21975","PACK OF 60 DINOSAUR CAKE CASES",1,"3/28/11 11:34",0.55,17841,"United Kingdom"
"547896","22978","PANTRY ROLLING PIN",1,"3/28/11 11:34",3.75,17841,"United Kingdom"
"547896","22979","PANTRY WASHING UP BRUSH",1,"3/28/11 11:34",1.45,17841,"United Kingdom"
"547896","22804","CANDLEHOLDER PINK HANGING HEART",1,"3/28/11 11:34",2.95,17841,"United Kingdom"
"547896","85123A","WHITE HANGING HEART T-LIGHT HOLDER",1,"3/28/11 11:34",2.95,17841,"United Kingdom"
"547896","23077","DOUGHNUT LIP GLOSS",24,"3/28/11 11:34",1.25,17841,"United Kingdom"
"547896","22467","GUMBALL COAT RACK",1,"3/28/11 11:34",2.55,17841,"United Kingdom"
"547896","72349B","SET/6 PURPLE BUTTERFLY T-LIGHTS",2,"3/28/11 11:34",2.1,17841,"United Kingdom"
"547896","23193","BUFFALO BILL TREASURE BOOK BOX",1,"3/28/11 11:34",2.25,17841,"United Kingdom"
"547896","22094","RED RETROSPOT TISSUE BOX",1,"3/28/11 11:34",1.25,17841,"United Kingdom"
"547896","21672","WHITE SPOT RED CERAMIC DRAWER KNOB",6,"3/28/11 11:34",1.25,17841,"United Kingdom"
"547896","22728","ALARM CLOCK BAKELIKE PINK",1,"3/28/11 11:34",3.75,17841,"United Kingdom"
"547896","47594B","SCOTTIES DESIGN WASHBAG",1,"3/28/11 11:34",1.95,17841,"United Kingdom"
"547896","22727","ALARM CLOCK BAKELIKE RED",1,"3/28/11 11:34",3.75,17841,"United Kingdom"
"547896","22726","ALARM CLOCK BAKELIKE GREEN",2,"3/28/11 11:34",3.75,17841,"United Kingdom"
"547896","79321","CHILLI LIGHTS",4,"3/28/11 11:34",5.75,17841,"United Kingdom"
"547896","22752","SET 7 BABUSHKA NESTING BOXES",1,"3/28/11 11:34",8.5,17841,"United Kingdom"
"547896","21361","LOVE LARGE WOOD LETTERS",2,"3/28/11 11:34",12.75,17841,"United Kingdom"
"547896","22087","PAPER BUNTING WHITE LACE",8,"3/28/11 11:34",2.95,17841,"United Kingdom"
"547896","72801D","4 SKY BLUE DINNER CANDLES",1,"3/28/11 11:34",1.25,17841,"United Kingdom"
"547896","22754","SMALL RED BABUSHKA NOTEBOOK",1,"3/28/11 11:34",0.85,17841,"United Kingdom"
"547896","22756","LARGE YELLOW BABUSHKA NOTEBOOK",1,"3/28/11 11:34",1.25,17841,"United Kingdom"
"547896","22755","SMALL PURPLE BABUSHKA NOTEBOOK",1,"3/28/11 11:34",0.85,17841,"United Kingdom"
"547896","22753","SMALL YELLOW BABUSHKA NOTEBOOK",2,"3/28/11 11:34",0.85,17841,"United Kingdom"
"547896","47480","HANGING PHOTO CLIP ROPE LADDER",1,"3/28/11 11:34",1.65,17841,"United Kingdom"
"547896","47570B","TEA TIME TABLE CLOTH",1,"3/28/11 11:34",10.65,17841,"United Kingdom"
"547896","22064","PINK DOUGHNUT TRINKET POT",1,"3/28/11 11:34",1.65,17841,"United Kingdom"
"547896","22961","JAM MAKING SET PRINTED",1,"3/28/11 11:34",1.45,17841,"United Kingdom"
"547896","22090","PAPER BUNTING RETROSPOT",1,"3/28/11 11:34",2.95,17841,"United Kingdom"
"547896","82581","TOILET METAL SIGN",1,"3/28/11 11:34",0.55,17841,"United Kingdom"
"547897","22567","20 DOLLY PEGS RETROSPOT",12,"3/28/11 11:36",1.25,12792,"Portugal"
"547897","22667","RECIPE BOX RETROSPOT",6,"3/28/11 11:36",2.95,12792,"Portugal"
"547897","21210","SET OF 72 RETROSPOT PAPER  DOILIES",12,"3/28/11 11:36",1.45,12792,"Portugal"
"547897","22582","PACK OF 6 SWEETIE GIFT BOXES",6,"3/28/11 11:36",2.55,12792,"Portugal"
"547897","22750","FELTCRAFT PRINCESS LOLA DOLL",4,"3/28/11 11:36",3.75,12792,"Portugal"
"547897","22751","FELTCRAFT PRINCESS OLIVIA DOLL",4,"3/28/11 11:36",3.75,12792,"Portugal"
"547897","21912","VINTAGE SNAKES & LADDERS",4,"3/28/11 11:36",3.75,12792,"Portugal"
"547897","22605","WOODEN CROQUET GARDEN SET",1,"3/28/11 11:36",14.95,12792,"Portugal"
"547897","21888","BINGO SET",4,"3/28/11 11:36",3.75,12792,"Portugal"
"547897","22857","ASSORTED EASTER GIFT TAGS",12,"3/28/11 11:36",0.85,12792,"Portugal"
"547897","22859","EASTER TIN BUNNY BOUQUET",6,"3/28/11 11:36",1.65,12792,"Portugal"
"547897","22858","EASTER TIN KEEPSAKE",6,"3/28/11 11:36",1.65,12792,"Portugal"
"547897","22957","SET 3 PAPER VINTAGE CHICK PAPER EGG",6,"3/28/11 11:36",2.95,12792,"Portugal"
"547897","22285","HANGING HEN ON NEST DECORATION",12,"3/28/11 11:36",1.65,12792,"Portugal"
"547897","22269","EGG CUP NATURAL CHICKEN",8,"3/28/11 11:36",1.25,12792,"Portugal"
"547897","21577","SAVE THE PLANET COTTON TOTE BAG",6,"3/28/11 11:36",2.25,12792,"Portugal"
"547897","22548","HEADS AND TAILS SPORTING FUN",12,"3/28/11 11:36",1.25,12792,"Portugal"
"547897","21791","VINTAGE HEADS AND TAILS CARD GAME",12,"3/28/11 11:36",1.25,12792,"Portugal"
"547897","22708","WRAP DOLLY GIRL",25,"3/28/11 11:36",0.42,12792,"Portugal"
"547897","22027","TEA PARTY BIRTHDAY CARD",12,"3/28/11 11:36",0.42,12792,"Portugal"
"547897","22969","HOMEMADE JAM SCENTED CANDLES",12,"3/28/11 11:36",1.45,12792,"Portugal"
"547897","22961","JAM MAKING SET PRINTED",12,"3/28/11 11:36",1.45,12792,"Portugal"
"547897","22296","HEART IVORY TRELLIS LARGE",12,"3/28/11 11:36",1.65,12792,"Portugal"
"547897","72741","GRAND CHOCOLATECANDLE",9,"3/28/11 11:36",1.45,12792,"Portugal"
"547897","POST","POSTAGE",2,"3/28/11 11:36",28,12792,"Portugal"
"547898","48185","DOORMAT FAIRY CAKE",4,"3/28/11 11:49",7.95,16523,"United Kingdom"
"547898","48184","DOORMAT ENGLISH ROSE",4,"3/28/11 11:49",7.95,16523,"United Kingdom"
"547898","21524","DOORMAT SPOTTY HOME SWEET HOME",4,"3/28/11 11:49",7.95,16523,"United Kingdom"
"547898","20685","DOORMAT RED RETROSPOT",4,"3/28/11 11:49",7.95,16523,"United Kingdom"
"547898","22191","IVORY DINER WALL CLOCK",2,"3/28/11 11:49",8.5,16523,"United Kingdom"
"547898","85099C","JUMBO  BAG BAROQUE BLACK WHITE",10,"3/28/11 11:49",1.95,16523,"United Kingdom"
"547898","48111","DOORMAT 3 SMILEY CATS",4,"3/28/11 11:49",7.95,16523,"United Kingdom"
"547898","48194","DOORMAT HEARTS",6,"3/28/11 11:49",7.95,16523,"United Kingdom"
"547898","21936","RED RETROSPOT PICNIC BAG",5,"3/28/11 11:49",2.95,16523,"United Kingdom"
"547898","21937","STRAWBERRY   PICNIC BAG",5,"3/28/11 11:49",2.95,16523,"United Kingdom"
"547898","22411","JUMBO SHOPPER VINTAGE RED PAISLEY",10,"3/28/11 11:49",1.95,16523,"United Kingdom"
"547898","20728","LUNCH BAG CARS BLUE",10,"3/28/11 11:49",1.65,16523,"United Kingdom"
"547898","22383","LUNCH BAG SUKI DESIGN",20,"3/28/11 11:49",1.65,16523,"United Kingdom"
"547898","22384","LUNCH BAG PINK POLKADOT",20,"3/28/11 11:49",1.65,16523,"United Kingdom"
"547900","22300","COFFEE MUG DOG + BALL DESIGN",6,"3/28/11 11:51",2.55,13649,"United Kingdom"
"547900","22301","COFFEE MUG CAT + BIRD DESIGN",6,"3/28/11 11:51",2.55,13649,"United Kingdom"
"547900","85028S","FRENCH CHATEAU SMALL FRUITBOWL",8,"3/28/11 11:51",2.55,13649,"United Kingdom"
"547900","82494L","WOODEN FRAME ANTIQUE WHITE",6,"3/28/11 11:51",2.95,13649,"United Kingdom"
"547900","82482","WOODEN PICTURE FRAME WHITE FINISH",6,"3/28/11 11:51",2.55,13649,"United Kingdom"
"547900","21390","FILIGRIS HEART WITH BUTTERFLY",24,"3/28/11 11:51",1.25,13649,"United Kingdom"
"547900","21682","LARGE MEDINA STAMPED METAL BOWL",4,"3/28/11 11:51",4.95,13649,"United Kingdom"
"547900","21669","BLUE STRIPE CERAMIC DRAWER KNOB",12,"3/28/11 11:51",1.25,13649,"United Kingdom"
"C547899","POST","POSTAGE",-1,"3/28/11 11:51",55.89,,"United Kingdom"
"C547899","M","Manual",-1,"3/28/11 11:51",1486.12,,"United Kingdom"
"547901","AMAZONFEE","AMAZON FEE",1,"3/28/11 11:57",219.76,,"United Kingdom"
"547902","22217","T-LIGHT HOLDER HANGING LACE",8,"3/28/11 11:58",1.25,17765,"United Kingdom"
"547902","22980","PANTRY SCRUBBING BRUSH",1,"3/28/11 11:58",1.65,17765,"United Kingdom"
"547902","22722","SET OF 6 SPICE TINS PANTRY DESIGN",1,"3/28/11 11:58",3.95,17765,"United Kingdom"
"547902","22723","SET OF 6 HERB TINS SKETCHBOOK",1,"3/28/11 11:58",3.95,17765,"United Kingdom"
"547902","22371","AIRLINE BAG VINTAGE TOKYO 78",1,"3/28/11 11:58",4.25,17765,"United Kingdom"
"547902","20718","RED RETROSPOT SHOPPER BAG",3,"3/28/11 11:58",1.25,17765,"United Kingdom"
"547902","21993","FLORAL FOLK STATIONERY SET",3,"3/28/11 11:58",2.95,17765,"United Kingdom"
"547902","22720","SET OF 3 CAKE TINS PANTRY DESIGN",1,"3/28/11 11:58",4.95,17765,"United Kingdom"
"547902","21714","CITRONELLA CANDLE GARDEN POT",6,"3/28/11 11:58",1.25,17765,"United Kingdom"
"547902","22962","JAM JAR WITH PINK LID",6,"3/28/11 11:58",0.85,17765,"United Kingdom"
"547902","21843","RED RETROSPOT CAKE STAND",1,"3/28/11 11:58",10.95,17765,"United Kingdom"
"547902","22168","ORGANISER WOOD ANTIQUE WHITE",1,"3/28/11 11:58",8.5,17765,"United Kingdom"
"547902","22432","WATERING CAN PINK BUNNY",1,"3/28/11 11:58",1.95,17765,"United Kingdom"
"547902","22197","SMALL POPCORN HOLDER",4,"3/28/11 11:58",0.85,17765,"United Kingdom"
"547902","22933","BAKING MOULD EASTER EGG MILK CHOC",1,"3/28/11 11:58",2.95,17765,"United Kingdom"
"547902","22829","SWEETHEART WIRE WALL TIDY",1,"3/28/11 11:58",9.95,17765,"United Kingdom"
"547902","84789","ENCHANTED BIRD PLANT CAGE",1,"3/28/11 11:58",3.75,17765,"United Kingdom"
"547902","22776","SWEETHEART CAKESTAND 3 TIER",1,"3/28/11 11:58",9.95,17765,"United Kingdom"
"547902","22692","DOORMAT WELCOME TO OUR HOME",2,"3/28/11 11:58",7.95,17765,"United Kingdom"
"547903","47599A","PINK PARTY BAGS",1,"3/28/11 11:59",2.1,15039,"United Kingdom"
"547903","47599B","BLUE PARTY BAGS",1,"3/28/11 11:59",2.1,15039,"United Kingdom"
"547903","21430","SET/3 RED GINGHAM ROSE STORAGE BOX",24,"3/28/11 11:59",3.39,15039,"United Kingdom"
"547903","21313","GLASS HEART T-LIGHT HOLDER",12,"3/28/11 11:59",0.85,15039,"United Kingdom"
"547903","20676","RED RETROSPOT BOWL",12,"3/28/11 11:59",1.25,15039,"United Kingdom"
"547903","84596G","SMALL CHOCOLATES PINK BOWL",8,"3/28/11 11:59",0.42,15039,"United Kingdom"
"547903","84596B","SMALL DOLLY MIX DESIGN ORANGE BOWL",16,"3/28/11 11:59",0.42,15039,"United Kingdom"
"547903","84596F","SMALL MARSHMALLOWS PINK BOWL",16,"3/28/11 11:59",0.42,15039,"United Kingdom"
"547903","84596J","MIXED NUTS LIGHT GREEN BOWL",8,"3/28/11 11:59",0.42,15039,"United Kingdom"
"547903","84596E","SMALL LICORICE DES PINK BOWL",16,"3/28/11 11:59",0.42,15039,"United Kingdom"
"547903","22424","ENAMEL BREAD BIN CREAM",1,"3/28/11 11:59",12.75,15039,"United Kingdom"
"547903","22375","AIRLINE BAG VINTAGE JET SET BROWN",1,"3/28/11 11:59",4.25,15039,"United Kingdom"
"547903","21215","IVORY PAPER CUP CAKE CASES",2,"3/28/11 11:59",0.55,15039,"United Kingdom"
"547903","21232","STRAWBERRY CERAMIC TRINKET BOX",1,"3/28/11 11:59",1.25,15039,"United Kingdom"
"547903","22088","PAPER BUNTING COLOURED LACE",1,"3/28/11 11:59",2.95,15039,"United Kingdom"
"547903","22090","PAPER BUNTING RETROSPOT",1,"3/28/11 11:59",2.95,15039,"United Kingdom"
"547903","22243","5 HOOK HANGER RED MAGIC TOADSTOOL",1,"3/28/11 11:59",1.65,15039,"United Kingdom"
"547903","21238","RED RETROSPOT CUP",8,"3/28/11 11:59",0.85,15039,"United Kingdom"
"547903","21355","TOAST ITS - I LOVE YOU",1,"3/28/11 11:59",1.25,15039,"United Kingdom"
"547903","84991","60 TEATIME FAIRY CAKE CASES",1,"3/28/11 11:59",0.55,15039,"United Kingdom"
"547903","20675","BLUE POLKADOT BOWL",12,"3/28/11 11:59",1.25,15039,"United Kingdom"
"547903","22774","RED DRAWER KNOB ACRYLIC EDWARDIAN",12,"3/28/11 11:59",1.25,15039,"United Kingdom"
"547903","84519B","CARROT CHARLIE+LOLA COASTER SET",6,"3/28/11 11:59",1.25,15039,"United Kingdom"
"547903","48188","DOORMAT WELCOME PUPPIES",1,"3/28/11 11:59",7.95,15039,"United Kingdom"
"547903","22690","DOORMAT HOME SWEET HOME BLUE",1,"3/28/11 11:59",7.95,15039,"United Kingdom"
"547903","22414","DOORMAT NEIGHBOURHOOD WITCH",1,"3/28/11 11:59",7.95,15039,"United Kingdom"
"547903","48194","DOORMAT HEARTS",1,"3/28/11 11:59",7.95,15039,"United Kingdom"
"547903","15058A","BLUE POLKADOT GARDEN PARASOL",1,"3/28/11 11:59",7.95,15039,"United Kingdom"
"547903","22411","JUMBO SHOPPER VINTAGE RED PAISLEY",10,"3/28/11 11:59",1.95,15039,"United Kingdom"
"547903","21930","JUMBO STORAGE BAG SKULLS",10,"3/28/11 11:59",1.95,15039,"United Kingdom"
"547903","22663","JUMBO BAG DOLLY GIRL DESIGN",10,"3/28/11 11:59",1.95,15039,"United Kingdom"
"547903","85099B","JUMBO BAG RED RETROSPOT",20,"3/28/11 11:59",1.95,15039,"United Kingdom"
"547903","20713","JUMBO BAG OWLS",10,"3/28/11 11:59",1.95,15039,"United Kingdom"
"547903","21931","JUMBO STORAGE BAG SUKI",10,"3/28/11 11:59",1.95,15039,"United Kingdom"
"547903","22357","KINGS CHOICE BISCUIT TIN",2,"3/28/11 11:59",4.25,15039,"United Kingdom"
"547903","84313B","BLUE TV TRAY TABLE",6,"3/28/11 11:59",1.95,15039,"United Kingdom"
"C547904","AMAZONFEE","AMAZON FEE",-1,"3/28/11 12:02",219.76,,"United Kingdom"
"C547905","POST","POSTAGE",-1,"3/28/11 12:10",18.66,,"United Kingdom"
"C547905","M","Manual",-1,"3/28/11 12:10",416.75,,"United Kingdom"
"547906","22665","RECIPE BOX BLUE SKETCHBOOK DESIGN",1,"3/28/11 12:13",2.95,14410,"United Kingdom"
"547906","22666","RECIPE BOX PANTRY YELLOW DESIGN",1,"3/28/11 12:13",2.95,14410,"United Kingdom"
"547906","85053","FRENCH ENAMEL CANDLEHOLDER",1,"3/28/11 12:13",2.1,14410,"United Kingdom"
"547906","22784","LANTERN CREAM GAZEBO",1,"3/28/11 12:13",4.95,14410,"United Kingdom"
"547906","22261","FELT EGG COSY WHITE RABBIT",1,"3/28/11 12:13",0.85,14410,"United Kingdom"
"547906","22261","FELT EGG COSY WHITE RABBIT",1,"3/28/11 12:13",0.85,14410,"United Kingdom"
"547906","22262","FELT EGG COSY CHICKEN",3,"3/28/11 12:13",0.85,14410,"United Kingdom"
"547906","21456","2 PICTURE BOOK EGGS EASTER CHICKS",2,"3/28/11 12:13",1.25,14410,"United Kingdom"
"547906","21458","2 PICTURE BOOK EGGS EASTER BUNNY",2,"3/28/11 12:13",1.25,14410,"United Kingdom"
"547906","23178","JAM CLOCK MAGNET",1,"3/28/11 12:13",2.89,14410,"United Kingdom"
"547906","22261","FELT EGG COSY WHITE RABBIT",1,"3/28/11 12:13",0.85,14410,"United Kingdom"
"547906","84457","SET/3 RABBITS FLOWER SKIPPPING ROPE",2,"3/28/11 12:13",0.85,14410,"United Kingdom"
"547906","20975","12 PENCILS SMALL TUBE RED RETROSPOT",2,"3/28/11 12:13",0.65,14410,"United Kingdom"
"547906","21874","GIN AND TONIC MUG",1,"3/28/11 12:13",1.25,14410,"United Kingdom"
"547906","22975","SPACEBOY CHILDRENS EGG CUP",2,"3/28/11 12:13",1.25,14410,"United Kingdom"
"547906","22972","CHILDREN'S SPACEBOY MUG",2,"3/28/11 12:13",1.65,14410,"United Kingdom"
"547906","22977","DOLLY GIRL CHILDRENS EGG CUP",2,"3/28/11 12:13",1.25,14410,"United Kingdom"
"547906","22974","CHILDRENS DOLLY GIRL MUG",2,"3/28/11 12:13",1.65,14410,"United Kingdom"
"547906","22976","CIRCUS PARADE CHILDRENS EGG CUP",2,"3/28/11 12:13",1.25,14410,"United Kingdom"
"547906","22973","CHILDREN'S CIRCUS PARADE MUG",2,"3/28/11 12:13",1.65,14410,"United Kingdom"
"547906","82580","BATHROOM METAL SIGN",2,"3/28/11 12:13",0.55,14410,"United Kingdom"
"547906","82578","KITCHEN METAL SIGN",2,"3/28/11 12:13",0.55,14410,"United Kingdom"
"547906","21174","POTTERING IN THE SHED METAL SIGN",2,"3/28/11 12:13",2.08,14410,"United Kingdom"
"547906","82582","AREA PATROLLED METAL SIGN",2,"3/28/11 12:13",2.1,14410,"United Kingdom"
"547906","82583","HOT BATHS METAL SIGN",2,"3/28/11 12:13",2.1,14410,"United Kingdom"
"547906","85150","LADIES & GENTLEMEN METAL SIGN",1,"3/28/11 12:13",2.55,14410,"United Kingdom"
"547906","82552","WASHROOM METAL SIGN",1,"3/28/11 12:13",1.45,14410,"United Kingdom"
"547906","21868","POTTING SHED TEA MUG",2,"3/28/11 12:13",1.25,14410,"United Kingdom"
"547906","21873","IF YOU CAN'T STAND THE HEAT MUG",2,"3/28/11 12:13",1.25,14410,"United Kingdom"
"547906","82600","NO SINGING METAL SIGN",1,"3/28/11 12:13",2.1,14410,"United Kingdom"
"547906","82551","LAUNDRY 15C METAL SIGN",1,"3/28/11 12:13",1.45,14410,"United Kingdom"
"547906","22413","METAL SIGN TAKE IT OR LEAVE IT",1,"3/28/11 12:13",2.95,14410,"United Kingdom"
"547906","21166","COOK WITH WINE METAL SIGN",1,"3/28/11 12:13",2.08,14410,"United Kingdom"
"547906","21907","I'M ON HOLIDAY METAL SIGN",1,"3/28/11 12:13",2.1,14410,"United Kingdom"
"547906","82567","AIRLINE LOUNGE,METAL SIGN",1,"3/28/11 12:13",2.1,14410,"United Kingdom"
"547906","21164","HOME SWEET HOME METAL SIGN",2,"3/28/11 12:13",2.95,14410,"United Kingdom"
"547906","21165","BEWARE OF THE CAT METAL SIGN",1,"3/28/11 12:13",1.69,14410,"United Kingdom"
"547906","21172","PARTY METAL SIGN",1,"3/28/11 12:13",1.45,14410,"United Kingdom"
"547906","22269","EGG CUP NATURAL CHICKEN",2,"3/28/11 12:13",1.25,14410,"United Kingdom"
"547906","22432","WATERING CAN PINK BUNNY",1,"3/28/11 12:13",1.95,14410,"United Kingdom"
"547906","22431","WATERING CAN BLUE ELEPHANT",1,"3/28/11 12:13",1.95,14410,"United Kingdom"
"547906","22433","WATERING CAN GREEN DINOSAUR",1,"3/28/11 12:13",1.95,14410,"United Kingdom"
"547906","84218","BOX/12 CHICK & EGG IN BASKET",3,"3/28/11 12:13",1.95,14410,"United Kingdom"
"547906","22464","HANGING METAL HEART LANTERN",1,"3/28/11 12:13",1.65,14410,"United Kingdom"
"547906","22808","SET OF 6 T-LIGHTS EASTER CHICKS",1,"3/28/11 12:13",2.95,14410,"United Kingdom"
"547906","22262","FELT EGG COSY CHICKEN",1,"3/28/11 12:13",0.85,14410,"United Kingdom"
"547906","22139","RETROSPOT TEA SET CERAMIC 11 PC",1,"3/28/11 12:13",4.95,14410,"United Kingdom"
"547906","22261","FELT EGG COSY WHITE RABBIT",1,"3/28/11 12:13",0.85,14410,"United Kingdom"
"547906","22268","EASTER DECORATION SITTING BUNNY",2,"3/28/11 12:13",0.85,14410,"United Kingdom"
"547906","85186A","EASTER BUNNY GARLAND OF FLOWERS",3,"3/28/11 12:13",0.42,14410,"United Kingdom"
"547906","85188A","GREEN METAL SWINGING BUNNY",4,"3/28/11 12:13",0.85,14410,"United Kingdom"
"547906","22260","FELT EGG COSY BLUE RABBIT",4,"3/28/11 12:13",0.85,14410,"United Kingdom"
"547906","35924","HANGING FAIRY CAKE DECORATION",2,"3/28/11 12:13",2.1,14410,"United Kingdom"
"547906","84452","METAL RABBIT LADDER EASTER",2,"3/28/11 12:13",0.85,14410,"United Kingdom"
"547906","22241","GARLAND WOODEN HAPPY EASTER",2,"3/28/11 12:13",1.25,14410,"United Kingdom"
"547906","16235","RECYCLED PENCIL WITH RABBIT ERASER",9,"3/28/11 12:13",0.21,14410,"United Kingdom"
"547906","M","Manual",2,"3/28/11 12:13",0.5,14410,"United Kingdom"
"547906","23177","TREASURE ISLAND BOOK BOX",2,"3/28/11 12:13",2.25,14410,"United Kingdom"
"547906","23193","BUFFALO BILL TREASURE BOOK BOX",1,"3/28/11 12:13",2.25,14410,"United Kingdom"
"547906","23194","GYMKHANA TREASURE BOOK BOX",3,"3/28/11 12:13",2.25,14410,"United Kingdom"
"547906","23176","ABC TREASURE BOOK BOX",1,"3/28/11 12:13",2.25,14410,"United Kingdom"
"547906","23193","BUFFALO BILL TREASURE BOOK BOX",1,"3/28/11 12:13",2.25,14410,"United Kingdom"
"547906","21591","COSY HOUR CIGAR BOX MATCHES",2,"3/28/11 12:13",1.25,14410,"United Kingdom"
"547906","22971","QUEENS GUARD COFFEE MUG",6,"3/28/11 12:13",2.55,14410,"United Kingdom"
"547906","47566B","TEA TIME PARTY BUNTING",2,"3/28/11 12:13",4.95,14410,"United Kingdom"
"547906","47599A","PINK PARTY BAGS",1,"3/28/11 12:13",2.1,14410,"United Kingdom"
"547906","47599B","BLUE PARTY BAGS",4,"3/28/11 12:13",2.1,14410,"United Kingdom"
"547906","47599A","PINK PARTY BAGS",3,"3/28/11 12:13",2.1,14410,"United Kingdom"
"547906","22667","RECIPE BOX RETROSPOT",1,"3/28/11 12:13",2.95,14410,"United Kingdom"
"547906","21623","VINTAGE UNION JACK MEMOBOARD",1,"3/28/11 12:13",9.95,14410,"United Kingdom"
"547907","22969","HOMEMADE JAM SCENTED CANDLES",24,"3/28/11 12:18",1.45,15083,"United Kingdom"
"547907","72741","GRAND CHOCOLATECANDLE",9,"3/28/11 12:18",1.45,15083,"United Kingdom"
"547907","84796A","PINK HAWAIIAN PICNIC HAMPER FOR 2",1,"3/28/11 12:18",12.75,15083,"United Kingdom"
"547907","84796B","BLUE SAVANNAH PICNIC HAMPER FOR 2",1,"3/28/11 12:18",12.75,15083,"United Kingdom"
"547907","22138","BAKING SET 9 PIECE RETROSPOT",3,"3/28/11 12:18",4.95,15083,"United Kingdom"
"C547908","M","Manual",-1,"3/28/11 12:18",646.46,,"United Kingdom"
"C547908","POST","POSTAGE",-1,"3/28/11 12:18",38.45,,"United Kingdom"
"547909","21558","SKULL LUNCH BOX WITH CUTLERY",1,"3/28/11 12:22",2.55,15033,"United Kingdom"
"547909","22353","LUNCH BOX WITH CUTLERY FAIRY CAKES",1,"3/28/11 12:22",2.55,15033,"United Kingdom"
"547909","21313","GLASS HEART T-LIGHT HOLDER",24,"3/28/11 12:22",0.85,15033,"United Kingdom"
"547909","20914","SET/5 RED RETROSPOT LID GLASS BOWLS",2,"3/28/11 12:22",2.95,15033,"United Kingdom"
"547909","84509B","SET OF 4 FAIRY CAKE PLACEMATS",2,"3/28/11 12:22",3.75,15033,"United Kingdom"
"547909","84988","SET OF 72 PINK HEART PAPER DOILIES",1,"3/28/11 12:22",1.45,15033,"United Kingdom"
"547909","22151","PLACE SETTING WHITE HEART",10,"3/28/11 12:22",0.42,15033,"United Kingdom"
"547909","22292","HANGING CHICK  YELLOW DECORATION",3,"3/28/11 12:22",1.45,15033,"United Kingdom"
"547909","22291","HANGING CHICK CREAM DECORATION",3,"3/28/11 12:22",1.45,15033,"United Kingdom"
"547909","22293","HANGING CHICK GREEN DECORATION",3,"3/28/11 12:22",1.45,15033,"United Kingdom"
"547909","21314","SMALL GLASS HEART TRINKET POT",4,"3/28/11 12:22",2.1,15033,"United Kingdom"
"547909","22398","MAGNETS PACK OF 4 SWALLOWS",1,"3/28/11 12:22",1.25,15033,"United Kingdom"
"547909","22396","MAGNETS PACK OF 4 RETRO PHOTO",1,"3/28/11 12:22",1.25,15033,"United Kingdom"
"547909","22400","MAGNETS PACK OF 4 HOME SWEET HOME",2,"3/28/11 12:22",1.25,15033,"United Kingdom"
"547909","22399","MAGNETS PACK OF 4 CHILDHOOD MEMORY",1,"3/28/11 12:22",1.25,15033,"United Kingdom"
"547909","22403","MAGNETS PACK OF 4 VINTAGE LABELS",1,"3/28/11 12:22",1.25,15033,"United Kingdom"
"547909","22402","MAGNETS PACK OF 4 VINTAGE COLLAGE",2,"3/28/11 12:22",1.25,15033,"United Kingdom"
"547909","22926","IVORY GIANT GARDEN THERMOMETER",2,"3/28/11 12:22",5.95,15033,"United Kingdom"
"547909","22558","CLOTHES PEGS RETROSPOT PACK 24",4,"3/28/11 12:22",1.49,15033,"United Kingdom"
"547909","22863","SOAP DISH BROCANTE",2,"3/28/11 12:22",2.95,15033,"United Kingdom"
"547909","21382","SET/4 SPRING FLOWER DECORATION",2,"3/28/11 12:22",2.95,15033,"United Kingdom"
"547909","85188A","GREEN METAL SWINGING BUNNY",4,"3/28/11 12:22",0.85,15033,"United Kingdom"
"547909","85186C","BUNNY EGG GARLAND",16,"3/28/11 12:22",0.42,15033,"United Kingdom"
"547909","85187","S/12 MINI RABBIT EASTER",1,"3/28/11 12:22",1.65,15033,"United Kingdom"
"547909","21715","GIRLS VINTAGE TIN SEASIDE BUCKET",5,"3/28/11 12:22",2.55,15033,"United Kingdom"
"547909","21172","PARTY METAL SIGN",3,"3/28/11 12:22",1.45,15033,"United Kingdom"
"547909","21179","NO JUNK MAIL METAL SIGN",3,"3/28/11 12:22",1.25,15033,"United Kingdom"
"547909","21770","OPEN CLOSED METAL SIGN",1,"3/28/11 12:22",4.95,15033,"United Kingdom"
"547909","23180","MUM'S KITCHEN CLOCK",2,"3/28/11 12:22",4.95,15033,"United Kingdom"
"547909","22957","SET 3 PAPER VINTAGE CHICK PAPER EGG",2,"3/28/11 12:22",2.95,15033,"United Kingdom"
"547909","22900","SET 2 TEA TOWELS I LOVE LONDON",1,"3/28/11 12:22",2.95,15033,"United Kingdom"
"547909","85017A","ENVELOPE 50 ROMANTIC IMAGES",3,"3/28/11 12:22",0.85,15033,"United Kingdom"
"547909","22499","WOODEN UNION JACK BUNTING",2,"3/28/11 12:22",5.95,15033,"United Kingdom"
"547909","85214","TUB 24 PINK FLOWER PEGS",2,"3/28/11 12:22",1.65,15033,"United Kingdom"
"547910","21454","PAINTED PINK RABBIT",4,"3/28/11 12:23",0.85,14159,"United Kingdom"
"547910","22250","DECORATION  BUTTERFLY  MAGIC GARDEN",6,"3/28/11 12:23",0.85,14159,"United Kingdom"
"547910","22266","EASTER DECORATION HANGING BUNNY",6,"3/28/11 12:23",0.65,14159,"United Kingdom"
"547910","85194L","HANGING SPRING FLOWER EGG LARGE",3,"3/28/11 12:23",0.85,14159,"United Kingdom"
"547910","21386","IVORY HANGING DECORATION  EGG",3,"3/28/11 12:23",0.85,14159,"United Kingdom"
"547910","22247","BUNNY DECORATION MAGIC GARDEN",6,"3/28/11 12:23",0.85,14159,"United Kingdom"
"547910","22241","GARLAND WOODEN HAPPY EASTER",6,"3/28/11 12:23",1.25,14159,"United Kingdom"
"547910","84457","SET/3 RABBITS FLOWER SKIPPPING ROPE",4,"3/28/11 12:23",0.85,14159,"United Kingdom"
"547910","85186A","EASTER BUNNY GARLAND OF FLOWERS",3,"3/28/11 12:23",0.42,14159,"United Kingdom"
"547910","85186C","BUNNY EGG GARLAND",4,"3/28/11 12:23",0.42,14159,"United Kingdom"
"547910","84452","METAL RABBIT LADDER EASTER",5,"3/28/11 12:23",0.85,14159,"United Kingdom"
"547910","85094","CANDY SPOT EGG WARMER RABBIT",6,"3/28/11 12:23",0.19,14159,"United Kingdom"
"547910","22855","FINE WICKER HEART",4,"3/28/11 12:23",1.25,14159,"United Kingdom"
"547910","21383","PACK OF 12 STICKY BUNNIES",4,"3/28/11 12:23",0.65,14159,"United Kingdom"
"547910","85187","S/12 MINI RABBIT EASTER",3,"3/28/11 12:23",1.65,14159,"United Kingdom"
"547910","21385","IVORY HANGING DECORATION  HEART",10,"3/28/11 12:23",0.85,14159,"United Kingdom"
"547910","85204","HANGING WOOD AND FELT FLOWER",3,"3/28/11 12:23",0.42,14159,"United Kingdom"
"547910","85203","HANGING WOOD AND FELT BUTTERFLY",6,"3/28/11 12:23",0.42,14159,"United Kingdom"
"547910","22252","BIRDCAGE DECORATION TEALIGHT HOLDER",4,"3/28/11 12:23",1.25,14159,"United Kingdom"
"547910","85202","HANGING WOOD AND FELT HEART",8,"3/28/11 12:23",0.42,14159,"United Kingdom"
"547910","84836","ZINC METAL HEART DECORATION",4,"3/28/11 12:23",1.25,14159,"United Kingdom"
"547910","22595","GINGHAM HEART DECORATION",4,"3/28/11 12:23",0.85,14159,"United Kingdom"
"547910","15056BL","EDWARDIAN PARASOL BLACK",1,"3/28/11 12:23",5.95,14159,"United Kingdom"
"547910","85197","SET OF 12 MINI BUNNIES IN A BUCKET",3,"3/28/11 12:23",2.1,14159,"United Kingdom"
"547910","37448","CERAMIC CAKE DESIGN SPOTTED MUG",4,"3/28/11 12:23",1.49,14159,"United Kingdom"
"547910","85049G","CHOCOLATE BOX RIBBONS",1,"3/28/11 12:23",1.25,14159,"United Kingdom"
"547910","85049D","BRIGHT BLUES RIBBONS",1,"3/28/11 12:23",1.25,14159,"United Kingdom"
"547910","85049F","BABY BOOM RIBBONS",1,"3/28/11 12:23",1.25,14159,"United Kingdom"
"547910","85049C","ROMANTIC PINKS RIBBONS",1,"3/28/11 12:23",1.25,14159,"United Kingdom"
"547910","37342","POLKADOT COFFEE CUP & SAUCER PINK",4,"3/28/11 12:23",0.79,14159,"United Kingdom"
"547910","37482P","CUBIC MUG PINK POLKADOT",6,"3/28/11 12:23",0.39,14159,"United Kingdom"
"547910","22891","TEA FOR ONE POLKADOT",1,"3/28/11 12:23",4.25,14159,"United Kingdom"
"547910","21397","BLUE POLKADOT EGG CUP",6,"3/28/11 12:23",0.39,14159,"United Kingdom"
"547910","21401","BLUE PUDDING SPOON",6,"3/28/11 12:23",0.12,14159,"United Kingdom"
"547910","21402","RED  EGG  SPOON",6,"3/28/11 12:23",0.12,14159,"United Kingdom"
"547910","37444C","PINK BREAKFAST CUP AND SAUCER",1,"3/28/11 12:23",0.39,14159,"United Kingdom"
"547910","37444A","YELLOW BREAKFAST CUP AND SAUCER",1,"3/28/11 12:23",0.39,14159,"United Kingdom"
"547910","37444B","BLUE BREAKFAST CUP AND SAUCER",1,"3/28/11 12:23",2.95,14159,"United Kingdom"
"547910","21393","BLUE POLKADOT PUDDING BOWL",6,"3/28/11 12:23",0.39,14159,"United Kingdom"
"547910","37327","ASSTD MULTICOLOUR CIRCLES MUG",12,"3/28/11 12:23",0.39,14159,"United Kingdom"
"547910","21232","STRAWBERRY CERAMIC TRINKET BOX",2,"3/28/11 12:23",1.25,14159,"United Kingdom"
"547910","21166","COOK WITH WINE METAL SIGN",2,"3/28/11 12:23",2.08,14159,"United Kingdom"
"547910","21175","GIN + TONIC DIET METAL SIGN",1,"3/28/11 12:23",2.55,14159,"United Kingdom"
"547910","82583","HOT BATHS METAL SIGN",2,"3/28/11 12:23",2.1,14159,"United Kingdom"
"547910","82581","TOILET METAL SIGN",2,"3/28/11 12:23",0.55,14159,"United Kingdom"
"547910","82580","BATHROOM METAL SIGN",2,"3/28/11 12:23",0.55,14159,"United Kingdom"
"547910","21034","REX CASH+CARRY JUMBO SHOPPER",1,"3/28/11 12:23",0.95,14159,"United Kingdom"
"547910","21398","RED POLKADOT COFFEE  MUG",6,"3/28/11 12:23",0.39,14159,"United Kingdom"
"547910","21399","BLUE POLKADOT COFFEE MUG",6,"3/28/11 12:23",0.39,14159,"United Kingdom"
"547910","21231","SWEETHEART CERAMIC TRINKET BOX",4,"3/28/11 12:23",1.25,14159,"United Kingdom"
"547910","84535B","FAIRY CAKES NOTEBOOK A6 SIZE",2,"3/28/11 12:23",0.65,14159,"United Kingdom"
"547910","84535A","ENGLISH ROSE NOTEBOOK A6 SIZE",2,"3/28/11 12:23",0.65,14159,"United Kingdom"
"547910","84536A","ENGLISH ROSE NOTEBOOK A7 SIZE",2,"3/28/11 12:23",0.42,14159,"United Kingdom"
"547910","84536B","FAIRY CAKES NOTEBOOK A7 SIZE",2,"3/28/11 12:23",0.42,14159,"United Kingdom"
"547910","22907","PACK OF 20 NAPKINS PANTRY DESIGN",2,"3/28/11 12:23",0.85,14159,"United Kingdom"
"547910","47593B","SCOTTIE DOGS BABY BIB",4,"3/28/11 12:23",0.39,14159,"United Kingdom"
"547910","47593A","CAROUSEL PONIES BABY BIB",5,"3/28/11 12:23",0.29,14159,"United Kingdom"
"547910","22979","PANTRY WASHING UP BRUSH",2,"3/28/11 12:23",1.45,14159,"United Kingdom"
"547910","22980","PANTRY SCRUBBING BRUSH",2,"3/28/11 12:23",1.65,14159,"United Kingdom"
"547910","20914","SET/5 RED RETROSPOT LID GLASS BOWLS",3,"3/28/11 12:23",2.95,14159,"United Kingdom"
"547910","84596E","SMALL LICORICE DES PINK BOWL",8,"3/28/11 12:23",0.42,14159,"United Kingdom"
"547910","84596J","MIXED NUTS LIGHT GREEN BOWL",8,"3/28/11 12:23",0.42,14159,"United Kingdom"
"547910","84596F","SMALL MARSHMALLOWS PINK BOWL",8,"3/28/11 12:23",0.42,14159,"United Kingdom"
"547910","84596B","SMALL DOLLY MIX DESIGN ORANGE BOWL",8,"3/28/11 12:23",0.42,14159,"United Kingdom"
"547910","84596G","SMALL CHOCOLATES PINK BOWL",8,"3/28/11 12:23",0.42,14159,"United Kingdom"
"547910","85123A","WHITE HANGING HEART T-LIGHT HOLDER",6,"3/28/11 12:23",2.95,14159,"United Kingdom"
"547910","22804","CANDLEHOLDER PINK HANGING HEART",4,"3/28/11 12:23",2.95,14159,"United Kingdom"
"547910","37500","TEA TIME TEAPOT IN GIFT BOX",2,"3/28/11 12:23",4.95,14159,"United Kingdom"
"547910","22197","SMALL POPCORN HOLDER",20,"3/28/11 12:23",0.85,14159,"United Kingdom"
"547910","37482P","CUBIC MUG PINK POLKADOT",6,"3/28/11 12:23",0.39,14159,"United Kingdom"
"547910","21038","SET/4 MODERN VINTAGE COTTON NAPKINS",2,"3/28/11 12:23",0.79,14159,"United Kingdom"
"547910","21043","APRON MODERN VINTAGE COTTON",2,"3/28/11 12:23",1.95,14159,"United Kingdom"
"547910","22720","SET OF 3 CAKE TINS PANTRY DESIGN",3,"3/28/11 12:23",4.95,14159,"United Kingdom"
"547910","84991","60 TEATIME FAIRY CAKE CASES",3,"3/28/11 12:23",0.55,14159,"United Kingdom"
"547910","22650","CERAMIC PIRATE CHEST MONEY BANK",2,"3/28/11 12:23",1.45,14159,"United Kingdom"
"547910","22645","CERAMIC HEART FAIRY CAKE MONEY BANK",2,"3/28/11 12:23",1.45,14159,"United Kingdom"
"547910","22667","RECIPE BOX RETROSPOT",1,"3/28/11 12:23",2.95,14159,"United Kingdom"
"547910","22507","MEMO BOARD RETROSPOT  DESIGN",1,"3/28/11 12:23",4.95,14159,"United Kingdom"
"547910","22993","SET OF 4 PANTRY JELLY MOULDS",1,"3/28/11 12:23",1.25,14159,"United Kingdom"
"547910","22652","TRAVEL SEWING KIT",2,"3/28/11 12:23",1.65,14159,"United Kingdom"
"547910","15056N","EDWARDIAN PARASOL NATURAL",2,"3/28/11 12:23",5.95,14159,"United Kingdom"
"547910","20716","PARTY FOOD SHOPPER BAG",2,"3/28/11 12:23",1.25,14159,"United Kingdom"
"547910","20718","RED RETROSPOT SHOPPER BAG",2,"3/28/11 12:23",1.25,14159,"United Kingdom"
"547910","20717","STRAWBERRY SHOPPER BAG",2,"3/28/11 12:23",1.25,14159,"United Kingdom"
"547910","22386","JUMBO BAG PINK POLKADOT",2,"3/28/11 12:23",1.95,14159,"United Kingdom"
"547910","85099B","JUMBO BAG RED RETROSPOT",2,"3/28/11 12:23",1.95,14159,"United Kingdom"
"547910","85099F","JUMBO BAG STRAWBERRY",2,"3/28/11 12:23",1.95,14159,"United Kingdom"
"547910","22385","JUMBO BAG SPACEBOY DESIGN",2,"3/28/11 12:23",1.95,14159,"United Kingdom"
"547910","21931","JUMBO STORAGE BAG SUKI",2,"3/28/11 12:23",1.95,14159,"United Kingdom"
"547910","22663","JUMBO BAG DOLLY GIRL DESIGN",2,"3/28/11 12:23",1.95,14159,"United Kingdom"
"547910","22381","TOY TIDY PINK POLKADOT",4,"3/28/11 12:23",2.1,14159,"United Kingdom"
"547910","22379","RECYCLING BAG RETROSPOT",6,"3/28/11 12:23",2.1,14159,"United Kingdom"
"547910","22380","TOY TIDY SPACEBOY",2,"3/28/11 12:23",2.1,14159,"United Kingdom"
"547910","22664","TOY TIDY DOLLY GIRL DESIGN",2,"3/28/11 12:23",2.1,14159,"United Kingdom"
"547910","22355","CHARLOTTE BAG SUKI DESIGN",2,"3/28/11 12:23",0.85,14159,"United Kingdom"
"547910","20723","STRAWBERRY CHARLOTTE BAG",2,"3/28/11 12:23",0.85,14159,"United Kingdom"
"547910","22661","CHARLOTTE BAG DOLLY GIRL DESIGN",2,"3/28/11 12:23",0.85,14159,"United Kingdom"
"547910","20724","RED RETROSPOT CHARLOTTE BAG",2,"3/28/11 12:23",0.85,14159,"United Kingdom"
"547910","22356","CHARLOTTE BAG PINK POLKADOT",2,"3/28/11 12:23",0.85,14159,"United Kingdom"
"547910","22384","LUNCH BAG PINK POLKADOT",3,"3/28/11 12:23",1.65,14159,"United Kingdom"
"547910","22662","LUNCH BAG DOLLY GIRL DESIGN",2,"3/28/11 12:23",1.65,14159,"United Kingdom"
"547910","20725","LUNCH BAG RED RETROSPOT",3,"3/28/11 12:23",1.65,14159,"United Kingdom"
"547910","20727","LUNCH BAG  BLACK SKULL.",2,"3/28/11 12:23",1.65,14159,"United Kingdom"
"547910","20728","LUNCH BAG CARS BLUE",2,"3/28/11 12:23",1.65,14159,"United Kingdom"
"547910","22382","LUNCH BAG SPACEBOY DESIGN",2,"3/28/11 12:23",1.65,14159,"United Kingdom"
"547910","22383","LUNCH BAG SUKI DESIGN",2,"3/28/11 12:23",1.65,14159,"United Kingdom"
"547910","21428","SET3 BOOK BOX GREEN GINGHAM FLOWER",1,"3/28/11 12:23",4.25,14159,"United Kingdom"
"547910","21430","SET/3 RED GINGHAM ROSE STORAGE BOX",1,"3/28/11 12:23",3.75,14159,"United Kingdom"
"547910","84596L","BISCUITS SMALL BOWL LIGHT BLUE",8,"3/28/11 12:23",0.42,14159,"United Kingdom"
"547910","22993","SET OF 4 PANTRY JELLY MOULDS",1,"3/28/11 12:23",1.25,14159,"United Kingdom"
"547910","22505","MEMO BOARD COTTAGE DESIGN",1,"3/28/11 12:23",4.95,14159,"United Kingdom"
"547910","15060B","FAIRY CAKE DESIGN UMBRELLA",3,"3/28/11 12:23",3.75,14159,"United Kingdom"
"547910","22068","BLACK PIRATE TREASURE CHEST",2,"3/28/11 12:23",1.65,14159,"United Kingdom"
"547910","22722","SET OF 6 SPICE TINS PANTRY DESIGN",2,"3/28/11 12:23",3.95,14159,"United Kingdom"
"547910","22666","RECIPE BOX PANTRY YELLOW DESIGN",1,"3/28/11 12:23",2.95,14159,"United Kingdom"
"547910","22665","RECIPE BOX BLUE SKETCHBOOK DESIGN",1,"3/28/11 12:23",2.95,14159,"United Kingdom"
"547910","22721","SET OF 3 CAKE TINS SKETCHBOOK",1,"3/28/11 12:23",4.95,14159,"United Kingdom"
"547910","22723","SET OF 6 HERB TINS SKETCHBOOK",1,"3/28/11 12:23",3.95,14159,"United Kingdom"
"547911","46000R","POLYESTER FILLER PAD 45x30cm",2,"3/28/11 12:25",1.45,14127,"United Kingdom"
"547911","21198","WHITE HEART CONFETTI IN TUBE",12,"3/28/11 12:25",1.65,14127,"United Kingdom"
"547911","20685","DOORMAT RED RETROSPOT",2,"3/28/11 12:25",7.95,14127,"United Kingdom"
"547911","21524","DOORMAT SPOTTY HOME SWEET HOME",2,"3/28/11 12:25",7.95,14127,"United Kingdom"
"547911","21955","DOORMAT UNION JACK GUNS AND ROSES",2,"3/28/11 12:25",7.95,14127,"United Kingdom"
"547911","22365","DOORMAT RESPECTABLE HOUSE",2,"3/28/11 12:25",7.95,14127,"United Kingdom"
"547911","48185","DOORMAT FAIRY CAKE",2,"3/28/11 12:25",7.95,14127,"United Kingdom"
"547911","48194","DOORMAT HEARTS",2,"3/28/11 12:25",7.95,14127,"United Kingdom"
"547911","85099B","JUMBO BAG RED RETROSPOT",10,"3/28/11 12:25",1.95,14127,"United Kingdom"
"547912","22526","WHEELBARROW FOR CHILDREN",1,"3/28/11 12:27",12.75,18010,"United Kingdom"
"547912","22825","DECORATIVE PLANT POT WITH FRIEZE",8,"3/28/11 12:27",7.95,18010,"United Kingdom"
"547912","22849","BREAD BIN DINER STYLE MINT",1,"3/28/11 12:27",16.95,18010,"United Kingdom"
"547912","21472","LADYBIRD + BEE RAFFIA FOOD COVER",2,"3/28/11 12:27",3.75,18010,"United Kingdom"
"547912","22982","PANTRY PASTRY BRUSH",2,"3/28/11 12:27",1.25,18010,"United Kingdom"
"547912","20974","12 PENCILS SMALL TUBE SKULL",4,"3/28/11 12:27",0.65,18010,"United Kingdom"
"547912","20975","12 PENCILS SMALL TUBE RED RETROSPOT",4,"3/28/11 12:27",0.65,18010,"United Kingdom"
"547912","21894","POTTING SHED SEED ENVELOPES",20,"3/28/11 12:27",1.25,18010,"United Kingdom"
"547912","21891","TRADITIONAL WOODEN SKIPPING ROPE",3,"3/28/11 12:27",1.25,18010,"United Kingdom"
"547912","22481","BLACK TEA TOWEL CLASSIC DESIGN",6,"3/28/11 12:27",1.25,18010,"United Kingdom"
"547912","22776","SWEETHEART CAKESTAND 3 TIER",1,"3/28/11 12:27",9.95,18010,"United Kingdom"
"547912","22894","TABLECLOTH RED APPLES DESIGN",1,"3/28/11 12:27",9.95,18010,"United Kingdom"
"547912","22082","RIBBON REEL STRIPES DESIGN",5,"3/28/11 12:27",1.65,18010,"United Kingdom"
"547912","21034","REX CASH+CARRY JUMBO SHOPPER",2,"3/28/11 12:27",0.95,18010,"United Kingdom"
"C547913","POST","POSTAGE",-1,"3/28/11 12:34",13.39,,"United Kingdom"
"C547913","M","Manual",-1,"3/28/11 12:34",325,,"United Kingdom"
"547914","22139","RETROSPOT TEA SET CERAMIC 11 PC",6,"3/28/11 12:35",4.95,12594,"Italy"
"547914","22554","PLASTERS IN TIN WOODLAND ANIMALS",12,"3/28/11 12:35",1.65,12594,"Italy"
"547914","22556","PLASTERS IN TIN CIRCUS PARADE",12,"3/28/11 12:35",1.65,12594,"Italy"
"547914","20719","WOODLAND CHARLOTTE BAG",30,"3/28/11 12:35",0.85,12594,"Italy"
"547914","22326","ROUND SNACK BOXES SET OF4 WOODLAND",12,"3/28/11 12:35",2.95,12594,"Italy"
"547914","22466","FAIRY TALE COTTAGE NIGHTLIGHT",12,"3/28/11 12:35",1.95,12594,"Italy"
"547914","21931","JUMBO STORAGE BAG SUKI",10,"3/28/11 12:35",1.95,12594,"Italy"
"547914","20724","RED RETROSPOT CHARLOTTE BAG",20,"3/28/11 12:35",0.85,12594,"Italy"
"547914","22898","CHILDRENS APRON APPLES DESIGN",16,"3/28/11 12:35",1.95,12594,"Italy"
"547914","84375","SET OF 20 KIDS COOKIE CUTTERS",12,"3/28/11 12:35",2.1,12594,"Italy"
"547914","22966","GINGERBREAD MAN COOKIE CUTTER",12,"3/28/11 12:35",1.25,12594,"Italy"
"547914","23176","ABC TREASURE BOOK BOX",8,"3/28/11 12:35",2.25,12594,"Italy"
"547914","POST","POSTAGE",1,"3/28/11 12:35",18,12594,"Italy"
"C547915","POST","POSTAGE",-1,"3/28/11 12:37",29.7,,"United Kingdom"
"C547915","M","Manual",-1,"3/28/11 12:37",165.29,,"United Kingdom"
"547916","22459",,-36,"3/28/11 12:46",0,,"United Kingdom"
"547917","21898",,6,"3/28/11 12:46",0,,"United Kingdom"
"547918","22720","SET OF 3 CAKE TINS PANTRY DESIGN",3,"3/28/11 12:49",4.95,15249,"United Kingdom"
"547918","22722","SET OF 6 SPICE TINS PANTRY DESIGN",4,"3/28/11 12:49",3.95,15249,"United Kingdom"
"547918","22973","CHILDREN'S CIRCUS PARADE MUG",12,"3/28/11 12:49",1.65,15249,"United Kingdom"
"547918","22595","GINGHAM HEART DECORATION",12,"3/28/11 12:49",0.85,15249,"United Kingdom"
"547918","47566","PARTY BUNTING",12,"3/28/11 12:49",4.95,15249,"United Kingdom"
"547918","48194","DOORMAT HEARTS",4,"3/28/11 12:49",7.95,15249,"United Kingdom"
"547918","22457","NATURAL SLATE HEART CHALKBOARD",6,"3/28/11 12:49",2.95,15249,"United Kingdom"
"547918","84843","WHITE SOAP RACK WITH 2 BOTTLES",4,"3/28/11 12:49",5.95,15249,"United Kingdom"
"547918","22361","GLASS JAR DAISY FRESH COTTON WOOL",6,"3/28/11 12:49",2.95,15249,"United Kingdom"
"547918","22362","GLASS JAR PEACOCK BATH SALTS",6,"3/28/11 12:49",2.95,15249,"United Kingdom"
"547918","22364","GLASS JAR DIGESTIVE BISCUITS",6,"3/28/11 12:49",2.95,15249,"United Kingdom"
"547918","84030E","ENGLISH ROSE HOT WATER BOTTLE",4,"3/28/11 12:49",4.25,15249,"United Kingdom"
"547918","22113","GREY HEART HOT WATER BOTTLE",4,"3/28/11 12:49",3.75,15249,"United Kingdom"
"547918","22112","CHOCOLATE HOT WATER BOTTLE",3,"3/28/11 12:49",4.95,15249,"United Kingdom"
"547918","22831","WHITE BROCANTE SOAP DISH",6,"3/28/11 12:49",2.95,15249,"United Kingdom"
"547918","22863","SOAP DISH BROCANTE",8,"3/28/11 12:49",2.95,15249,"United Kingdom"
"547918","35915B","BLUE KNITTED HEN",6,"3/28/11 12:49",1.65,15249,"United Kingdom"
"547918","21456","2 PICTURE BOOK EGGS EASTER CHICKS",12,"3/28/11 12:49",1.25,15249,"United Kingdom"
"547918","22285","HANGING HEN ON NEST DECORATION",12,"3/28/11 12:49",1.65,15249,"United Kingdom"
"547918","48188","DOORMAT WELCOME PUPPIES",2,"3/28/11 12:49",7.95,15249,"United Kingdom"
"547918","21524","DOORMAT SPOTTY HOME SWEET HOME",2,"3/28/11 12:49",7.95,15249,"United Kingdom"
"547918","22487","WHITE WOOD GARDEN PLANT LADDER",1,"3/28/11 12:49",9.95,15249,"United Kingdom"
"547918","22430","ENAMEL WATERING CAN CREAM",4,"3/28/11 12:49",4.95,15249,"United Kingdom"
"547918","22569","FELTCRAFT CUSHION BUTTERFLY",4,"3/28/11 12:49",3.75,15249,"United Kingdom"
"547918","22960","JAM MAKING SET WITH JARS",6,"3/28/11 12:49",4.25,15249,"United Kingdom"
"547918","21672","WHITE SPOT RED CERAMIC DRAWER KNOB",12,"3/28/11 12:49",1.25,15249,"United Kingdom"
"547918","21670","BLUE SPOT CERAMIC DRAWER KNOB",12,"3/28/11 12:49",1.25,15249,"United Kingdom"
"547918","22771","CLEAR DRAWER KNOB ACRYLIC EDWARDIAN",12,"3/28/11 12:49",1.25,15249,"United Kingdom"
"547918","21135","VICTORIAN  METAL POSTCARD SPRING",8,"3/28/11 12:49",1.69,15249,"United Kingdom"
"547918","22219","LOVEBIRD HANGING DECORATION WHITE",12,"3/28/11 12:49",0.85,15249,"United Kingdom"
"547918","22597","MUSICAL ZINC HEART DECORATION",12,"3/28/11 12:49",0.85,15249,"United Kingdom"
"547918","21754","HOME BUILDING BLOCK WORD",3,"3/28/11 12:49",5.95,15249,"United Kingdom"
"547918","21216","SET 3 RETROSPOT TEA,COFFEE,SUGAR",4,"3/28/11 12:49",4.95,15249,"United Kingdom"
"547918","20725","LUNCH BAG RED RETROSPOT",10,"3/28/11 12:49",1.65,15249,"United Kingdom"
"547918","20728","LUNCH BAG CARS BLUE",10,"3/28/11 12:49",1.65,15249,"United Kingdom"
"547918","22383","LUNCH BAG SUKI DESIGN",10,"3/28/11 12:49",1.65,15249,"United Kingdom"
"547918","84919","BLUE CUSHION COVER WITH FLOWER",2,"3/28/11 12:49",6.95,15249,"United Kingdom"
"547918","46000S","POLYESTER FILLER PAD 40x40cm",14,"3/28/11 12:49",1.45,15249,"United Kingdom"
"547918","84906","PINK B'FLY C/COVER W BOBBLES",2,"3/28/11 12:49",5.95,15249,"United Kingdom"
"547918","46000U","POLYESTER FILLER PAD 30CMx30CM",2,"3/28/11 12:49",1.25,15249,"United Kingdom"
"547918","20973","12 PENCIL SMALL TUBE WOODLAND",24,"3/28/11 12:49",0.65,15249,"United Kingdom"
"547918","20974","12 PENCILS SMALL TUBE SKULL",24,"3/28/11 12:49",0.65,15249,"United Kingdom"
"547918","22669","RED BABY BUNTING",5,"3/28/11 12:49",2.95,15249,"United Kingdom"
"547918","22668","PINK BABY BUNTING",5,"3/28/11 12:49",2.95,15249,"United Kingdom"
"547918","21069","VINTAGE BILLBOARD TEA MUG",12,"3/28/11 12:49",1.25,15249,"United Kingdom"
"547918","21868","POTTING SHED TEA MUG",12,"3/28/11 12:49",1.25,15249,"United Kingdom"
"547918","21071","VINTAGE BILLBOARD DRINK ME MUG",12,"3/28/11 12:49",1.25,15249,"United Kingdom"
"547918","21067","VINTAGE RED TEATIME MUG",12,"3/28/11 12:49",1.25,15249,"United Kingdom"
"547918","37370","RETRO COFFEE MUGS ASSORTED",12,"3/28/11 12:49",1.25,15249,"United Kingdom"
"547918","22860","EASTER TIN CHICKS PINK DAISY",6,"3/28/11 12:49",1.65,15249,"United Kingdom"
"547918","35912B","WHITE/PINK CHICK DECORATION",12,"3/28/11 12:49",1.25,15249,"United Kingdom"
"547918","22968","ROSE COTTAGE KEEPSAKE BOX",2,"3/28/11 12:49",9.95,15249,"United Kingdom"
"547918","22502","PICNIC BASKET WICKER SMALL",4,"3/28/11 12:49",5.95,15249,"United Kingdom"
"547918","21090","SET/6 COLLAGE PAPER PLATES",12,"3/28/11 12:49",0.85,15249,"United Kingdom"
"547918","21084","SET/6 COLLAGE PAPER CUPS",12,"3/28/11 12:49",0.65,15249,"United Kingdom"
"547918","22894","TABLECLOTH RED APPLES DESIGN",2,"3/28/11 12:49",9.95,15249,"United Kingdom"
"547918","21043","APRON MODERN VINTAGE COTTON",12,"3/28/11 12:49",1.95,15249,"United Kingdom"
"547918","22585","PACK OF 6 BIRDY GIFT TAGS",12,"3/28/11 12:49",1.25,15249,"United Kingdom"
"547918","85032A","ROMANTIC IMAGES GIFT WRAP SET",6,"3/28/11 12:49",2.1,15249,"United Kingdom"
"547918","85032B","BLOSSOM IMAGES GIFT WRAP SET",6,"3/28/11 12:49",2.1,15249,"United Kingdom"
"547919","22933","BAKING MOULD EASTER EGG MILK CHOC",1,"3/28/11 12:52",2.95,13760,"United Kingdom"
"547919","22930","BAKING MOULD HEART MILK CHOCOLATE",1,"3/28/11 12:52",2.55,13760,"United Kingdom"
"547919","22088","PAPER BUNTING COLOURED LACE",1,"3/28/11 12:52",2.95,13760,"United Kingdom"
"547919","21357","TOAST ITS - DINOSAUR",1,"3/28/11 12:52",1.25,13760,"United Kingdom"
"547919","85093","CANDY SPOT EGG WARMER HARE",8,"3/28/11 12:52",0.39,13760,"United Kingdom"
"547919","22246","MAGIC GARDEN FELT GARLAND",4,"3/28/11 12:52",1.95,13760,"United Kingdom"
"547919","22957","SET 3 PAPER VINTAGE CHICK PAPER EGG",1,"3/28/11 12:52",2.95,13760,"United Kingdom"
"547919","22291","HANGING CHICK CREAM DECORATION",2,"3/28/11 12:52",1.45,13760,"United Kingdom"
"547919","22293","HANGING CHICK GREEN DECORATION",2,"3/28/11 12:52",1.45,13760,"United Kingdom"
"547919","22292","HANGING CHICK  YELLOW DECORATION",2,"3/28/11 12:52",1.45,13760,"United Kingdom"
"547919","22241","GARLAND WOODEN HAPPY EASTER",1,"3/28/11 12:52",1.25,13760,"United Kingdom"
"547919","22553","PLASTERS IN TIN SKULLS",1,"3/28/11 12:52",1.65,13760,"United Kingdom"
"547919","21213","PACK OF 72 SKULL CAKE CASES",1,"3/28/11 12:52",0.55,13760,"United Kingdom"
"547919","21975","PACK OF 60 DINOSAUR CAKE CASES",1,"3/28/11 12:52",0.55,13760,"United Kingdom"
"547919","22858","EASTER TIN KEEPSAKE",4,"3/28/11 12:52",1.65,13760,"United Kingdom"
"547919","84247N","PACK/12 BLUE FOLKART CARDS",1,"3/28/11 12:52",2.95,13760,"United Kingdom"
"547919","21506","FANCY FONT BIRTHDAY CARD,",12,"3/28/11 12:52",0.42,13760,"United Kingdom"
"547919","84247K","FOLK ART GREETING CARD,pack/12",1,"3/28/11 12:52",2.95,13760,"United Kingdom"
"547919","22037","ROBOT BIRTHDAY CARD",12,"3/28/11 12:52",0.42,13760,"United Kingdom"
"547919","84692","BOX OF 24 COCKTAIL PARASOLS",1,"3/28/11 12:52",0.42,13760,"United Kingdom"
"547919","22302","COFFEE MUG PEARS  DESIGN",3,"3/28/11 12:52",2.55,13760,"United Kingdom"
"547919","22301","COFFEE MUG CAT + BIRD DESIGN",3,"3/28/11 12:52",2.55,13760,"United Kingdom"
"547919","21038","SET/4 MODERN VINTAGE COTTON NAPKINS",3,"3/28/11 12:52",0.79,13760,"United Kingdom"
"547919","22961","JAM MAKING SET PRINTED",10,"3/28/11 12:52",1.45,13760,"United Kingdom"
"547919","22895","SET OF 2 TEA TOWELS APPLE AND PEARS",4,"3/28/11 12:52",2.95,13760,"United Kingdom"
"547919","22148","EASTER CRAFT 4 CHICKS",4,"3/28/11 12:52",1.95,13760,"United Kingdom"
"547919","22084","PAPER CHAIN KIT EMPIRE",7,"3/28/11 12:52",2.95,13760,"United Kingdom"
"547919","22908","PACK OF 20 NAPKINS RED APPLES",4,"3/28/11 12:52",0.85,13760,"United Kingdom"
"547920","21031","SPACE CADET BLACK",1,"3/28/11 12:52",1.25,14730,"United Kingdom"
"547920","47590B","PINK HAPPY BIRTHDAY BUNTING",1,"3/28/11 12:52",5.45,14730,"United Kingdom"
"547920","84531A","PINK KNITTED EGG COSY",7,"3/28/11 12:52",0.39,14730,"United Kingdom"
"547920","84836","ZINC METAL HEART DECORATION",8,"3/28/11 12:52",1.25,14730,"United Kingdom"
"547920","85028L","FRENCH CHATEAU LARGE FRUIT BOWL",2,"3/28/11 12:52",1.95,14730,"United Kingdom"
"547920","85028S","FRENCH CHATEAU SMALL FRUITBOWL",2,"3/28/11 12:52",1.95,14730,"United Kingdom"
"547920","84978","HANGING HEART JAR T-LIGHT HOLDER",3,"3/28/11 12:52",1.25,14730,"United Kingdom"
"547920","84970S","HANGING HEART ZINC T-LIGHT HOLDER",12,"3/28/11 12:52",0.85,14730,"United Kingdom"
"547920","22082","RIBBON REEL STRIPES DESIGN",2,"3/28/11 12:52",1.65,14730,"United Kingdom"
"547920","85053","FRENCH ENAMEL CANDLEHOLDER",3,"3/28/11 12:52",2.1,14730,"United Kingdom"
"547920","82482","WOODEN PICTURE FRAME WHITE FINISH",3,"3/28/11 12:52",2.55,14730,"United Kingdom"
"547920","47566","PARTY BUNTING",1,"3/28/11 12:52",4.95,14730,"United Kingdom"
"547920","84755","COLOUR GLASS T-LIGHT HOLDER HANGING",8,"3/28/11 12:52",0.65,14730,"United Kingdom"
"547920","85027L","FRENCH CHATEAU LARGE PLATTER",3,"3/28/11 12:52",1.95,14730,"United Kingdom"
"547920","21043","APRON MODERN VINTAGE COTTON",5,"3/28/11 12:52",1.95,14730,"United Kingdom"
"547920","21038","SET/4 MODERN VINTAGE COTTON NAPKINS",5,"3/28/11 12:52",0.79,14730,"United Kingdom"
"547920","47559B","TEA TIME OVEN GLOVE",4,"3/28/11 12:52",1.25,14730,"United Kingdom"
"547920","84380","SET OF 3 BUTTERFLY COOKIE CUTTERS",3,"3/28/11 12:52",1.25,14730,"United Kingdom"
"547920","22494","EMERGENCY FIRST AID TIN",3,"3/28/11 12:52",1.25,14730,"United Kingdom"
"547920","84849D","HOT BATHS SOAP HOLDER",2,"3/28/11 12:52",1.69,14730,"United Kingdom"
"547920","21977","PACK OF 60 PINK PAISLEY CAKE CASES",4,"3/28/11 12:52",0.55,14730,"United Kingdom"
"547920","22358","KINGS CHOICE TEA CADDY",1,"3/28/11 12:52",2.95,14730,"United Kingdom"
"547920","22441","GROW YOUR OWN BASIL IN ENAMEL MUG",3,"3/28/11 12:52",2.1,14730,"United Kingdom"
"547920","21034","REX CASH+CARRY JUMBO SHOPPER",1,"3/28/11 12:52",0.95,14730,"United Kingdom"
"547921","85169A","IVORY LOVE BIRD CANDLE",12,"3/28/11 13:28",1.25,14766,"United Kingdom"
"547921","22722","SET OF 6 SPICE TINS PANTRY DESIGN",4,"3/28/11 13:28",3.95,14766,"United Kingdom"
"547921","85123A","WHITE HANGING HEART T-LIGHT HOLDER",12,"3/28/11 13:28",2.95,14766,"United Kingdom"
"547921","20728","LUNCH BAG CARS BLUE",10,"3/28/11 13:28",1.65,14766,"United Kingdom"
"547921","22993","SET OF 4 PANTRY JELLY MOULDS",12,"3/28/11 13:28",1.25,14766,"United Kingdom"
"547921","23050","RECYCLED ACAPULCO MAT GREEN",2,"3/28/11 13:28",8.25,14766,"United Kingdom"
"547921","23052","RECYCLED ACAPULCO MAT TURQUOISE",2,"3/28/11 13:28",8.25,14766,"United Kingdom"
"547921","23054","RECYCLED ACAPULCO MAT LAVENDER",2,"3/28/11 13:28",8.25,14766,"United Kingdom"
"547921","21400","RED PUDDING SPOON",24,"3/28/11 13:28",0.12,14766,"United Kingdom"
"547921","21401","BLUE PUDDING SPOON",24,"3/28/11 13:28",0.12,14766,"United Kingdom"
"547921","84531B","BLUE KNITTED EGG COSY",12,"3/28/11 13:28",0.39,14766,"United Kingdom"
"547921","84531A","PINK KNITTED EGG COSY",12,"3/28/11 13:28",0.39,14766,"United Kingdom"
"547921","84625A","PINK NEW BAROQUECANDLESTICK CANDLE",24,"3/28/11 13:28",0.85,14766,"United Kingdom"
"547921","85093","CANDY SPOT EGG WARMER HARE",48,"3/28/11 13:28",0.39,14766,"United Kingdom"
"547921","22916","HERB MARKER THYME",12,"3/28/11 13:28",0.65,14766,"United Kingdom"
"547921","22920","HERB MARKER BASIL",12,"3/28/11 13:28",0.65,14766,"United Kingdom"
"547921","22918","HERB MARKER PARSLEY",12,"3/28/11 13:28",0.65,14766,"United Kingdom"
"547921","22558","CLOTHES PEGS RETROSPOT PACK 24",12,"3/28/11 13:28",1.49,14766,"United Kingdom"
"547921","21936","RED RETROSPOT PICNIC BAG",5,"3/28/11 13:28",2.95,14766,"United Kingdom"
"547921","21080","SET/20 RED RETROSPOT PAPER NAPKINS",12,"3/28/11 13:28",0.85,14766,"United Kingdom"
"547921","22329","ROUND CONTAINER SET OF 5 RETROSPOT",12,"3/28/11 13:28",1.65,14766,"United Kingdom"
"547921","21318","GLASS CHALICE BLUE SMALL",6,"3/28/11 13:28",1.65,14766,"United Kingdom"
"547921","21658","GLASS  BEURRE DISH",4,"3/28/11 13:28",3.95,14766,"United Kingdom"
"547921","21210","SET OF 72 RETROSPOT PAPER  DOILIES",12,"3/28/11 13:28",1.45,14766,"United Kingdom"
"547921","79030D","TUMBLER, BAROQUE",6,"3/28/11 13:28",1.65,14766,"United Kingdom"
"547921","79030G","TUMBLER, NEW ENGLAND",12,"3/28/11 13:28",1.65,14766,"United Kingdom"
"547921","84279B","CHERRY BLOSSOM DECORATIVE FLASK",4,"3/28/11 13:28",3.75,14766,"United Kingdom"
"547921","21470","FLOWER VINE RAFFIA FOOD COVER",6,"3/28/11 13:28",3.75,14766,"United Kingdom"
"547921","22961","JAM MAKING SET PRINTED",24,"3/28/11 13:28",1.45,14766,"United Kingdom"
"547921","82494L","WOODEN FRAME ANTIQUE WHITE",12,"3/28/11 13:28",2.95,14766,"United Kingdom"
"547921","22457","NATURAL SLATE HEART CHALKBOARD",6,"3/28/11 13:28",2.95,14766,"United Kingdom"
"547921","22771","CLEAR DRAWER KNOB ACRYLIC EDWARDIAN",12,"3/28/11 13:28",1.25,14766,"United Kingdom"
"547921","22774","RED DRAWER KNOB ACRYLIC EDWARDIAN",12,"3/28/11 13:28",1.25,14766,"United Kingdom"
"547921","21670","BLUE SPOT CERAMIC DRAWER KNOB",12,"3/28/11 13:28",1.25,14766,"United Kingdom"
"547921","21668","RED STRIPE CERAMIC DRAWER KNOB",12,"3/28/11 13:28",1.25,14766,"United Kingdom"
"547921","22499","WOODEN UNION JACK BUNTING",3,"3/28/11 13:28",5.95,14766,"United Kingdom"
"547921","22087","PAPER BUNTING WHITE LACE",6,"3/28/11 13:28",2.95,14766,"United Kingdom"
"547921","84879","ASSORTED COLOUR BIRD ORNAMENT",16,"3/28/11 13:28",1.69,14766,"United Kingdom"
"547921","84625C","BLUE NEW BAROQUE CANDLESTICK CANDLE",24,"3/28/11 13:28",0.85,14766,"United Kingdom"
"547922","22464","HANGING METAL HEART LANTERN",12,"3/28/11 13:32",1.65,15624,"United Kingdom"
"547922","21755","LOVE BUILDING BLOCK WORD",3,"3/28/11 13:32",5.95,15624,"United Kingdom"
"547922","22485","SET OF 2 WOODEN MARKET CRATES",2,"3/28/11 13:32",12.75,15624,"United Kingdom"
"547922","22487","WHITE WOOD GARDEN PLANT LADDER",1,"3/28/11 13:32",9.95,15624,"United Kingdom"
"547922","21622","VINTAGE UNION JACK CUSHION COVER",4,"3/28/11 13:32",4.95,15624,"United Kingdom"
"547922","21926","RED/CREAM STRIPE CUSHION COVER",12,"3/28/11 13:32",1.25,15624,"United Kingdom"
"547922","21626","VINTAGE UNION JACK PENNANT",12,"3/28/11 13:32",1.95,15624,"United Kingdom"
"547922","22499","WOODEN UNION JACK BUNTING",3,"3/28/11 13:32",5.95,15624,"United Kingdom"
"547922","22611","VINTAGE UNION JACK SHOPPING BAG",3,"3/28/11 13:32",4.95,15624,"United Kingdom"
"547922","21623","VINTAGE UNION JACK MEMOBOARD",2,"3/28/11 13:32",9.95,15624,"United Kingdom"
"547923","22602","RETROSPOT WOODEN HEART DECORATION",12,"3/28/11 13:35",0.85,14344,"United Kingdom"
"547923","21391","FRENCH LAVENDER SCENT HEART",6,"3/28/11 13:35",2.1,14344,"United Kingdom"
"547923","22854","CREAM SWEETHEART EGG HOLDER",4,"3/28/11 13:35",4.95,14344,"United Kingdom"
"547923","22803","IVORY EMBROIDERED QUILT",1,"3/28/11 13:35",39.95,14344,"United Kingdom"
"547924","22423","REGENCY CAKESTAND 3 TIER",1,"3/28/11 13:39",12.75,17749,"United Kingdom"
"547924","84879","ASSORTED COLOUR BIRD ORNAMENT",16,"3/28/11 13:39",1.69,17749,"United Kingdom"
"547924","22854","CREAM SWEETHEART EGG HOLDER",4,"3/28/11 13:39",4.95,17749,"United Kingdom"
"547924","21314","SMALL GLASS HEART TRINKET POT",8,"3/28/11 13:39",2.1,17749,"United Kingdom"
"547924","84971S","SMALL HEART FLOWERS HOOK",24,"3/28/11 13:39",0.85,17749,"United Kingdom"
"547924","22173","METAL 4 HOOK HANGER FRENCH CHATEAU",8,"3/28/11 13:39",2.95,17749,"United Kingdom"
"547924","22082","RIBBON REEL STRIPES DESIGN",3,"3/28/11 13:39",1.65,17749,"United Kingdom"
"547924","82578","KITCHEN METAL SIGN",12,"3/28/11 13:39",0.55,17749,"United Kingdom"
"547924","22585","PACK OF 6 BIRDY GIFT TAGS",12,"3/28/11 13:39",1.25,17749,"United Kingdom"
"547924","22857","ASSORTED EASTER GIFT TAGS",12,"3/28/11 13:39",0.85,17749,"United Kingdom"
"547924","22957","SET 3 PAPER VINTAGE CHICK PAPER EGG",6,"3/28/11 13:39",2.95,17749,"United Kingdom"
"547924","22291","HANGING CHICK CREAM DECORATION",24,"3/28/11 13:39",1.45,17749,"United Kingdom"
"547924","48187","DOORMAT NEW ENGLAND",2,"3/28/11 13:39",7.95,17749,"United Kingdom"
"547924","21397","BLUE POLKADOT EGG CUP",48,"3/28/11 13:39",0.39,17749,"United Kingdom"
"547924","22171","3 HOOK PHOTO SHELF ANTIQUE WHITE",2,"3/28/11 13:39",8.5,17749,"United Kingdom"
"547924","21457","2 PICTURE BOOK EGGS EASTER DUCKS",12,"3/28/11 13:39",1.25,17749,"United Kingdom"
"547924","21385","IVORY HANGING DECORATION  HEART",24,"3/28/11 13:39",0.85,17749,"United Kingdom"
"547924","22668","PINK BABY BUNTING",5,"3/28/11 13:39",2.95,17749,"United Kingdom"
"547924","47566","PARTY BUNTING",4,"3/28/11 13:39",4.95,17749,"United Kingdom"
"547924","22212","FOUR HOOK  WHITE LOVEBIRDS",6,"3/28/11 13:39",2.1,17749,"United Kingdom"
"547924","22595","GINGHAM HEART DECORATION",12,"3/28/11 13:39",0.85,17749,"United Kingdom"
"547924","85129D","BEADED CRYSTAL HEART PINK SMALL",12,"3/28/11 13:39",1.25,17749,"United Kingdom"
"547925","22957","SET 3 PAPER VINTAGE CHICK PAPER EGG",6,"3/28/11 13:57",2.95,12481,"Germany"
"547925","22585","PACK OF 6 BIRDY GIFT TAGS",24,"3/28/11 13:57",1.25,12481,"Germany"
"547925","22813","PACK 3 BOXES BIRD PANNETONE",12,"3/28/11 13:57",1.95,12481,"Germany"
"547925","22999","TRAVEL CARD WALLET RETRO PETALS",24,"3/28/11 13:57",0.42,12481,"Germany"
"547925","23004","TRAVEL CARD WALLET PANTRY",24,"3/28/11 13:57",0.42,12481,"Germany"
"547925","23232","WRAP VINTAGE PETALS  DESIGN",25,"3/28/11 13:57",0.42,12481,"Germany"
"547925","20719","WOODLAND CHARLOTTE BAG",20,"3/28/11 13:57",0.85,12481,"Germany"
"547925","15036","ASSORTED COLOURS SILK FAN",24,"3/28/11 13:57",0.75,12481,"Germany"
"547925","22534","MAGIC DRAWING SLATE SPACEBOY",24,"3/28/11 13:57",0.42,12481,"Germany"
"547925","22531","MAGIC DRAWING SLATE CIRCUS PARADE",24,"3/28/11 13:57",0.42,12481,"Germany"
"547925","21914","BLUE HARMONICA IN BOX",12,"3/28/11 13:57",1.25,12481,"Germany"
"547925","22895","SET OF 2 TEA TOWELS APPLE AND PEARS",12,"3/28/11 13:57",2.95,12481,"Germany"
"547925","21915","RED  HARMONICA IN BOX",12,"3/28/11 13:57",1.25,12481,"Germany"
"547925","22637","PIGGY BANK RETROSPOT",12,"3/28/11 13:57",2.55,12481,"Germany"
"547925","22730","ALARM CLOCK BAKELIKE IVORY",4,"3/28/11 13:57",3.75,12481,"Germany"
"547925","22849","BREAD BIN DINER STYLE MINT",2,"3/28/11 13:57",16.95,12481,"Germany"
"547925","22726","ALARM CLOCK BAKELIKE GREEN",4,"3/28/11 13:57",3.75,12481,"Germany"
"547925","22969","HOMEMADE JAM SCENTED CANDLES",12,"3/28/11 13:57",1.45,12481,"Germany"
"547925","22989","SET 2 PANTRY DESIGN TEA TOWELS",12,"3/28/11 13:57",3.25,12481,"Germany"
"547925","22961","JAM MAKING SET PRINTED",24,"3/28/11 13:57",1.45,12481,"Germany"
"547925","22907","PACK OF 20 NAPKINS PANTRY DESIGN",24,"3/28/11 13:57",0.85,12481,"Germany"
"547925","22178","VICTORIAN GLASS HANGING T-LIGHT",24,"3/28/11 13:57",1.25,12481,"Germany"
"547925","84879","ASSORTED COLOUR BIRD ORNAMENT",16,"3/28/11 13:57",1.69,12481,"Germany"
"547925","22520","CHILDS GARDEN TROWEL BLUE",12,"3/28/11 13:57",0.85,12481,"Germany"
"547925","22521","CHILDS GARDEN TROWEL PINK",12,"3/28/11 13:57",0.85,12481,"Germany"
"547925","22525","CHILDRENS GARDEN GLOVES PINK",10,"3/28/11 13:57",1.25,12481,"Germany"
"547925","22524","CHILDRENS GARDEN GLOVES BLUE",10,"3/28/11 13:57",1.25,12481,"Germany"
"547925","POST","POSTAGE",4,"3/28/11 13:57",18,12481,"Germany"
"547926","21399","BLUE POLKADOT COFFEE MUG",48,"3/28/11 13:59",0.39,12481,"Germany"
"547926","21397","BLUE POLKADOT EGG CUP",48,"3/28/11 13:59",0.39,12481,"Germany"
"547926","85094","CANDY SPOT EGG WARMER RABBIT",48,"3/28/11 13:59",0.19,12481,"Germany"
"547926","85093","CANDY SPOT EGG WARMER HARE",48,"3/28/11 13:59",0.39,12481,"Germany"
"547926","22979","PANTRY WASHING UP BRUSH",12,"3/28/11 13:59",1.45,12481,"Germany"
"547926","22980","PANTRY SCRUBBING BRUSH",12,"3/28/11 13:59",1.65,12481,"Germany"
"547926","22993","SET OF 4 PANTRY JELLY MOULDS",12,"3/28/11 13:59",1.25,12481,"Germany"
"547926","21976","PACK OF 60 MUSHROOM CAKE CASES",24,"3/28/11 13:59",0.55,12481,"Germany"
"547926","22989","SET 2 PANTRY DESIGN TEA TOWELS",12,"3/28/11 13:59",3.25,12481,"Germany"
"547926","22849","BREAD BIN DINER STYLE MINT",4,"3/28/11 13:59",14.95,12481,"Germany"
"547927","37444C",,5,"3/28/11 13:59",0,,"United Kingdom"
"547928","37444B",,1,"3/28/11 14:00",0,,"United Kingdom"
"547929","21393",,3,"3/28/11 14:00",0,,"United Kingdom"
"C547930","POST","POSTAGE",-1,"3/28/11 14:00",18,12594,"Italy"
"547931","POST","POSTAGE",1,"3/28/11 14:01",28,12594,"Italy"
"547932","85197",,24,"3/28/11 14:01",0,,"United Kingdom"
"547933","21445",,1,"3/28/11 14:02",0,,"United Kingdom"
"547934","22233","JIGSAW RABBIT AND BIRDHOUSE",12,"3/28/11 14:07",1.65,12474,"Germany"
"547934","22230","JIGSAW TREE WITH WATERING CAN",12,"3/28/11 14:07",0.85,12474,"Germany"
"547934","22957","SET 3 PAPER VINTAGE CHICK PAPER EGG",6,"3/28/11 14:07",2.95,12474,"Germany"
"547934","22255","FELT TOADSTOOL  SMALL",12,"3/28/11 14:07",0.85,12474,"Germany"
"547934","22258","FELT FARM ANIMAL RABBIT",12,"3/28/11 14:07",1.25,12474,"Germany"
"547934","22264","FELT FARM ANIMAL WHITE BUNNY",12,"3/28/11 14:07",0.85,12474,"Germany"
"547934","35910A","MULTICOLOUR EASTER RABBIT",6,"3/28/11 14:07",1.95,12474,"Germany"
"547934","22898","CHILDRENS APRON APPLES DESIGN",8,"3/28/11 14:07",1.95,12474,"Germany"
"547934","22090","PAPER BUNTING RETROSPOT",6,"3/28/11 14:07",2.95,12474,"Germany"
"547934","20676","RED RETROSPOT BOWL",8,"3/28/11 14:07",1.25,12474,"Germany"
"547934","POST","POSTAGE",1,"3/28/11 14:07",18,12474,"Germany"
"547934","22236","CAKE STAND 3 TIER MAGIC GARDEN",2,"3/28/11 14:07",12.75,12474,"Germany"
"547934","22551","PLASTERS IN TIN SPACEBOY",12,"3/28/11 14:07",1.65,12474,"Germany"
"547934","20724","RED RETROSPOT CHARLOTTE BAG",10,"3/28/11 14:07",0.85,12474,"Germany"
"547934","21559","STRAWBERRY LUNCH BOX WITH CUTLERY",6,"3/28/11 14:07",2.55,12474,"Germany"
"547934","22437","SET OF 9 BLACK SKULL BALLOONS",20,"3/28/11 14:07",0.85,12474,"Germany"
"547934","21915","RED  HARMONICA IN BOX",12,"3/28/11 14:07",1.25,12474,"Germany"
"547935","22656","VINTAGE BLUE KITCHEN CABINET",1,"3/28/11 14:19",125,15874,"United Kingdom"
"547935","85028S","FRENCH CHATEAU SMALL FRUITBOWL",1,"3/28/11 14:19",1.95,15874,"United Kingdom"
"547935","22053","EMPIRE DESIGN ROSETTE",25,"3/28/11 14:19",1.25,15874,"United Kingdom"
"547935","85027L","FRENCH CHATEAU LARGE PLATTER",2,"3/28/11 14:19",1.95,15874,"United Kingdom"
"547935","21534","DAIRY MAID LARGE MILK JUG",1,"3/28/11 14:19",4.95,15874,"United Kingdom"
"547935","21761","WOOD AND GLASS MEDICINE CABINET",1,"3/28/11 14:19",29.95,15874,"United Kingdom"
"547935","22914","BLUE COAT RACK PARIS FASHION",6,"3/28/11 14:19",4.95,15874,"United Kingdom"
"547935","21626","VINTAGE UNION JACK PENNANT",7,"3/28/11 14:19",1.95,15874,"United Kingdom"
"547936","48187","DOORMAT NEW ENGLAND",2,"3/28/11 14:23",7.95,15874,"United Kingdom"
"547936","20677","PINK POLKADOT BOWL",8,"3/28/11 14:23",1.25,15874,"United Kingdom"
"547936","22699","ROSES REGENCY TEACUP AND SAUCER",2,"3/28/11 14:23",2.95,15874,"United Kingdom"
"547936","21987","PACK OF 6 SKULL PAPER CUPS",1,"3/28/11 14:23",0.65,15874,"United Kingdom"
"547936","22327","ROUND SNACK BOXES SET OF 4 SKULLS",1,"3/28/11 14:23",2.95,15874,"United Kingdom"
"547936","22968","ROSE COTTAGE KEEPSAKE BOX",1,"3/28/11 14:23",9.95,15874,"United Kingdom"
"547936","22332","SKULLS PARTY BAG + STICKER SET",2,"3/28/11 14:23",1.65,15874,"United Kingdom"
"547936","22333","RETROSPOT PARTY BAG + STICKER SET",1,"3/28/11 14:23",1.65,15874,"United Kingdom"
"547936","21988","PACK OF 6 SKULL PAPER PLATES",2,"3/28/11 14:23",0.85,15874,"United Kingdom"
"547936","21989","PACK OF 20 SKULL PAPER NAPKINS",1,"3/28/11 14:23",0.85,15874,"United Kingdom"
"547936","22629","SPACEBOY LUNCH BOX",1,"3/28/11 14:23",1.95,15874,"United Kingdom"
"547936","47503A","ASS FLORAL PRINT MULTI SCREWDRIVER",1,"3/28/11 14:23",1.25,15874,"United Kingdom"
"547937","21792","CLASSIC FRENCH STYLE BASKET GREEN",2,"3/28/11 14:27",6.75,15068,"United Kingdom"
"547937","22566","FELTCRAFT HAIRBAND PINK AND PURPLE",4,"3/28/11 14:27",0.85,15068,"United Kingdom"
"547937","84199","GLOW IN DARK DOLPHINS",4,"3/28/11 14:27",0.21,15068,"United Kingdom"
"547937","84569D","PACK 6 HEART/ICE-CREAM PATCHES",3,"3/28/11 14:27",1.25,15068,"United Kingdom"
"547937","22437","SET OF 9 BLACK SKULL BALLOONS",5,"3/28/11 14:27",0.85,15068,"United Kingdom"
"547937","22150","3 STRIPEY MICE FELTCRAFT",3,"3/28/11 14:27",1.95,15068,"United Kingdom"
"547937","22147","FELTCRAFT BUTTERFLY HEARTS",3,"3/28/11 14:27",1.45,15068,"United Kingdom"
"547937","22149","FELTCRAFT 6 FLOWER FRIENDS",3,"3/28/11 14:27",2.1,15068,"United Kingdom"
"547937","22564","ALPHABET STENCIL CRAFT",2,"3/28/11 14:27",1.25,15068,"United Kingdom"
"547937","22563","HAPPY STENCIL CRAFT",2,"3/28/11 14:27",1.25,15068,"United Kingdom"
"547937","22562","MONSTERS STENCIL CRAFT",2,"3/28/11 14:27",1.25,15068,"United Kingdom"
"547937","22249","DECORATION WHITE CHICK MAGIC GARDEN",2,"3/28/11 14:27",0.85,15068,"United Kingdom"
"547937","21705","BAG 500g SWIRLY MARBLES",6,"3/28/11 14:27",1.65,15068,"United Kingdom"
"547937","21382","SET/4 SPRING FLOWER DECORATION",1,"3/28/11 14:27",2.95,15068,"United Kingdom"
"547937","21635","MADRAS NOTEBOOK LARGE",1,"3/28/11 14:27",3.75,15068,"United Kingdom"
"547937","22561","WOODEN SCHOOL COLOURING SET",2,"3/28/11 14:27",1.65,15068,"United Kingdom"
"547937","21636","MADRAS NOTEBOOK MEDIUM",3,"3/28/11 14:27",2.55,15068,"United Kingdom"
"547937","23176","ABC TREASURE BOOK BOX",1,"3/28/11 14:27",2.25,15068,"United Kingdom"
"547937","23177","TREASURE ISLAND BOOK BOX",1,"3/28/11 14:27",2.25,15068,"United Kingdom"
"547937","23194","GYMKHANA TREASURE BOOK BOX",1,"3/28/11 14:27",2.25,15068,"United Kingdom"
"547937","22083","PAPER CHAIN KIT RETROSPOT",2,"3/28/11 14:27",2.95,15068,"United Kingdom"
"547937","16010","FOLDING CAMPING SCISSOR W/KNIF & S",6,"3/28/11 14:27",0.12,15068,"United Kingdom"
"547937","22174","PHOTO CUBE",2,"3/28/11 14:27",1.65,15068,"United Kingdom"
"547937","22560","TRADITIONAL MODELLING CLAY",6,"3/28/11 14:27",1.25,15068,"United Kingdom"
"547937","22914","BLUE COAT RACK PARIS FASHION",1,"3/28/11 14:27",4.95,15068,"United Kingdom"
"547937","22498","WOODEN REGATTA BUNTING",1,"3/28/11 14:27",5.95,15068,"United Kingdom"
"547937","22283","6 EGG HOUSE PAINTED WOOD",1,"3/28/11 14:27",7.95,15068,"United Kingdom"
"547937","22423","REGENCY CAKESTAND 3 TIER",1,"3/28/11 14:27",12.75,15068,"United Kingdom"
"547937","21374","MIRRORED WALL ART SKULLS",1,"3/28/11 14:27",3.75,15068,"United Kingdom"
"547937","21365","MIRRORED WALL ART STARS",1,"3/28/11 14:27",2.95,15068,"United Kingdom"
"547937","22744","MAKE YOUR OWN MONSOON CARD KIT",1,"3/28/11 14:27",2.95,15068,"United Kingdom"
"547937","22742","MAKE YOUR OWN PLAYTIME CARD KIT",1,"3/28/11 14:27",2.95,15068,"United Kingdom"
"547937","22969","HOMEMADE JAM SCENTED CANDLES",12,"3/28/11 14:27",1.45,15068,"United Kingdom"
"547937","21270","ANTIQUE CREAM CUTLERY CUPBOARD",1,"3/28/11 14:27",12.75,15068,"United Kingdom"
"547937","16169M","WRAP DAISY CARPET",25,"3/28/11 14:27",0.42,15068,"United Kingdom"
"547937","22622","BOX OF VINTAGE ALPHABET BLOCKS",1,"3/28/11 14:27",9.95,15068,"United Kingdom"
"547937","71459","HANGING JAM JAR T-LIGHT HOLDER",12,"3/28/11 14:27",0.85,15068,"United Kingdom"
"547937","82483","WOOD 2 DRAWER CABINET WHITE FINISH",2,"3/28/11 14:27",6.95,15068,"United Kingdom"
"547937","82486","WOOD S/3 CABINET ANT WHITE FINISH",2,"3/28/11 14:27",8.95,15068,"United Kingdom"
"547938","22288","HANGING METAL RABBIT DECORATION",24,"3/28/11 14:33",1.25,13901,"United Kingdom"
"547938","22289","HANGING METAL CHICKEN DECORATION",24,"3/28/11 14:33",1.25,13901,"United Kingdom"
"547938","22291","HANGING CHICK CREAM DECORATION",24,"3/28/11 14:33",1.45,13901,"United Kingdom"
"547938","35915B","BLUE KNITTED HEN",6,"3/28/11 14:33",1.65,13901,"United Kingdom"
"547938","35915C","PEACH KNITTED HEN",6,"3/28/11 14:33",1.65,13901,"United Kingdom"
"547938","22829","SWEETHEART WIRE WALL TIDY",2,"3/28/11 14:33",9.95,13901,"United Kingdom"
"547938","22698","PINK REGENCY TEACUP AND SAUCER",6,"3/28/11 14:33",2.95,13901,"United Kingdom"
"547938","22699","ROSES REGENCY TEACUP AND SAUCER",6,"3/28/11 14:33",2.95,13901,"United Kingdom"
"547938","22697","GREEN REGENCY TEACUP AND SAUCER",6,"3/28/11 14:33",2.95,13901,"United Kingdom"
"547938","90164A","PINK ROSEBUD PEARL BRACELET",2,"3/28/11 14:33",7.5,13901,"United Kingdom"
"547938","90124A","PINK MURANO TWIST NECKLACE",1,"3/28/11 14:33",9.95,13901,"United Kingdom"
"547938","90124B","BLUE MURANO TWIST NECKLACE",1,"3/28/11 14:33",9.95,13901,"United Kingdom"
"547938","90124C","GREEN MURANO TWIST NECKLACE",1,"3/28/11 14:33",9.95,13901,"United Kingdom"
"547938","21847","GREEN  DIAMANTE PEN IN GIFT BOX",3,"3/28/11 14:33",4.95,13901,"United Kingdom"
"547938","21851","LILAC DIAMANTE PEN IN GIFT BOX",3,"3/28/11 14:33",4.95,13901,"United Kingdom"
"547938","21849","SILVER DIAMANTE PEN IN GIFT BOX",3,"3/28/11 14:33",4.95,13901,"United Kingdom"
"547938","21846","PINK DIAMANTE PEN IN GIFT BOX",3,"3/28/11 14:33",4.95,13901,"United Kingdom"
"547938","21850","BLUE  DIAMANTE PEN IN GIFT BOX",3,"3/28/11 14:33",4.95,13901,"United Kingdom"
"547938","22740","POLKADOT PEN",48,"3/28/11 14:33",0.85,13901,"United Kingdom"
"547938","22741","FUNKY DIVA PEN",48,"3/28/11 14:33",0.85,13901,"United Kingdom"
"547938","21609","SET 12 LAVENDER  BOTANICAL T-LIGHTS",6,"3/28/11 14:33",2.95,13901,"United Kingdom"
"547938","21613","S/12 VANILLA  BOTANICAL T-LIGHTS",6,"3/28/11 14:33",2.95,13901,"United Kingdom"
"547938","85231G","ORANGE SCENTED SET/9 T-LIGHTS",12,"3/28/11 14:33",0.85,13901,"United Kingdom"
"547939","22423","REGENCY CAKESTAND 3 TIER",10,"3/28/11 14:42",12.75,15611,"United Kingdom"
"547940","22771","CLEAR DRAWER KNOB ACRYLIC EDWARDIAN",24,"3/28/11 14:43",1.25,16814,"United Kingdom"
"547940","22771","CLEAR DRAWER KNOB ACRYLIC EDWARDIAN",24,"3/28/11 14:43",1.25,16814,"United Kingdom"
"547940","22926","IVORY GIANT GARDEN THERMOMETER",2,"3/28/11 14:43",5.95,16814,"United Kingdom"
"547940","21430","SET/3 RED GINGHAM ROSE STORAGE BOX",2,"3/28/11 14:43",3.75,16814,"United Kingdom"
"547940","22720","SET OF 3 CAKE TINS PANTRY DESIGN",2,"3/28/11 14:43",4.95,16814,"United Kingdom"
"547940","21609","SET 12 LAVENDER  BOTANICAL T-LIGHTS",3,"3/28/11 14:43",2.95,16814,"United Kingdom"
"547940","21977","PACK OF 60 PINK PAISLEY CAKE CASES",1,"3/28/11 14:43",0.55,16814,"United Kingdom"
"547940","21212","PACK OF 72 RETROSPOT CAKE CASES",1,"3/28/11 14:43",0.55,16814,"United Kingdom"
"547940","22480","RED TEA TOWEL CLASSIC DESIGN",3,"3/28/11 14:43",1.25,16814,"United Kingdom"
"547940","22482","BLUE TEA TOWEL CLASSIC DESIGN",3,"3/28/11 14:43",1.25,16814,"United Kingdom"
"547940","22907","PACK OF 20 NAPKINS PANTRY DESIGN",3,"3/28/11 14:43",0.85,16814,"United Kingdom"
"547940","22499","WOODEN UNION JACK BUNTING",4,"3/28/11 14:43",5.95,16814,"United Kingdom"
"547940","22084","PAPER CHAIN KIT EMPIRE",1,"3/28/11 14:43",2.95,16814,"United Kingdom"
"547940","84879","ASSORTED COLOUR BIRD ORNAMENT",32,"3/28/11 14:43",1.69,16814,"United Kingdom"
"547940","71038","WHITE HANGING BEADS CANDLE HOLDER",4,"3/28/11 14:43",5.45,16814,"United Kingdom"
"547940","21877","HOME SWEET HOME MUG",6,"3/28/11 14:43",1.25,16814,"United Kingdom"
"547940","48138","DOORMAT UNION FLAG",3,"3/28/11 14:43",7.95,16814,"United Kingdom"
"547940","22477","WATERING CAN GARDEN MARKER",10,"3/28/11 14:43",1.25,16814,"United Kingdom"
"547940","22479","DAISY GARDEN MARKER",10,"3/28/11 14:43",1.25,16814,"United Kingdom"
"547940","22173","METAL 4 HOOK HANGER FRENCH CHATEAU",6,"3/28/11 14:43",2.95,16814,"United Kingdom"
"547940","21781","MA CAMPAGNE CUTLERY BOX",1,"3/28/11 14:43",14.95,16814,"United Kingdom"
"547940","21754","HOME BUILDING BLOCK WORD",18,"3/28/11 14:43",5.45,16814,"United Kingdom"
"547940","82494L","WOODEN FRAME ANTIQUE WHITE",24,"3/28/11 14:43",2.55,16814,"United Kingdom"
"547941","POST","POSTAGE",1,"3/28/11 14:46",150,16692,"United Kingdom"
"547941","21621","VINTAGE UNION JACK BUNTING",150,"3/28/11 14:46",7.45,16692,"United Kingdom"
"547942","22499","WOODEN UNION JACK BUNTING",6,"3/28/11 14:57",5.95,14538,"United Kingdom"
"547942","85123A","WHITE HANGING HEART T-LIGHT HOLDER",18,"3/28/11 14:57",2.95,14538,"United Kingdom"
"547942","22457","NATURAL SLATE HEART CHALKBOARD",6,"3/28/11 14:57",2.95,14538,"United Kingdom"
"547943","21357",,1,"3/28/11 14:58",0,,"United Kingdom"
"547944","22509","SEWING BOX RETROSPOT DESIGN",1,"3/28/11 14:59",16.95,12971,"United Kingdom"
"547944","21626","VINTAGE UNION JACK PENNANT",36,"3/28/11 14:59",1.95,12971,"United Kingdom"
"547944","21448","12 DAISY PEGS IN WOOD BOX",12,"3/28/11 14:59",1.65,12971,"United Kingdom"
"547945","21080","SET/20 RED RETROSPOT PAPER NAPKINS",12,"3/28/11 14:59",0.85,14851,"United Kingdom"
"547945","22908","PACK OF 20 NAPKINS RED APPLES",12,"3/28/11 14:59",0.85,14851,"United Kingdom"
"547945","35915B","BLUE KNITTED HEN",6,"3/28/11 14:59",1.65,14851,"United Kingdom"
"547945","22321","BIRD DECORATION RED RETROSPOT",12,"3/28/11 14:59",0.85,14851,"United Kingdom"
"547945","21456","2 PICTURE BOOK EGGS EASTER CHICKS",12,"3/28/11 14:59",1.25,14851,"United Kingdom"
"547945","85194S","HANGING SPRING FLOWER EGG SMALL",24,"3/28/11 14:59",0.65,14851,"United Kingdom"
"547945","85186A","EASTER BUNNY GARLAND OF FLOWERS",24,"3/28/11 14:59",0.42,14851,"United Kingdom"
"547945","47566","PARTY BUNTING",4,"3/28/11 14:59",4.95,14851,"United Kingdom"
"547945","21137","BLACK RECORD COVER FRAME",8,"3/28/11 14:59",3.75,14851,"United Kingdom"
"547945","22041","RECORD FRAME 7"" SINGLE SIZE",6,"3/28/11 14:59",2.55,14851,"United Kingdom"
"547945","22181","SNOWSTORM PHOTO FRAME FRIDGE MAGNET",12,"3/28/11 14:59",0.85,14851,"United Kingdom"
"547945","20750","RED RETROSPOT MINI CASES",2,"3/28/11 14:59",7.95,14851,"United Kingdom"
"547945","20749","ASSORTED COLOUR MINI CASES",2,"3/28/11 14:59",7.95,14851,"United Kingdom"
"547945","22499","WOODEN UNION JACK BUNTING",3,"3/28/11 14:59",5.95,14851,"United Kingdom"
"547946","21448","12 DAISY PEGS IN WOOD BOX",12,"3/28/11 14:59",1.65,12971,"United Kingdom"
"547946","47599B","BLUE PARTY BAGS",12,"3/28/11 14:59",2.1,12971,"United Kingdom"
"547946","22499","WOODEN UNION JACK BUNTING",12,"3/28/11 14:59",5.95,12971,"United Kingdom"
"547947","22384","LUNCH BAG PINK POLKADOT",10,"3/28/11 15:03",1.65,15032,"United Kingdom"
"547947","20725","LUNCH BAG RED RETROSPOT",10,"3/28/11 15:03",1.65,15032,"United Kingdom"
"547947","20726","LUNCH BAG WOODLAND",10,"3/28/11 15:03",1.65,15032,"United Kingdom"
"547947","22383","LUNCH BAG SUKI DESIGN",20,"3/28/11 15:03",1.65,15032,"United Kingdom"
"547947","21937","STRAWBERRY   PICNIC BAG",10,"3/28/11 15:03",2.95,15032,"United Kingdom"
"547947","21936","RED RETROSPOT PICNIC BAG",10,"3/28/11 15:03",2.95,15032,"United Kingdom"
"547947","21932","SCANDINAVIAN PAISLEY PICNIC BAG",10,"3/28/11 15:03",2.95,15032,"United Kingdom"
"547947","20717","STRAWBERRY SHOPPER BAG",10,"3/28/11 15:03",1.25,15032,"United Kingdom"
"547947","20716","PARTY FOOD SHOPPER BAG",10,"3/28/11 15:03",1.25,15032,"United Kingdom"
"547947","20718","RED RETROSPOT SHOPPER BAG",10,"3/28/11 15:03",1.25,15032,"United Kingdom"
"547947","20711","JUMBO BAG TOYS",100,"3/28/11 15:03",1.65,15032,"United Kingdom"
"547947","20713","JUMBO BAG OWLS",100,"3/28/11 15:03",1.65,15032,"United Kingdom"
"547947","21931","JUMBO STORAGE BAG SUKI",100,"3/28/11 15:03",1.65,15032,"United Kingdom"
"547947","22411","JUMBO SHOPPER VINTAGE RED PAISLEY",100,"3/28/11 15:03",1.65,15032,"United Kingdom"
"547947","21929","JUMBO BAG PINK VINTAGE PAISLEY",100,"3/28/11 15:03",1.65,15032,"United Kingdom"
"547947","21928","JUMBO BAG SCANDINAVIAN BLUE PAISLEY",100,"3/28/11 15:03",1.65,15032,"United Kingdom"
"547947","20712","JUMBO BAG WOODLAND ANIMALS",100,"3/28/11 15:03",1.65,15032,"United Kingdom"
"547947","22386","JUMBO BAG PINK POLKADOT",100,"3/28/11 15:03",1.65,15032,"United Kingdom"
"547947","21930","JUMBO STORAGE BAG SKULLS",100,"3/28/11 15:03",1.65,15032,"United Kingdom"
"547947","85099F","JUMBO BAG STRAWBERRY",100,"3/28/11 15:03",1.65,15032,"United Kingdom"
"547947","85099C","JUMBO  BAG BAROQUE BLACK WHITE",100,"3/28/11 15:03",1.65,15032,"United Kingdom"
"547947","85099B","JUMBO BAG RED RETROSPOT",100,"3/28/11 15:03",1.65,15032,"United Kingdom"
"547948","71038",,167,"3/28/11 15:06",0,,"United Kingdom"
"547949","22699","ROSES REGENCY TEACUP AND SAUCER",24,"3/28/11 15:10",2.55,14021,"United Kingdom"
"547949","22423","REGENCY CAKESTAND 3 TIER",6,"3/28/11 15:10",12.75,14021,"United Kingdom"
"547949","22697","GREEN REGENCY TEACUP AND SAUCER",24,"3/28/11 15:10",2.55,14021,"United Kingdom"
"547950","35241","damages?",-40,"3/28/11 15:11",0,,"United Kingdom"
"547957","20713",,32,"3/28/11 15:16",0,,"United Kingdom"
"C547958","20713","JUMBO BAG OWLS",-100,"3/28/11 15:18",1.65,15032,"United Kingdom"
"547959","20713",,23,"3/28/11 15:19",0,,"United Kingdom"
"547960","22149","FELTCRAFT 6 FLOWER FRIENDS",2,"3/28/11 15:27",2.1,15644,"United Kingdom"
"547960","20774","GREEN FERN NOTEBOOK",1,"3/28/11 15:27",1.65,15644,"United Kingdom"
"547960","22271","FELTCRAFT DOLL ROSIE",1,"3/28/11 15:27",2.95,15644,"United Kingdom"
"547960","22273","FELTCRAFT DOLL MOLLY",1,"3/28/11 15:27",2.95,15644,"United Kingdom"
"547960","22274","FELTCRAFT DOLL EMILY",1,"3/28/11 15:27",2.95,15644,"United Kingdom"
"547960","22662","LUNCH BAG DOLLY GIRL DESIGN",1,"3/28/11 15:27",1.65,15644,"United Kingdom"
"547960","22619","SET OF 6 SOLDIER SKITTLES",1,"3/28/11 15:27",3.75,15644,"United Kingdom"
"547960","21890","S/6 WOODEN SKITTLES IN COTTON BAG",1,"3/28/11 15:27",2.95,15644,"United Kingdom"
"547960","22621","TRADITIONAL KNITTING NANCY",1,"3/28/11 15:27",1.45,15644,"United Kingdom"
"547960","22384","LUNCH BAG PINK POLKADOT",1,"3/28/11 15:27",1.65,15644,"United Kingdom"
"547960","20727","LUNCH BAG  BLACK SKULL.",1,"3/28/11 15:27",1.65,15644,"United Kingdom"
"547960","20726","LUNCH BAG WOODLAND",2,"3/28/11 15:27",1.65,15644,"United Kingdom"
"547960","47591D","PINK FAIRY CAKE CHILDRENS APRON",2,"3/28/11 15:27",1.95,15644,"United Kingdom"
"547960","22898","CHILDRENS APRON APPLES DESIGN",2,"3/28/11 15:27",1.95,15644,"United Kingdom"
"547960","47593A","CAROUSEL PONIES BABY BIB",3,"3/28/11 15:27",0.29,15644,"United Kingdom"
"547960","47593B","SCOTTIE DOGS BABY BIB",2,"3/28/11 15:27",0.39,15644,"United Kingdom"
"547960","22467","GUMBALL COAT RACK",6,"3/28/11 15:27",2.55,15644,"United Kingdom"
"547960","22719","GUMBALL MONOCHROME COAT RACK",1,"3/28/11 15:27",1.25,15644,"United Kingdom"
"547960","20725","LUNCH BAG RED RETROSPOT",2,"3/28/11 15:27",1.65,15644,"United Kingdom"
"547960","22353","LUNCH BOX WITH CUTLERY FAIRY CAKES",2,"3/28/11 15:27",2.55,15644,"United Kingdom"
"547960","21559","STRAWBERRY LUNCH BOX WITH CUTLERY",2,"3/28/11 15:27",2.55,15644,"United Kingdom"
"547960","22382","LUNCH BAG SPACEBOY DESIGN",2,"3/28/11 15:27",1.65,15644,"United Kingdom"
"547960","22728","ALARM CLOCK BAKELIKE PINK",1,"3/28/11 15:27",3.75,15644,"United Kingdom"
"547960","22729","ALARM CLOCK BAKELIKE ORANGE",1,"3/28/11 15:27",3.75,15644,"United Kingdom"
"547960","21558","SKULL LUNCH BOX WITH CUTLERY",2,"3/28/11 15:27",2.55,15644,"United Kingdom"
"547960","22432","WATERING CAN PINK BUNNY",1,"3/28/11 15:27",1.95,15644,"United Kingdom"
"547960","22131","FOOD CONTAINER SET 3 LOVE HEART",3,"3/28/11 15:27",1.95,15644,"United Kingdom"
"547960","21038","SET/4 MODERN VINTAGE COTTON NAPKINS",10,"3/28/11 15:27",0.79,15644,"United Kingdom"
"547960","22993","SET OF 4 PANTRY JELLY MOULDS",2,"3/28/11 15:27",1.25,15644,"United Kingdom"
"547960","22367","CHILDRENS APRON SPACEBOY DESIGN",2,"3/28/11 15:27",1.95,15644,"United Kingdom"
"547960","84988","SET OF 72 PINK HEART PAPER DOILIES",1,"3/28/11 15:27",1.45,15644,"United Kingdom"
"547960","21156","RETROSPOT CHILDRENS APRON",2,"3/28/11 15:27",1.95,15644,"United Kingdom"
"547960","22899","CHILDREN'S APRON DOLLY GIRL",2,"3/28/11 15:27",2.1,15644,"United Kingdom"
"547960","21043","APRON MODERN VINTAGE COTTON",5,"3/28/11 15:27",1.95,15644,"United Kingdom"
"547960","22751","FELTCRAFT PRINCESS OLIVIA DOLL",3,"3/28/11 15:27",3.75,15644,"United Kingdom"
"547960","85227","SET OF 6 3D KIT CARDS FOR KIDS",2,"3/28/11 15:27",0.85,15644,"United Kingdom"
"547960","22558","CLOTHES PEGS RETROSPOT PACK 24",3,"3/28/11 15:27",1.49,15644,"United Kingdom"
"547960","22555","PLASTERS IN TIN STRONGMAN",1,"3/28/11 15:27",1.65,15644,"United Kingdom"
"547960","22781","GUMBALL MAGAZINE RACK",2,"3/28/11 15:27",7.65,15644,"United Kingdom"
"547960","22245","HOOK, 1 HANGER ,MAGIC GARDEN",1,"3/28/11 15:27",0.85,15644,"United Kingdom"
"547960","22554","PLASTERS IN TIN WOODLAND ANIMALS",2,"3/28/11 15:27",1.65,15644,"United Kingdom"
"547960","22551","PLASTERS IN TIN SPACEBOY",2,"3/28/11 15:27",1.65,15644,"United Kingdom"
"547960","22556","PLASTERS IN TIN CIRCUS PARADE",2,"3/28/11 15:27",1.65,15644,"United Kingdom"
"547960","22553","PLASTERS IN TIN SKULLS",2,"3/28/11 15:27",1.65,15644,"United Kingdom"
"547960","22652","TRAVEL SEWING KIT",5,"3/28/11 15:27",1.65,15644,"United Kingdom"
"C547961","22411","JUMBO SHOPPER VINTAGE RED PAISLEY",-100,"3/28/11 15:30",1.65,15032,"United Kingdom"
"C547961","21929","JUMBO BAG PINK VINTAGE PAISLEY",-100,"3/28/11 15:30",1.65,15032,"United Kingdom"
"547962","17129F","BLUE GLASS GEMS IN BAG",12,"3/28/11 15:38",0.85,12957,"United Kingdom"
"547962","21326","AGED GLASS SILVER T-LIGHT HOLDER",12,"3/28/11 15:38",0.65,12957,"United Kingdom"
"547962","21313","GLASS HEART T-LIGHT HOLDER",12,"3/28/11 15:38",0.85,12957,"United Kingdom"
"547962","22464","HANGING METAL HEART LANTERN",12,"3/28/11 15:38",1.65,12957,"United Kingdom"
"547962","21878","PACK OF 6 SANDCASTLE FLAGS ASSORTED",12,"3/28/11 15:38",0.85,12957,"United Kingdom"
"547962","22637","PIGGY BANK RETROSPOT",4,"3/28/11 15:38",2.55,12957,"United Kingdom"
"547962","21714","CITRONELLA CANDLE GARDEN POT",12,"3/28/11 15:38",1.25,12957,"United Kingdom"
"547962","21713","CITRONELLA CANDLE FLOWERPOT",8,"3/28/11 15:38",2.1,12957,"United Kingdom"
"547962","21896","POTTING SHED TWINE",6,"3/28/11 15:38",2.1,12957,"United Kingdom"
"547962","21523","DOORMAT FANCY FONT HOME SWEET HOME",2,"3/28/11 15:38",7.95,12957,"United Kingdom"
"547962","48129","DOORMAT TOPIARY",2,"3/28/11 15:38",7.95,12957,"United Kingdom"
"547962","85049C","ROMANTIC PINKS RIBBONS",12,"3/28/11 15:38",1.25,12957,"United Kingdom"
"547962","85049D","BRIGHT BLUES RIBBONS",12,"3/28/11 15:38",1.25,12957,"United Kingdom"
"547962","85049F","BABY BOOM RIBBONS",12,"3/28/11 15:38",1.25,12957,"United Kingdom"
"547962","22898","CHILDRENS APRON APPLES DESIGN",8,"3/28/11 15:38",1.95,12957,"United Kingdom"
"547962","22974","CHILDRENS DOLLY GIRL MUG",12,"3/28/11 15:38",1.65,12957,"United Kingdom"
"547962","21843","RED RETROSPOT CAKE STAND",1,"3/28/11 15:38",10.95,12957,"United Kingdom"
"547962","22301","COFFEE MUG CAT + BIRD DESIGN",6,"3/28/11 15:38",2.55,12957,"United Kingdom"
"547962","22303","COFFEE MUG APPLES DESIGN",6,"3/28/11 15:38",2.55,12957,"United Kingdom"
"547962","21199","PINK  HEART CONFETTI IN TUBE",12,"3/28/11 15:38",1.65,12957,"United Kingdom"
"547962","22434","BALLOON PUMP WITH 10 BALLOONS",8,"3/28/11 15:38",1.95,12957,"United Kingdom"
"547962","22440","BALLOON WATER BOMB PACK OF 35",20,"3/28/11 15:38",0.42,12957,"United Kingdom"
"547962","21985","PACK OF 12 HEARTS DESIGN TISSUES",24,"3/28/11 15:38",0.29,12957,"United Kingdom"
"547962","21212","PACK OF 72 RETROSPOT CAKE CASES",24,"3/28/11 15:38",0.55,12957,"United Kingdom"
"547963","22920","HERB MARKER BASIL",12,"3/28/11 15:42",0.65,13037,"United Kingdom"
"547963","22918","HERB MARKER PARSLEY",12,"3/28/11 15:42",0.65,13037,"United Kingdom"
"547963","22919","HERB MARKER MINT",12,"3/28/11 15:42",0.65,13037,"United Kingdom"
"547963","85099F","JUMBO BAG STRAWBERRY",10,"3/28/11 15:42",1.95,13037,"United Kingdom"
"547963","21928","JUMBO BAG SCANDINAVIAN BLUE PAISLEY",10,"3/28/11 15:42",1.95,13037,"United Kingdom"
"547963","21901","KEY FOB , BACK DOOR",24,"3/28/11 15:42",0.65,13037,"United Kingdom"
"547963","21899","KEY FOB , GARAGE DESIGN",24,"3/28/11 15:42",0.65,13037,"United Kingdom"
"547963","22296","HEART IVORY TRELLIS LARGE",12,"3/28/11 15:42",1.65,13037,"United Kingdom"
"547963","22173","METAL 4 HOOK HANGER FRENCH CHATEAU",8,"3/28/11 15:42",2.95,13037,"United Kingdom"
"547963","22480","RED TEA TOWEL CLASSIC DESIGN",12,"3/28/11 15:42",1.25,13037,"United Kingdom"
"547963","84879","ASSORTED COLOUR BIRD ORNAMENT",8,"3/28/11 15:42",1.69,13037,"United Kingdom"
"547963","84792","ENCHANTED BIRD COATHANGER 5 HOOK",8,"3/28/11 15:42",4.65,13037,"United Kingdom"
"547963","22794","SWEETHEART WIRE MAGAZINE RACK",2,"3/28/11 15:42",7.95,13037,"United Kingdom"
"547963","48187","DOORMAT NEW ENGLAND",2,"3/28/11 15:42",7.95,13037,"United Kingdom"
"547963","22692","DOORMAT WELCOME TO OUR HOME",2,"3/28/11 15:42",7.95,13037,"United Kingdom"
"547964","16238","PARTY TIME PENCIL ERASERS",1,"3/28/11 15:45",0.42,,"United Kingdom"
"547964","17096","ASSORTED LAQUERED INCENSE HOLDERS",4,"3/28/11 15:45",0.42,,"United Kingdom"
"547964","20665","RED RETROSPOT PURSE",1,"3/28/11 15:45",5.79,,"United Kingdom"
"547964","20700","GREEN CAT FLORAL CUSHION COVER",1,"3/28/11 15:45",9.96,,"United Kingdom"
"547964","20707","CRAZY DAISY HEART DECORATION",1,"3/28/11 15:45",0.83,,"United Kingdom"
"547964","20713","JUMBO BAG OWLS",1,"3/28/11 15:45",1.95,,"United Kingdom"
"547964","20719","WOODLAND CHARLOTTE BAG",4,"3/28/11 15:45",1.63,,"United Kingdom"
"547964","20724","RED RETROSPOT CHARLOTTE BAG",4,"3/28/11 15:45",1.63,,"United Kingdom"
"547964","20754","RETROSPOT RED WASHING UP GLOVES",2,"3/28/11 15:45",4.13,,"United Kingdom"
"547964","20934","SET/3 POT PLANT CANDLES",1,"3/28/11 15:45",10.79,,"United Kingdom"
"547964","21035","SET/2 RED RETROSPOT TEA TOWELS",1,"3/28/11 15:45",6.63,,"United Kingdom"
"547964","21080","SET/20 RED RETROSPOT PAPER NAPKINS",1,"3/28/11 15:45",1.63,,"United Kingdom"
"547964","21086","SET/6 RED SPOTTY PAPER CUPS",1,"3/28/11 15:45",1.63,,"United Kingdom"
"547964","21094","SET/6 RED SPOTTY PAPER PLATES",3,"3/28/11 15:45",0.83,,"United Kingdom"
"547964","21166","COOK WITH WINE METAL SIGN",1,"3/28/11 15:45",4.13,,"United Kingdom"
"547964","21169","YOU'RE CONFUSING ME METAL SIGN",1,"3/28/11 15:45",4.13,,"United Kingdom"
"547964","21179","NO JUNK MAIL METAL SIGN",1,"3/28/11 15:45",1.63,,"United Kingdom"
"547964","21181","PLEASE ONE PERSON METAL SIGN",1,"3/28/11 15:45",4.13,,"United Kingdom"
"547964","21196","ROUND WHITE CONFETTI IN TUBE",2,"3/28/11 15:45",3.29,,"United Kingdom"
"547964","21210","SET OF 72 RETROSPOT PAPER  DOILIES",1,"3/28/11 15:45",2.92,,"United Kingdom"
"547964","21212","PACK OF 72 RETROSPOT CAKE CASES",1,"3/28/11 15:45",1.25,,"United Kingdom"
"547964","21246","RED RETROSPOT BIG BOWL",1,"3/28/11 15:45",4.13,,"United Kingdom"
"547964","21289","LARGE STRIPES CHOCOLATE GIFT BAG",1,"3/28/11 15:45",1.25,,"United Kingdom"
"547964","21354","TOAST ITS - BEST MUM",1,"3/28/11 15:45",2.46,,"United Kingdom"
"547964","21381","MINI WOODEN HAPPY BIRTHDAY GARLAND",2,"3/28/11 15:45",3.29,,"United Kingdom"
"547964","21394","RED POLKADOT BEAKER",1,"3/28/11 15:45",1.63,,"United Kingdom"
"547964","21395","BLUE POLKADOT BEAKER",1,"3/28/11 15:45",1.63,,"United Kingdom"
"547964","21397","BLUE POLKADOT EGG CUP",2,"3/28/11 15:45",1.63,,"United Kingdom"
"547964","21400","RED PUDDING SPOON",1,"3/28/11 15:45",0.42,,"United Kingdom"
"547964","21401","BLUE PUDDING SPOON",1,"3/28/11 15:45",0.42,,"United Kingdom"
"547964","21402","RED  EGG  SPOON",1,"3/28/11 15:45",0.42,,"United Kingdom"
"547964","21448","12 DAISY PEGS IN WOOD BOX",1,"3/28/11 15:45",3.29,,"United Kingdom"
"547964","21454","PAINTED PINK RABBIT",5,"3/28/11 15:45",0.83,,"United Kingdom"
"547964","21455","PAINTED YELLOW WOODEN DAISY",1,"3/28/11 15:45",0.83,,"United Kingdom"
"547964","21456","2 PICTURE BOOK EGGS EASTER CHICKS",1,"3/28/11 15:45",2.46,,"United Kingdom"
"547964","21458","2 PICTURE BOOK EGGS EASTER BUNNY",1,"3/28/11 15:45",2.46,,"United Kingdom"
"547964","21523","DOORMAT FANCY FONT HOME SWEET HOME",1,"3/28/11 15:45",15.79,,"United Kingdom"
"547964","21524","DOORMAT SPOTTY HOME SWEET HOME",1,"3/28/11 15:45",15.79,,"United Kingdom"
"547964","21563","RED HEART SHAPE LOVE BUCKET",2,"3/28/11 15:45",5.79,,"United Kingdom"
"547964","21578","WOODLAND DESIGN  COTTON TOTE BAG",1,"3/28/11 15:45",4.96,,"United Kingdom"
"547964","21621","VINTAGE UNION JACK BUNTING",1,"3/28/11 15:45",16.63,,"United Kingdom"
"547964","21714","CITRONELLA CANDLE GARDEN POT",3,"3/28/11 15:45",2.46,,"United Kingdom"
"547964","21731","RED TOADSTOOL LED NIGHT LIGHT",1,"3/28/11 15:45",3.29,,"United Kingdom"
"547964","21745","GAOLERS KEYS DECORATIVE GARDEN",1,"3/28/11 15:45",8.29,,"United Kingdom"
"547964","21790","VINTAGE SNAP CARDS",1,"3/28/11 15:45",1.63,,"United Kingdom"
"547964","21791","VINTAGE HEADS AND TAILS CARD GAME",1,"3/28/11 15:45",2.46,,"United Kingdom"
"547964","21843","RED RETROSPOT CAKE STAND",1,"3/28/11 15:45",20.79,,"United Kingdom"
"547964","21851","LILAC DIAMANTE PEN IN GIFT BOX",1,"3/28/11 15:45",4.13,,"United Kingdom"
"547964","21880","RED RETROSPOT TAPE",6,"3/28/11 15:45",0.42,,"United Kingdom"
"547964","21915","RED  HARMONICA IN BOX",1,"3/28/11 15:45",2.46,,"United Kingdom"
"547964","21928","JUMBO BAG SCANDINAVIAN BLUE PAISLEY",2,"3/28/11 15:45",4.13,,"United Kingdom"
"547964","21929","JUMBO BAG PINK VINTAGE PAISLEY",2,"3/28/11 15:45",4.13,,"United Kingdom"
"547964","21935","SUKI  SHOULDER BAG",1,"3/28/11 15:45",3.29,,"United Kingdom"
"547964","21990","MODERN FLORAL STATIONERY SET",1,"3/28/11 15:45",2.46,,"United Kingdom"
"547964","21991","BOHEMIAN COLLAGE STATIONERY SET",1,"3/28/11 15:45",2.46,,"United Kingdom"
"547964","21992","VINTAGE PAISLEY STATIONERY SET",2,"3/28/11 15:45",2.46,,"United Kingdom"
"547964","21993","FLORAL FOLK STATIONERY SET",2,"3/28/11 15:45",2.46,,"United Kingdom"
"547964","22073","RED RETROSPOT STORAGE JAR",1,"3/28/11 15:45",7.46,,"United Kingdom"
"547964","22084","PAPER CHAIN KIT EMPIRE",2,"3/28/11 15:45",5.79,,"United Kingdom"
"547964","22087","PAPER BUNTING WHITE LACE",2,"3/28/11 15:45",5.79,,"United Kingdom"
"547964","22104","MIRROR MOSAIC CANDLE PLATE",2,"3/28/11 15:45",1.63,,"United Kingdom"
"547964","22116","METAL SIGN HIS DINNER IS SERVED",1,"3/28/11 15:45",1.63,,"United Kingdom"
"547964","22169","FAMILY ALBUM WHITE PICTURE FRAME",2,"3/28/11 15:45",16.63,,"United Kingdom"
"547964","22171","3 HOOK PHOTO SHELF ANTIQUE WHITE",1,"3/28/11 15:45",16.63,,"United Kingdom"
"547964","22178","VICTORIAN GLASS HANGING T-LIGHT",10,"3/28/11 15:45",2.46,,"United Kingdom"
"547964","22199","FRYING PAN RED RETROSPOT",1,"3/28/11 15:45",8.29,,"United Kingdom"
"547964","22227","HANGING HEART MIRROR DECORATION",65,"3/28/11 15:45",1.25,,"United Kingdom"
"547964","22228","BUNNY WOODEN PAINTED WITH BIRD",4,"3/28/11 15:45",1.63,,"United Kingdom"
"547964","22241","GARLAND WOODEN HAPPY EASTER",6,"3/28/11 15:45",2.46,,"United Kingdom"
"547964","22245","HOOK, 1 HANGER ,MAGIC GARDEN",1,"3/28/11 15:45",1.63,,"United Kingdom"
"547964","22247","BUNNY DECORATION MAGIC GARDEN",1,"3/28/11 15:45",1.63,,"United Kingdom"
"547964","22248","DECORATION  PINK CHICK MAGIC GARDEN",1,"3/28/11 15:45",1.63,,"United Kingdom"
"547964","22249","DECORATION WHITE CHICK MAGIC GARDEN",1,"3/28/11 15:45",1.63,,"United Kingdom"
"547964","22251","BIRDHOUSE DECORATION MAGIC GARDEN",1,"3/28/11 15:45",2.46,,"United Kingdom"
"547964","22264","FELT FARM ANIMAL WHITE BUNNY",1,"3/28/11 15:45",1.63,,"United Kingdom"
"547964","22265","EASTER DECORATION NATURAL CHICK",1,"3/28/11 15:45",1.25,,"United Kingdom"
"547964","22266","EASTER DECORATION HANGING BUNNY",2,"3/28/11 15:45",1.25,,"United Kingdom"
"547964","22268","EASTER DECORATION SITTING BUNNY",1,"3/28/11 15:45",1.63,,"United Kingdom"
"547964","22291","HANGING CHICK CREAM DECORATION",1,"3/28/11 15:45",2.92,,"United Kingdom"
"547964","22300","COFFEE MUG DOG + BALL DESIGN",1,"3/28/11 15:45",4.96,,"United Kingdom"
"547964","22335","HEART DECORATION PAINTED ZINC",2,"3/28/11 15:45",1.25,,"United Kingdom"
"547964","22348","TEA BAG PLATE RED RETROSPOT",1,"3/28/11 15:45",1.63,,"United Kingdom"
"547964","22378","WALL TIDY RETROSPOT",1,"3/28/11 15:45",4.13,,"United Kingdom"
"547964","22424","ENAMEL BREAD BIN CREAM",2,"3/28/11 15:45",24.96,,"United Kingdom"
"547964","22426","ENAMEL WASH BOWL CREAM",1,"3/28/11 15:45",7.46,,"United Kingdom"
"547964","22427","ENAMEL FLOWER JUG CREAM",1,"3/28/11 15:45",11.63,,"United Kingdom"
"547964","22430","ENAMEL WATERING CAN CREAM",1,"3/28/11 15:45",9.96,,"United Kingdom"
"547964","22452","MEASURING TAPE BABUSHKA PINK",1,"3/28/11 15:45",5.79,,"United Kingdom"
"547964","22453","MEASURING TAPE BABUSHKA BLUE",1,"3/28/11 15:45",5.79,,"United Kingdom"
"547964","22460","EMBOSSED GLASS TEALIGHT HOLDER",10,"3/28/11 15:45",2.46,,"United Kingdom"
"547964","22467","GUMBALL COAT RACK",1,"3/28/11 15:45",4.96,,"United Kingdom"
"547964","22502","PICNIC BASKET WICKER SMALL",1,"3/28/11 15:45",10.79,,"United Kingdom"
"547964","22518","CHILDS GARDEN BRUSH BLUE",1,"3/28/11 15:45",4.13,,"United Kingdom"
"547964","22558","CLOTHES PEGS RETROSPOT PACK 24",1,"3/28/11 15:45",3.29,,"United Kingdom"
"547964","22570","FELTCRAFT CUSHION RABBIT",1,"3/28/11 15:45",7.46,,"United Kingdom"
"547964","22649","STRAWBERRY FAIRY CAKE TEAPOT",1,"3/28/11 15:45",10.79,,"United Kingdom"
"547964","22672","FRENCH BATHROOM SIGN BLUE METAL",1,"3/28/11 15:45",3.29,,"United Kingdom"
"547964","22675","FRENCH KITCHEN SIGN BLUE METAL",1,"3/28/11 15:45",2.46,,"United Kingdom"
"547964","22693","GROW A FLYTRAP OR SUNFLOWER IN TIN",3,"3/28/11 15:45",2.5,,"United Kingdom"
"547964","22697","GREEN REGENCY TEACUP AND SAUCER",2,"3/28/11 15:45",5.79,,"United Kingdom"
"547964","22698","PINK REGENCY TEACUP AND SAUCER",1,"3/28/11 15:45",5.79,,"United Kingdom"
"547964","22699","ROSES REGENCY TEACUP AND SAUCER",2,"3/28/11 15:45",5.79,,"United Kingdom"
"547964","22722","SET OF 6 SPICE TINS PANTRY DESIGN",2,"3/28/11 15:45",8.29,,"United Kingdom"
"547964","22740","POLKADOT PEN",2,"3/28/11 15:45",1.63,,"United Kingdom"
"547964","22781","GUMBALL MAGAZINE RACK",1,"3/28/11 15:45",14.96,,"United Kingdom"
"547964","22821","GIFT BAG PSYCHEDELIC APPLES",1,"3/28/11 15:45",1.25,,"United Kingdom"
"547964","22858","EASTER TIN KEEPSAKE",1,"3/28/11 15:45",3.29,,"United Kingdom"
"547964","22891","TEA FOR ONE POLKADOT",1,"3/28/11 15:45",8.29,,"United Kingdom"
"547964","22894","TABLECLOTH RED APPLES DESIGN",1,"3/28/11 15:45",20.79,,"United Kingdom"
"547964","22896","PEG BAG APPLES DESIGN",1,"3/28/11 15:45",4.96,,"United Kingdom"
"547964","22939","APRON APPLE DELIGHT",1,"3/28/11 15:45",4.96,,"United Kingdom"
"547964","22957","SET 3 PAPER VINTAGE CHICK PAPER EGG",2,"3/28/11 15:45",5.79,,"United Kingdom"
"547964","22960","JAM MAKING SET WITH JARS",3,"3/28/11 15:45",8.29,,"United Kingdom"
"547964","22968","ROSE COTTAGE KEEPSAKE BOX",1,"3/28/11 15:45",19.96,,"United Kingdom"
"547964","22992","REVOLVER WOODEN RULER",1,"3/28/11 15:45",3.75,,"United Kingdom"
"547964","22993","SET OF 4 PANTRY JELLY MOULDS",2,"3/28/11 15:45",2.46,,"United Kingdom"
"547964","22996","TRAVEL CARD WALLET VINTAGE TICKET",2,"3/28/11 15:45",0.83,,"United Kingdom"
"547964","23000","TRAVEL CARD WALLET TRANSPORT",1,"3/28/11 15:45",0.83,,"United Kingdom"
"547964","23006","TRAVEL CARD WALLET FLOWER MEADOW",1,"3/28/11 15:45",0.83,,"United Kingdom"
"547964","23076","ICE CREAM SUNDAE LIP GLOSS",3,"3/28/11 15:45",2.46,,"United Kingdom"
"547964","23077","DOUGHNUT LIP GLOSS",1,"3/28/11 15:45",2.46,,"United Kingdom"
"547964","23154","SET OF 4 JAM JAR MAGNETS",2,"3/28/11 15:45",4.13,,"United Kingdom"
"547964","23155","KNICKERBOCKERGLORY MAGNET ASSORTED",3,"3/28/11 15:45",8.29,,"United Kingdom"
"547964","23156","SET OF 5 MINI GROCERY MAGNETS",1,"3/28/11 15:45",4.13,,"United Kingdom"
"547964","23159","SET OF 5 PANCAKE DAY MAGNETS",2,"3/28/11 15:45",4.13,,"United Kingdom"
"547964","23182","TOILET SIGN OCCUPIED OR VACANT",1,"3/28/11 15:45",2.46,,"United Kingdom"
"547964","23183","MOTHER'S KITCHEN SPOON REST",2,"3/28/11 15:45",7.46,,"United Kingdom"
"547964","35471D","SET OF 3 BIRD LIGHT PINK FEATHER",3,"3/28/11 15:45",2.46,,"United Kingdom"
"547964","35911A","MULTICOLOUR RABBIT EGG WARMER",4,"3/28/11 15:45",0.83,,"United Kingdom"
"547964","35914","PINK CHICK EGG WARMER + EGG CUP",2,"3/28/11 15:45",0.83,,"United Kingdom"
"547964","35915B","BLUE KNITTED HEN",1,"3/28/11 15:45",0.83,,"United Kingdom"
"547964","35915C","PEACH KNITTED HEN",9,"3/28/11 15:45",0.83,,"United Kingdom"
"547964","37501","TEA TIME TEA SET IN GIFT BOX",1,"3/28/11 15:45",5.79,,"United Kingdom"
"547964","47367B","PAIR PADDED HANGERS PINK CHECK",1,"3/28/11 15:45",3.29,,"United Kingdom"
"547964","48188","DOORMAT WELCOME PUPPIES",1,"3/28/11 15:45",15.79,,"United Kingdom"
"547964","48194","DOORMAT HEARTS",1,"3/28/11 15:45",15.79,,"United Kingdom"
"547964","71053","WHITE METAL LANTERN",2,"3/28/11 15:45",8.29,,"United Kingdom"
"547964","72802A","ROSE SCENT CANDLE IN JEWELLED BOX",1,"3/28/11 15:45",8.29,,"United Kingdom"
"547964","72802B","OCEAN SCENT CANDLE IN JEWELLED BOX",1,"3/28/11 15:45",8.29,,"United Kingdom"
"547964","72802C","VANILLA SCENT CANDLE JEWELLED BOX",1,"3/28/11 15:45",8.29,,"United Kingdom"
"547964","72807C","SET/3 VANILLA SCENTED CANDLE IN BOX",1,"3/28/11 15:45",8.29,,"United Kingdom"
"547964","79144C","PAINTED LIGHTBULB RAINBOW DESIGN",2,"3/28/11 15:45",0.83,,"United Kingdom"
"547964","82482","WOODEN PICTURE FRAME WHITE FINISH",5,"3/28/11 15:45",4.96,,"United Kingdom"
"547964","82483","WOOD 2 DRAWER CABINET WHITE FINISH",1,"3/28/11 15:45",14.13,,"United Kingdom"
"547964","82551","LAUNDRY 15C METAL SIGN",1,"3/28/11 15:45",2.46,,"United Kingdom"
"547964","82581","TOILET METAL SIGN",1,"3/28/11 15:45",1.25,,"United Kingdom"
"547964","82583","HOT BATHS METAL SIGN",1,"3/28/11 15:45",4.13,,"United Kingdom"
"547964","84032A","CHARLIE+LOLA PINK HOT WATER BOTTLE",1,"3/28/11 15:45",3.29,,"United Kingdom"
"547964","84380","SET OF 3 BUTTERFLY COOKIE CUTTERS",1,"3/28/11 15:45",2.46,,"United Kingdom"
"547964","84536A","ENGLISH ROSE NOTEBOOK A7 SIZE",1,"3/28/11 15:45",0.83,,"United Kingdom"
"547964","84568","GIRLS ALPHABET IRON ON PATCHES",6,"3/28/11 15:45",0.42,,"United Kingdom"
"547964","84596B","SMALL DOLLY MIX DESIGN ORANGE BOWL",1,"3/28/11 15:45",0.83,,"United Kingdom"
"547964","84596G","SMALL CHOCOLATES PINK BOWL",1,"3/28/11 15:45",0.83,,"United Kingdom"
"547964","84596J","MIXED NUTS LIGHT GREEN BOWL",1,"3/28/11 15:45",0.83,,"United Kingdom"
"547964","84596L","BISCUITS SMALL BOWL LIGHT BLUE",1,"3/28/11 15:45",0.83,,"United Kingdom"
"547964","84872A","TEATIME FUNKY FLOWER BACKPACK FOR 2",1,"3/28/11 15:45",10.79,,"United Kingdom"
"547964","84913A","SOFT PINK ROSE TOWEL",1,"3/28/11 15:45",3.29,,"United Kingdom"
"547964","84913B","MINT GREEN ROSE TOWEL",2,"3/28/11 15:45",3.29,,"United Kingdom"
"547964","84927A","WAKE UP COCKEREL TILE HOOK",1,"3/28/11 15:45",4.13,,"United Kingdom"
"547964","84947","ANTIQUE SILVER TEA GLASS ENGRAVED",10,"3/28/11 15:45",2.46,,"United Kingdom"
"547964","84991","60 TEATIME FAIRY CAKE CASES",1,"3/28/11 15:45",1.25,,"United Kingdom"
"547964","85093","CANDY SPOT EGG WARMER HARE",5,"3/28/11 15:45",0.83,,"United Kingdom"
"547964","85094","CANDY SPOT EGG WARMER RABBIT",5,"3/28/11 15:45",0.83,,"United Kingdom"
"547964","85099B","JUMBO BAG RED RETROSPOT",1,"3/28/11 15:45",4.13,,"United Kingdom"
"547964","85103","SILVER T-LIGHT SETTING",5,"3/28/11 15:45",13.29,,"United Kingdom"
"547964","85131B","BEADED CRYSTAL HEART GREEN ON STICK",2,"3/28/11 15:45",0.83,,"United Kingdom"
"547964","85131D","BEADED CRYSTAL HEART PINK ON STICK",2,"3/28/11 15:45",0.83,,"United Kingdom"
"547964","85185B","PINK HORSE SOCK PUPPET",1,"3/28/11 15:45",5.79,,"United Kingdom"
"547964","85186A","EASTER BUNNY GARLAND OF FLOWERS",2,"3/28/11 15:45",0.83,,"United Kingdom"
"547964","90000D","COPPER/OLIVE GREEN FLOWER NECKLACE",1,"3/28/11 15:45",6.23,,"United Kingdom"
"547964","90028","NEW BAROQUE LARGE NECKLACE BLK/WHIT",1,"3/28/11 15:45",8.32,,"United Kingdom"
"547964","DOT","DOTCOM POSTAGE",1,"3/28/11 15:45",184.6,,"United Kingdom"
"547965","22989","SET 2 PANTRY DESIGN TEA TOWELS",6,"3/28/11 15:47",3.25,15809,"United Kingdom"
"547965","22990","COTTON APRON PANTRY DESIGN",2,"3/28/11 15:47",4.95,15809,"United Kingdom"
"547965","21398","RED POLKADOT COFFEE  MUG",48,"3/28/11 15:47",0.39,15809,"United Kingdom"
"547965","22781","GUMBALL MAGAZINE RACK",2,"3/28/11 15:47",7.65,15809,"United Kingdom"
"547966","DOT",,1000,"3/28/11 15:49",0,,"United Kingdom"
"547967","15036","ASSORTED COLOURS SILK FAN",4,"3/28/11 15:49",1.63,,"United Kingdom"
"547967","15039","SANDALWOOD FAN",3,"3/28/11 15:49",1.63,,"United Kingdom"
"547967","15060B","FAIRY CAKE DESIGN UMBRELLA",1,"3/28/11 15:49",8.29,,"United Kingdom"
"547967","16237","SLEEPING CAT ERASERS",1,"3/28/11 15:49",0.42,,"United Kingdom"
"547967","17084N","FAIRY DREAMS INCENSE",5,"3/28/11 15:49",0.42,,"United Kingdom"
"547967","17129F","BLUE GLASS GEMS IN BAG",8,"3/28/11 15:49",1.63,,"United Kingdom"
"547967","20619","TROPICAL PASSPORT COVER",1,"3/28/11 15:49",1.63,,"United Kingdom"
"547967","20707","CRAZY DAISY HEART DECORATION",1,"3/28/11 15:49",0.83,,"United Kingdom"
"547967","20712","JUMBO BAG WOODLAND ANIMALS",1,"3/28/11 15:49",4.13,,"United Kingdom"
"547967","20719","WOODLAND CHARLOTTE BAG",2,"3/28/11 15:49",1.63,,"United Kingdom"
"547967","20723","STRAWBERRY CHARLOTTE BAG",1,"3/28/11 15:49",1.63,,"United Kingdom"
"547967","20725","LUNCH BAG RED RETROSPOT",1,"3/28/11 15:49",4.13,,"United Kingdom"
"547967","20733","GOLD MINI TAPE MEASURE",2,"3/28/11 15:49",0.83,,"United Kingdom"
"547967","20751","FUNKY WASHING UP GLOVES ASSORTED",2,"3/28/11 15:49",4.13,,"United Kingdom"
"547967","20766","GARDEN PATH SKETCHBOOK",1,"3/28/11 15:49",7.46,,"United Kingdom"
"547967","20829","GLITTER HANGING BUTTERFLY STRING",1,"3/28/11 15:49",4.13,,"United Kingdom"
"547967","20914","SET/5 RED RETROSPOT LID GLASS BOWLS",1,"3/28/11 15:49",5.79,,"United Kingdom"
"547967","20974","12 PENCILS SMALL TUBE SKULL",20,"3/28/11 15:49",1.25,,"United Kingdom"
"547967","21043","APRON MODERN VINTAGE COTTON",3,"3/28/11 15:49",4.13,,"United Kingdom"
"547967","21069","VINTAGE BILLBOARD TEA MUG",1,"3/28/11 15:49",2.46,,"United Kingdom"
"547967","21080","SET/20 RED RETROSPOT PAPER NAPKINS",1,"3/28/11 15:49",1.63,,"United Kingdom"
"547967","21110","LARGE CAKE TOWEL PINK SPOTS",1,"3/28/11 15:49",13.29,,"United Kingdom"
"547967","21164","HOME SWEET HOME METAL SIGN",9,"3/28/11 15:49",5.79,,"United Kingdom"
"547967","21165","BEWARE OF THE CAT METAL SIGN",1,"3/28/11 15:49",4.13,,"United Kingdom"
"547967","21272","SALLE DE BAIN HOOK",1,"3/28/11 15:49",2.46,,"United Kingdom"
"547967","21314","SMALL GLASS HEART TRINKET POT",1,"3/28/11 15:49",4.13,,"United Kingdom"
"547967","21390","FILIGRIS HEART WITH BUTTERFLY",4,"3/28/11 15:49",2.46,,"United Kingdom"
"547967","21454","PAINTED PINK RABBIT",3,"3/28/11 15:49",0.83,,"United Kingdom"
"547967","21455","PAINTED YELLOW WOODEN DAISY",2,"3/28/11 15:49",0.83,,"United Kingdom"
"547967","21456","2 PICTURE BOOK EGGS EASTER CHICKS",1,"3/28/11 15:49",2.46,,"United Kingdom"
"547967","21457","2 PICTURE BOOK EGGS EASTER DUCKS",1,"3/28/11 15:49",2.46,,"United Kingdom"
"547967","21458","2 PICTURE BOOK EGGS EASTER BUNNY",1,"3/28/11 15:49",2.46,,"United Kingdom"
"547967","21621","VINTAGE UNION JACK BUNTING",4,"3/28/11 15:49",16.63,,"United Kingdom"
"547967","21626","VINTAGE UNION JACK PENNANT",1,"3/28/11 15:49",4.13,,"United Kingdom"
"547967","21658","GLASS  BEURRE DISH",1,"3/28/11 15:49",8.29,,"United Kingdom"
"547967","21673","WHITE SPOT BLUE CERAMIC DRAWER KNOB",6,"3/28/11 15:49",3.29,,"United Kingdom"
"547967","21698","MOCK LOBSTER FRIDGE MAGNET",1,"3/28/11 15:49",1.63,,"United Kingdom"
"547967","21773","DECORATIVE ROSE BATHROOM BOTTLE",1,"3/28/11 15:49",2.46,,"United Kingdom"
"547967","21775","DECORATIVE FLORE BATHROOM BOTTLE",1,"3/28/11 15:49",2.46,,"United Kingdom"
"547967","21786","POLKADOT RAIN HAT",2,"3/28/11 15:49",0.83,,"United Kingdom"
"547967","21880","RED RETROSPOT TAPE",2,"3/28/11 15:49",0.42,,"United Kingdom"
"547967","21937","STRAWBERRY   PICNIC BAG",1,"3/28/11 15:49",5.79,,"United Kingdom"
"547967","21955","DOORMAT UNION JACK GUNS AND ROSES",1,"3/28/11 15:49",15.79,,"United Kingdom"
"547967","21974","SET OF 36 PAISLEY FLOWER DOILIES",2,"3/28/11 15:49",2.92,,"United Kingdom"
"547967","21985","PACK OF 12 HEARTS DESIGN TISSUES",1,"3/28/11 15:49",0.83,,"United Kingdom"
"547967","21991","BOHEMIAN COLLAGE STATIONERY SET",1,"3/28/11 15:49",2.46,,"United Kingdom"
"547967","21992","VINTAGE PAISLEY STATIONERY SET",1,"3/28/11 15:49",2.46,,"United Kingdom"
"547967","22025","RING OF ROSES BIRTHDAY CARD",1,"3/28/11 15:49",0.83,,"United Kingdom"
"547967","22077","6 RIBBONS RUSTIC CHARM",1,"3/28/11 15:49",3.29,,"United Kingdom"
"547967","22083","PAPER CHAIN KIT RETROSPOT",1,"3/28/11 15:49",5.79,,"United Kingdom"
"547967","22084","PAPER CHAIN KIT EMPIRE",2,"3/28/11 15:49",5.79,,"United Kingdom"
"547967","22087","PAPER BUNTING WHITE LACE",1,"3/28/11 15:49",5.79,,"United Kingdom"
"547967","22090","PAPER BUNTING RETROSPOT",1,"3/28/11 15:49",5.79,,"United Kingdom"
"547967","22108","PING! MICROWAVE PLATE",2,"3/28/11 15:49",3.29,,"United Kingdom"
"547967","22124","SET OF 2 TEA TOWELS PING MICROWAVE",1,"3/28/11 15:49",2.46,,"United Kingdom"
"547967","22142","CHRISTMAS CRAFT WHITE FAIRY",1,"3/28/11 15:49",3.29,,"United Kingdom"
"547967","22165","DIAMANTE HEART SHAPED WALL MIRROR,",1,"3/28/11 15:49",10.79,,"United Kingdom"
"547967","22178","VICTORIAN GLASS HANGING T-LIGHT",1,"3/28/11 15:49",2.46,,"United Kingdom"
"547967","22183","CAKE STAND VICTORIAN FILIGREE MED",1,"3/28/11 15:49",5.79,,"United Kingdom"
"547967","22197","SMALL POPCORN HOLDER",2,"3/28/11 15:49",1.63,,"United Kingdom"
"547967","22199","FRYING PAN RED RETROSPOT",1,"3/28/11 15:49",8.29,,"United Kingdom"
"547967","22248","DECORATION  PINK CHICK MAGIC GARDEN",1,"3/28/11 15:49",1.63,,"United Kingdom"
"547967","22249","DECORATION WHITE CHICK MAGIC GARDEN",1,"3/28/11 15:49",1.63,,"United Kingdom"
"547967","22250","DECORATION  BUTTERFLY  MAGIC GARDEN",1,"3/28/11 15:49",1.63,,"United Kingdom"
"547967","22251","BIRDHOUSE DECORATION MAGIC GARDEN",1,"3/28/11 15:49",2.46,,"United Kingdom"
"547967","22258","FELT FARM ANIMAL RABBIT",1,"3/28/11 15:49",2.46,,"United Kingdom"
"547967","22260","FELT EGG COSY BLUE RABBIT",1,"3/28/11 15:49",1.63,,"United Kingdom"
"547967","22261","FELT EGG COSY WHITE RABBIT",1,"3/28/11 15:49",1.63,,"United Kingdom"
"547967","22282","12 EGG HOUSE PAINTED WOOD",1,"3/28/11 15:49",24.96,,"United Kingdom"
"547967","22285","HANGING HEN ON NEST DECORATION",2,"3/28/11 15:49",3.29,,"United Kingdom"
"547967","22294","HEART FILIGREE DOVE  SMALL",1,"3/28/11 15:49",2.46,,"United Kingdom"
"547967","22297","HEART IVORY TRELLIS SMALL",1,"3/28/11 15:49",2.46,,"United Kingdom"
"547967","22312","OFFICE MUG WARMER POLKADOT",1,"3/28/11 15:49",5.79,,"United Kingdom"
"547967","22331","WOODLAND PARTY BAG + STICKER SET",1,"3/28/11 15:49",3.29,,"United Kingdom"
"547967","22334","DINOSAUR PARTY BAG + STICKER SET",2,"3/28/11 15:49",3.29,,"United Kingdom"
"547967","22358","KINGS CHOICE TEA CADDY",1,"3/28/11 15:49",5.79,,"United Kingdom"
"547967","22379","RECYCLING BAG RETROSPOT",2,"3/28/11 15:49",4.13,,"United Kingdom"
"547967","22386","JUMBO BAG PINK POLKADOT",1,"3/28/11 15:49",4.13,,"United Kingdom"
"547967","22423","REGENCY CAKESTAND 3 TIER",1,"3/28/11 15:49",24.96,,"United Kingdom"
"547967","22432","WATERING CAN PINK BUNNY",1,"3/28/11 15:49",4.13,,"United Kingdom"
"547967","22457","NATURAL SLATE HEART CHALKBOARD",5,"3/28/11 15:49",5.79,,"United Kingdom"
"547967","22494","EMERGENCY FIRST AID TIN",2,"3/28/11 15:49",2.46,,"United Kingdom"
"547967","22499","WOODEN UNION JACK BUNTING",2,"3/28/11 15:49",12.46,,"United Kingdom"
"547967","22568","FELTCRAFT CUSHION OWL",2,"3/28/11 15:49",7.46,,"United Kingdom"
"547967","22670","FRENCH WC SIGN BLUE METAL",1,"3/28/11 15:49",2.46,,"United Kingdom"
"547967","22676","FRENCH BLUE METAL DOOR SIGN 1",1,"3/28/11 15:49",2.46,,"United Kingdom"
"547967","22677","FRENCH BLUE METAL DOOR SIGN 2",1,"3/28/11 15:49",2.46,,"United Kingdom"
"547967","22678","FRENCH BLUE METAL DOOR SIGN 3",2,"3/28/11 15:49",2.46,,"United Kingdom"
"547967","22686","FRENCH BLUE METAL DOOR SIGN No",1,"3/28/11 15:49",2.46,,"United Kingdom"
"547967","22699","ROSES REGENCY TEACUP AND SAUCER",1,"3/28/11 15:49",5.79,,"United Kingdom"
"547967","22721","SET OF 3 CAKE TINS SKETCHBOOK",2,"3/28/11 15:49",10.79,,"United Kingdom"
"547967","22722","SET OF 6 SPICE TINS PANTRY DESIGN",1,"3/28/11 15:49",8.29,,"United Kingdom"
"547967","22770","MIRROR CORNICE",4,"3/28/11 15:49",29.17,,"United Kingdom"
"547967","22808","SET OF 6 T-LIGHTS EASTER CHICKS",1,"3/28/11 15:49",5.79,,"United Kingdom"
"547967","22814","CARD PARTY GAMES",1,"3/28/11 15:49",0.83,,"United Kingdom"
"547967","22851","SET 20 NAPKINS FAIRY CAKES DESIGN",6,"3/28/11 15:49",1.63,,"United Kingdom"
"547967","22870","NUMBER TILE COTTAGE GARDEN 2",1,"3/28/11 15:49",4.13,,"United Kingdom"
"547967","22872","NUMBER TILE COTTAGE GARDEN 4",1,"3/28/11 15:49",4.13,,"United Kingdom"
"547967","22878","NUMBER TILE COTTAGE GARDEN No",2,"3/28/11 15:49",4.13,,"United Kingdom"
"547967","22915","ASSORTED BOTTLE TOP  MAGNETS",1,"3/28/11 15:49",4.96,,"United Kingdom"
"547967","22948","METAL DECORATION NAUGHTY CHILDREN",1,"3/28/11 15:49",6.63,,"United Kingdom"
"547967","22960","JAM MAKING SET WITH JARS",1,"3/28/11 15:49",8.29,,"United Kingdom"
"547967","22989","SET 2 PANTRY DESIGN TEA TOWELS",1,"3/28/11 15:49",6.63,,"United Kingdom"
"547967","22991","GIRAFFE WOODEN RULER",1,"3/28/11 15:49",3.75,,"United Kingdom"
"547967","22993","SET OF 4 PANTRY JELLY MOULDS",2,"3/28/11 15:49",2.46,,"United Kingdom"
"547967","23126","FELTCRAFT GIRL AMELIE KIT",1,"3/28/11 15:49",10.79,,"United Kingdom"
"547967","23127","FELTCRAFT GIRL NICOLE KIT",1,"3/28/11 15:49",10.79,,"United Kingdom"
"547967","23128","FELTCRAFT BOY JEAN-PAUL KIT",1,"3/28/11 15:49",10.79,,"United Kingdom"
"547967","23154","SET OF 4 JAM JAR MAGNETS",1,"3/28/11 15:49",4.13,,"United Kingdom"
"547967","23156","SET OF 5 MINI GROCERY MAGNETS",2,"3/28/11 15:49",4.13,,"United Kingdom"
"547967","23159","SET OF 5 PANCAKE DAY MAGNETS",2,"3/28/11 15:49",4.13,,"United Kingdom"
"547967","23182","TOILET SIGN OCCUPIED OR VACANT",1,"3/28/11 15:49",2.46,,"United Kingdom"
"547967","23183","MOTHER'S KITCHEN SPOON REST",1,"3/28/11 15:49",7.46,,"United Kingdom"
"547967","23193","BUFFALO BILL TREASURE BOOK BOX",1,"3/28/11 15:49",4.58,,"United Kingdom"
"547967","23194","GYMKHANA TREASURE BOOK BOX",1,"3/28/11 15:49",4.58,,"United Kingdom"
"547967","35911A","MULTICOLOUR RABBIT EGG WARMER",1,"3/28/11 15:49",0.83,,"United Kingdom"
"547967","35915C","PEACH KNITTED HEN",1,"3/28/11 15:49",0.83,,"United Kingdom"
"547967","40016","CHINESE DRAGON PAPER LANTERNS",2,"3/28/11 15:49",8.29,,"United Kingdom"
"547967","47566","PARTY BUNTING",1,"3/28/11 15:49",10.79,,"United Kingdom"
"547967","48188","DOORMAT WELCOME PUPPIES",1,"3/28/11 15:49",15.79,,"United Kingdom"
"547967","71053","WHITE METAL LANTERN",1,"3/28/11 15:49",8.29,,"United Kingdom"
"547967","75049L","LARGE CIRCULAR MIRROR MOBILE",13,"3/28/11 15:49",2.46,,"United Kingdom"
"547967","82578","KITCHEN METAL SIGN",1,"3/28/11 15:49",1.25,,"United Kingdom"
"547967","82580","BATHROOM METAL SIGN",1,"3/28/11 15:49",1.25,,"United Kingdom"
"547967","84078A","SET/4 WHITE RETRO STORAGE CUBES",1,"3/28/11 15:49",74.96,,"United Kingdom"
"547967","84422","PINK/BLUE DISC/MIRROR STRING",6,"3/28/11 15:49",1.63,,"United Kingdom"
"547967","84596B","SMALL DOLLY MIX DESIGN ORANGE BOWL",1,"3/28/11 15:49",0.83,,"United Kingdom"
"547967","84596E","SMALL LICORICE DES PINK BOWL",1,"3/28/11 15:49",0.83,,"United Kingdom"
"547967","84596L","BISCUITS SMALL BOWL LIGHT BLUE",1,"3/28/11 15:49",0.83,,"United Kingdom"
"547967","84872A","TEATIME FUNKY FLOWER BACKPACK FOR 2",1,"3/28/11 15:49",10.79,,"United Kingdom"
"547967","84970S","HANGING HEART ZINC T-LIGHT HOLDER",1,"3/28/11 15:49",2.08,,"United Kingdom"
"547967","84978","HANGING HEART JAR T-LIGHT HOLDER",1,"3/28/11 15:49",2.46,,"United Kingdom"
"547967","84988","SET OF 72 PINK HEART PAPER DOILIES",1,"3/28/11 15:49",2.92,,"United Kingdom"
"547967","84992","72 SWEETHEART FAIRY CAKE CASES",1,"3/28/11 15:49",1.25,,"United Kingdom"
"547967","85053","FRENCH ENAMEL CANDLEHOLDER",6,"3/28/11 15:49",4.13,,"United Kingdom"
"547967","85066","CREAM SWEETHEART MINI CHEST",1,"3/28/11 15:49",24.96,,"United Kingdom"
"547967","85095","THREE CANVAS LUGGAGE TAGS",1,"3/28/11 15:49",4.13,,"United Kingdom"
"547967","85099C","JUMBO  BAG BAROQUE BLACK WHITE",13,"3/28/11 15:49",4.13,,"United Kingdom"
"547967","85123A","WHITE HANGING HEART T-LIGHT HOLDER",1,"3/28/11 15:49",5.79,,"United Kingdom"
"547967","85176","SEWING SUSAN 21 NEEDLE SET",1,"3/28/11 15:49",1.63,,"United Kingdom"
"547967","85183B","CHARLIE & LOLA WASTEPAPER BIN FLORA",1,"3/28/11 15:49",7.46,,"United Kingdom"
"547967","85186A","EASTER BUNNY GARLAND OF FLOWERS",2,"3/28/11 15:49",0.83,,"United Kingdom"
"547967","85187","S/12 MINI RABBIT EASTER",1,"3/28/11 15:49",3.29,,"United Kingdom"
"547967","85194L","HANGING SPRING FLOWER EGG LARGE",1,"3/28/11 15:49",1.63,,"United Kingdom"
"547967","85194S","HANGING SPRING FLOWER EGG SMALL",1,"3/28/11 15:49",1.63,,"United Kingdom"
"547967","85199L","LARGE HANGING IVORY & RED WOOD BIRD",1,"3/28/11 15:49",1.25,,"United Kingdom"
"547967","85199S","SMALL HANGING IVORY/RED WOOD BIRD",1,"3/28/11 15:49",0.83,,"United Kingdom"
"547967","90114","SUMMER DAISIES BAG CHARM",1,"3/28/11 15:49",2.46,,"United Kingdom"
"547967","90116","FRUIT SALAD BAG CHARM",1,"3/28/11 15:49",2.46,,"United Kingdom"
"547967","90119","METALIC LEAVES BAG CHARMS",1,"3/28/11 15:49",2.46,,"United Kingdom"
"547967","DOT","DOTCOM POSTAGE",1,"3/28/11 15:49",229.79,,"United Kingdom"
"C547968","22859","EASTER TIN BUNNY BOUQUET",-1,"3/28/11 16:02",1.65,12471,"Germany"
"C547968","84228","HEN HOUSE W CHICK STANDING",-1,"3/28/11 16:02",0.42,12471,"Germany"
"547969","20977","36 PENCILS TUBE WOODLAND",8,"3/28/11 16:27",1.25,17238,"United Kingdom"
"547969","20979","36 PENCILS TUBE RED RETROSPOT",1,"3/28/11 16:27",1.25,17238,"United Kingdom"
"547969","20978","36 PENCILS TUBE SKULLS",7,"3/28/11 16:27",1.25,17238,"United Kingdom"
"547969","85049C","ROMANTIC PINKS RIBBONS",3,"3/28/11 16:27",1.25,17238,"United Kingdom"
"547969","85049F","BABY BOOM RIBBONS",3,"3/28/11 16:27",1.25,17238,"United Kingdom"
"547969","22988","SOLDIERS EGG CUP",1,"3/28/11 16:27",1.25,17238,"United Kingdom"
"547969","21238","RED RETROSPOT CUP",4,"3/28/11 16:27",0.85,17238,"United Kingdom"
"547969","21240","BLUE POLKADOT CUP",8,"3/28/11 16:27",0.85,17238,"United Kingdom"
"547969","21243","PINK  POLKADOT PLATE",2,"3/28/11 16:27",1.69,17238,"United Kingdom"
"547969","21244","BLUE POLKADOT PLATE",4,"3/28/11 16:27",1.69,17238,"United Kingdom"
"547969","21245","GREEN POLKADOT PLATE",4,"3/28/11 16:27",1.69,17238,"United Kingdom"
"547969","21242","RED RETROSPOT PLATE",4,"3/28/11 16:27",1.69,17238,"United Kingdom"
"547969","20674","GREEN POLKADOT BOWL",4,"3/28/11 16:27",1.25,17238,"United Kingdom"
"547969","20675","BLUE POLKADOT BOWL",8,"3/28/11 16:27",1.25,17238,"United Kingdom"
"547969","20676","RED RETROSPOT BOWL",4,"3/28/11 16:27",1.25,17238,"United Kingdom"
"547969","21561","DINOSAUR LUNCH BOX WITH CUTLERY",2,"3/28/11 16:27",2.55,17238,"United Kingdom"
"547969","21239","PINK  POLKADOT CUP",5,"3/28/11 16:27",0.85,17238,"United Kingdom"
"547969","84997A","CHILDRENS CUTLERY POLKADOT GREEN",5,"3/28/11 16:27",4.15,17238,"United Kingdom"
"547969","84997B","CHILDRENS CUTLERY RETROSPOT RED",3,"3/28/11 16:27",4.15,17238,"United Kingdom"
"547969","21559","STRAWBERRY LUNCH BOX WITH CUTLERY",2,"3/28/11 16:27",2.55,17238,"United Kingdom"
"547969","23009","I LOVE LONDON BABY GIFT SET",1,"3/28/11 16:27",16.95,17238,"United Kingdom"
"547969","21500","PINK POLKADOT WRAP",25,"3/28/11 16:27",0.42,17238,"United Kingdom"
"547969","22993","SET OF 4 PANTRY JELLY MOULDS",2,"3/28/11 16:27",1.25,17238,"United Kingdom"
"547969","22617","BAKING SET SPACEBOY DESIGN",1,"3/28/11 16:27",4.95,17238,"United Kingdom"
"547969","22634","CHILDS BREAKFAST SET SPACEBOY",1,"3/28/11 16:27",9.95,17238,"United Kingdom"
"547969","22635","CHILDS BREAKFAST SET DOLLY GIRL",1,"3/28/11 16:27",9.95,17238,"United Kingdom"
"547969","23007","SPACEBOY BABY GIFT SET",1,"3/28/11 16:27",16.95,17238,"United Kingdom"
"547969","22520","CHILDS GARDEN TROWEL BLUE",3,"3/28/11 16:27",0.85,17238,"United Kingdom"
"547969","22521","CHILDS GARDEN TROWEL PINK",3,"3/28/11 16:27",0.85,17238,"United Kingdom"
"547969","20728","LUNCH BAG CARS BLUE",1,"3/28/11 16:27",1.65,17238,"United Kingdom"
"547969","22382","LUNCH BAG SPACEBOY DESIGN",1,"3/28/11 16:27",1.65,17238,"United Kingdom"
"547969","20726","LUNCH BAG WOODLAND",2,"3/28/11 16:27",1.65,17238,"United Kingdom"
"547969","22971","QUEENS GUARD COFFEE MUG",4,"3/28/11 16:27",2.55,17238,"United Kingdom"
"547969","22384","LUNCH BAG PINK POLKADOT",2,"3/28/11 16:27",1.65,17238,"United Kingdom"
"547969","21931","JUMBO STORAGE BAG SUKI",3,"3/28/11 16:27",1.95,17238,"United Kingdom"
"547969","22521","CHILDS GARDEN TROWEL PINK",3,"3/28/11 16:27",0.85,17238,"United Kingdom"
"547969","22521","CHILDS GARDEN TROWEL PINK",3,"3/28/11 16:27",0.85,17238,"United Kingdom"
"547969","22519","CHILDS GARDEN BRUSH PINK",3,"3/28/11 16:27",2.1,17238,"United Kingdom"
"547969","22518","CHILDS GARDEN BRUSH BLUE",3,"3/28/11 16:27",2.1,17238,"United Kingdom"
"547970","22990","COTTON APRON PANTRY DESIGN",1,"3/28/11 16:28",4.95,17238,"United Kingdom"
"547971","16216","LETTER SHAPE PENCIL SHARPENER",10,"3/28/11 16:37",0.16,17917,"United Kingdom"
"547971","84509G","SET OF 4 FAIRY CAKE PLACEMATS",2,"3/28/11 16:37",3.75,17917,"United Kingdom"
"547971","22859","EASTER TIN BUNNY BOUQUET",2,"3/28/11 16:37",1.65,17917,"United Kingdom"
"547971","20659","ECONOMY LUGGAGE TAG",2,"3/28/11 16:37",1.25,17917,"United Kingdom"
"547971","20985","HEART CALCULATOR",1,"3/28/11 16:37",1.25,17917,"United Kingdom"
"547971","22759","SET OF 3 NOTEBOOKS IN PARCEL",1,"3/28/11 16:37",1.65,17917,"United Kingdom"
"547971","20985","HEART CALCULATOR",4,"3/28/11 16:37",1.25,17917,"United Kingdom"
"547971","21591","COSY HOUR CIGAR BOX MATCHES",1,"3/28/11 16:37",1.25,17917,"United Kingdom"
"547971","20659","ECONOMY LUGGAGE TAG",1,"3/28/11 16:37",1.25,17917,"United Kingdom"
"547971","37501","TEA TIME TEA SET IN GIFT BOX",1,"3/28/11 16:37",6.95,17917,"United Kingdom"
"547971","22851","SET 20 NAPKINS FAIRY CAKES DESIGN",1,"3/28/11 16:37",0.85,17917,"United Kingdom"
"547971","21832","CHOCOLATE CALCULATOR",4,"3/28/11 16:37",1.65,17917,"United Kingdom"
"547971","20975","12 PENCILS SMALL TUBE RED RETROSPOT",2,"3/28/11 16:37",0.65,17917,"United Kingdom"
"547971","20975","12 PENCILS SMALL TUBE RED RETROSPOT",7,"3/28/11 16:37",0.65,17917,"United Kingdom"
"547971","22759","SET OF 3 NOTEBOOKS IN PARCEL",2,"3/28/11 16:37",1.65,17917,"United Kingdom"
"547971","84522","PINK PARTY SUNGLASSES",2,"3/28/11 16:37",1.95,17917,"United Kingdom"
"547971","22979","PANTRY WASHING UP BRUSH",1,"3/28/11 16:37",1.45,17917,"United Kingdom"
"547971","22659","LUNCH BOX I LOVE LONDON",1,"3/28/11 16:37",1.95,17917,"United Kingdom"
"547971","84012","MAGIC SHEEP WOOL GROWING FROM PAPER",2,"3/28/11 16:37",2.55,17917,"United Kingdom"
"547971","22729","ALARM CLOCK BAKELIKE ORANGE",2,"3/28/11 16:37",3.75,17917,"United Kingdom"
"547971","84558A","3D DOG PICTURE PLAYING CARDS",1,"3/28/11 16:37",2.95,17917,"United Kingdom"
"547971","84559A","3D SHEET OF DOG STICKERS",1,"3/28/11 16:37",0.85,17917,"United Kingdom"
"547971","21327","SKULLS WRITING SET",3,"3/28/11 16:37",1.65,17917,"United Kingdom"
"547971","21328","BALLOONS  WRITING SET",2,"3/28/11 16:37",1.65,17917,"United Kingdom"
"547971","22382","LUNCH BAG SPACEBOY DESIGN",1,"3/28/11 16:37",1.65,17917,"United Kingdom"
"547971","22383","LUNCH BAG SUKI DESIGN",3,"3/28/11 16:37",1.65,17917,"United Kingdom"
"547971","22132","RED LOVE HEART SHAPE CUP",1,"3/28/11 16:37",0.85,17917,"United Kingdom"
"547971","22133","PINK LOVE HEART SHAPE CUP",1,"3/28/11 16:37",0.85,17917,"United Kingdom"
"547971","84378","SET OF 3 HEART COOKIE CUTTERS",2,"3/28/11 16:37",1.25,17917,"United Kingdom"
"547971","21472","LADYBIRD + BEE RAFFIA FOOD COVER",1,"3/28/11 16:37",3.75,17917,"United Kingdom"
"547971","21467","CHERRY CROCHET FOOD COVER",1,"3/28/11 16:37",3.75,17917,"United Kingdom"
"547971","20978","36 PENCILS TUBE SKULLS",1,"3/28/11 16:37",1.25,17917,"United Kingdom"
"547971","21577","SAVE THE PLANET COTTON TOTE BAG",4,"3/28/11 16:37",2.25,17917,"United Kingdom"
"547971","20727","LUNCH BAG  BLACK SKULL.",2,"3/28/11 16:37",1.65,17917,"United Kingdom"
"547971","22139","RETROSPOT TEA SET CERAMIC 11 PC",1,"3/28/11 16:37",4.95,17917,"United Kingdom"
"547971","22411","JUMBO SHOPPER VINTAGE RED PAISLEY",1,"3/28/11 16:37",1.95,17917,"United Kingdom"
"547972","22383","LUNCH BAG SUKI DESIGN",150,"3/28/11 16:41",1.45,12557,"Spain"
"547972","22384","LUNCH BAG PINK POLKADOT",150,"3/28/11 16:41",1.45,12557,"Spain"
"547972","20727","LUNCH BAG  BLACK SKULL.",50,"3/28/11 16:41",1.65,12557,"Spain"
"547972","20725","LUNCH BAG RED RETROSPOT",50,"3/28/11 16:41",1.65,12557,"Spain"
"547972","20728","LUNCH BAG CARS BLUE",150,"3/28/11 16:41",1.45,12557,"Spain"
"547985","22082","RIBBON REEL STRIPES DESIGN",10,"3/29/11 8:43",1.65,16455,"United Kingdom"
"547985","22081","RIBBON REEL FLORA + FAUNA",10,"3/29/11 8:43",1.65,16455,"United Kingdom"
"547985","22079","RIBBON REEL HEARTS DESIGN",10,"3/29/11 8:43",1.65,16455,"United Kingdom"
"547985","22078","RIBBON REEL LACE DESIGN",10,"3/29/11 8:43",2.1,16455,"United Kingdom"
"547985","85049C","ROMANTIC PINKS RIBBONS",12,"3/29/11 8:43",1.25,16455,"United Kingdom"
"547985","85049G","CHOCOLATE BOX RIBBONS",12,"3/29/11 8:43",1.25,16455,"United Kingdom"
"547985","22077","6 RIBBONS RUSTIC CHARM",12,"3/29/11 8:43",1.65,16455,"United Kingdom"
"547985","22621","TRADITIONAL KNITTING NANCY",12,"3/29/11 8:43",1.45,16455,"United Kingdom"
"547985","20969","RED FLORAL FELTCRAFT SHOULDER BAG",8,"3/29/11 8:43",3.75,16455,"United Kingdom"
"547985","20970","PINK FLORAL FELTCRAFT SHOULDER BAG",8,"3/29/11 8:43",3.75,16455,"United Kingdom"
"547985","20967","GREY FLORAL FELTCRAFT SHOULDER BAG",8,"3/29/11 8:43",3.75,16455,"United Kingdom"
"547985","22570","FELTCRAFT CUSHION RABBIT",8,"3/29/11 8:43",3.75,16455,"United Kingdom"
"547985","22569","FELTCRAFT CUSHION BUTTERFLY",8,"3/29/11 8:43",3.75,16455,"United Kingdom"
"547985","22568","FELTCRAFT CUSHION OWL",8,"3/29/11 8:43",3.75,16455,"United Kingdom"
"547985","22150","3 STRIPEY MICE FELTCRAFT",12,"3/29/11 8:43",1.95,16455,"United Kingdom"
"547985","22149","FELTCRAFT 6 FLOWER FRIENDS",12,"3/29/11 8:43",2.1,16455,"United Kingdom"
"547985","22147","FELTCRAFT BUTTERFLY HEARTS",12,"3/29/11 8:43",1.45,16455,"United Kingdom"
"547985","20971","PINK BLUE FELT CRAFT TRINKET BOX",12,"3/29/11 8:43",1.25,16455,"United Kingdom"
"547985","20972","PINK CREAM FELT CRAFT TRINKET BOX",12,"3/29/11 8:43",1.25,16455,"United Kingdom"
"547986","21931","JUMBO STORAGE BAG SUKI",10,"3/29/11 8:46",1.95,18177,"United Kingdom"
"547986","21928","JUMBO BAG SCANDINAVIAN BLUE PAISLEY",10,"3/29/11 8:46",1.95,18177,"United Kingdom"
"547986","20713","JUMBO BAG OWLS",4,"3/29/11 8:46",1.95,18177,"United Kingdom"
"547986","21929","JUMBO BAG PINK VINTAGE PAISLEY",10,"3/29/11 8:46",1.95,18177,"United Kingdom"
"547986","85099C","JUMBO  BAG BAROQUE BLACK WHITE",10,"3/29/11 8:46",1.95,18177,"United Kingdom"
"547986","85099B","JUMBO BAG RED RETROSPOT",10,"3/29/11 8:46",1.95,18177,"United Kingdom"
"547986","85099F","JUMBO BAG STRAWBERRY",10,"3/29/11 8:46",1.95,18177,"United Kingdom"
"547986","21936","RED RETROSPOT PICNIC BAG",5,"3/29/11 8:46",2.95,18177,"United Kingdom"
"547986","21937","STRAWBERRY   PICNIC BAG",5,"3/29/11 8:46",2.95,18177,"United Kingdom"
"547986","21932","SCANDINAVIAN PAISLEY PICNIC BAG",5,"3/29/11 8:46",2.95,18177,"United Kingdom"
"547987","20711","JUMBO BAG TOYS",10,"3/29/11 9:11",1.95,17428,"United Kingdom"
"547987","20712","JUMBO BAG WOODLAND ANIMALS",10,"3/29/11 9:11",1.95,17428,"United Kingdom"
"547987","21928","JUMBO BAG SCANDINAVIAN BLUE PAISLEY",10,"3/29/11 9:11",1.95,17428,"United Kingdom"
"547987","21931","JUMBO STORAGE BAG SUKI",10,"3/29/11 9:11",1.95,17428,"United Kingdom"
"547987","20713","JUMBO BAG OWLS",10,"3/29/11 9:11",1.95,17428,"United Kingdom"
"547987","22385","JUMBO BAG SPACEBOY DESIGN",10,"3/29/11 9:11",1.95,17428,"United Kingdom"
"547987","22663","JUMBO BAG DOLLY GIRL DESIGN",10,"3/29/11 9:11",1.95,17428,"United Kingdom"
"547987","85099B","JUMBO BAG RED RETROSPOT",10,"3/29/11 9:11",1.95,17428,"United Kingdom"
"547987","22411","JUMBO SHOPPER VINTAGE RED PAISLEY",10,"3/29/11 9:11",1.95,17428,"United Kingdom"
"547987","85099F","JUMBO BAG STRAWBERRY",10,"3/29/11 9:11",1.95,17428,"United Kingdom"
"547987","22661","CHARLOTTE BAG DOLLY GIRL DESIGN",10,"3/29/11 9:11",0.85,17428,"United Kingdom"
"547987","22355","CHARLOTTE BAG SUKI DESIGN",10,"3/29/11 9:11",0.85,17428,"United Kingdom"
"547987","20719","WOODLAND CHARLOTTE BAG",10,"3/29/11 9:11",0.85,17428,"United Kingdom"
"547987","20723","STRAWBERRY CHARLOTTE BAG",10,"3/29/11 9:11",0.85,17428,"United Kingdom"
"547987","20724","RED RETROSPOT CHARLOTTE BAG",10,"3/29/11 9:11",0.85,17428,"United Kingdom"
"547987","22637","PIGGY BANK RETROSPOT",4,"3/29/11 9:11",2.55,17428,"United Kingdom"
"547987","21155","RED RETROSPOT PEG BAG",6,"3/29/11 9:11",2.55,17428,"United Kingdom"
"547987","20725","LUNCH BAG RED RETROSPOT",10,"3/29/11 9:11",1.65,17428,"United Kingdom"
"547987","20718","RED RETROSPOT SHOPPER BAG",10,"3/29/11 9:11",1.25,17428,"United Kingdom"
"547987","21039","RED RETROSPOT SHOPPING BAG",6,"3/29/11 9:11",2.55,17428,"United Kingdom"
"547987","21212","PACK OF 72 RETROSPOT CAKE CASES",24,"3/29/11 9:11",0.55,17428,"United Kingdom"
"547987","21535","RED RETROSPOT SMALL MILK JUG",6,"3/29/11 9:11",2.55,17428,"United Kingdom"
"547987","22662","LUNCH BAG DOLLY GIRL DESIGN",10,"3/29/11 9:11",1.65,17428,"United Kingdom"
"547987","22892","SET OF SALT AND PEPPER TOADSTOOLS",12,"3/29/11 9:11",1.25,17428,"United Kingdom"
"547987","21398","RED POLKADOT COFFEE  MUG",48,"3/29/11 9:11",0.39,17428,"United Kingdom"
"547987","21399","BLUE POLKADOT COFFEE MUG",48,"3/29/11 9:11",0.39,17428,"United Kingdom"
"547987","37327","ASSTD MULTICOLOUR CIRCLES MUG",48,"3/29/11 9:11",0.39,17428,"United Kingdom"
"547987","37340","MULTICOLOUR SPRING FLOWER MUG",48,"3/29/11 9:11",0.39,17428,"United Kingdom"
"547987","37482P","CUBIC MUG PINK POLKADOT",6,"3/29/11 9:11",0.39,17428,"United Kingdom"
"C547988","22467","GUMBALL COAT RACK",-2,"3/29/11 9:19",2.55,13477,"United Kingdom"
"547989","21621","re dotcom quick fix.",-100,"3/29/11 9:36",0,,"United Kingdom"
"547990","47580","TEA TIME DES TEA COSY",6,"3/29/11 9:53",2.55,15589,"United Kingdom"
"547990","84050","PINK HEART SHAPE EGG FRYING PAN",12,"3/29/11 9:53",1.65,15589,"United Kingdom"
"547990","21358","TOAST ITS - HAPPY BIRTHDAY",12,"3/29/11 9:53",1.25,15589,"United Kingdom"
"547990","22499","WOODEN UNION JACK BUNTING",3,"3/29/11 9:53",5.95,15589,"United Kingdom"
"547990","47566B","TEA TIME PARTY BUNTING",4,"3/29/11 9:53",4.95,15589,"United Kingdom"
"547990","22090","PAPER BUNTING RETROSPOT",6,"3/29/11 9:53",2.95,15589,"United Kingdom"
"547990","85123A","WHITE HANGING HEART T-LIGHT HOLDER",6,"3/29/11 9:53",2.95,15589,"United Kingdom"
"547990","21533","RETROSPOT LARGE MILK JUG",3,"3/29/11 9:53",4.95,15589,"United Kingdom"
"547990","22892","SET OF SALT AND PEPPER TOADSTOOLS",12,"3/29/11 9:53",1.25,15589,"United Kingdom"
"547990","21555","CERAMIC STRAWBERRY TRINKET TRAY",6,"3/29/11 9:53",2.55,15589,"United Kingdom"
"547990","22057","CERAMIC PLATE STRAWBERRY DESIGN",12,"3/29/11 9:53",1.49,15589,"United Kingdom"
"547990","84817","DANISH ROSE DECORATIVE PLATE",6,"3/29/11 9:53",2.1,15589,"United Kingdom"
"547990","21257","VICTORIAN SEWING BOX MEDIUM",2,"3/29/11 9:53",7.95,15589,"United Kingdom"
"547990","22487","WHITE WOOD GARDEN PLANT LADDER",1,"3/29/11 9:53",9.95,15589,"United Kingdom"
"547990","22168","ORGANISER WOOD ANTIQUE WHITE",2,"3/29/11 9:53",8.5,15589,"United Kingdom"
"547990","21277","FRENCH STYLE EMBOSSED HEART CABINET",1,"3/29/11 9:53",21.95,15589,"United Kingdom"
"547991","23076","ICE CREAM SUNDAE LIP GLOSS",24,"3/29/11 9:54",1.25,15589,"United Kingdom"
"C547992","22180","RETROSPOT LAMP",-1,"3/29/11 9:58",9.95,18225,"United Kingdom"
"C547992","22891","TEA FOR ONE POLKADOT",-3,"3/29/11 9:58",4.25,18225,"United Kingdom"
"547993","22423","REGENCY CAKESTAND 3 TIER",4,"3/29/11 9:59",12.75,,"EIRE"
"547993","21212","PACK OF 72 RETROSPOT CAKE CASES",24,"3/29/11 9:59",0.55,,"EIRE"
"547993","21975","PACK OF 60 DINOSAUR CAKE CASES",24,"3/29/11 9:59",0.55,,"EIRE"
"547993","21976","PACK OF 60 MUSHROOM CAKE CASES",24,"3/29/11 9:59",0.55,,"EIRE"
"547993","21977","PACK OF 60 PINK PAISLEY CAKE CASES",24,"3/29/11 9:59",0.55,,"EIRE"
"547993","22951","60 CAKE CASES DOLLY GIRL DESIGN",24,"3/29/11 9:59",0.55,,"EIRE"
"547993","22417","PACK OF 60 SPACEBOY CAKE CASES",24,"3/29/11 9:59",0.55,,"EIRE"
"547993","84991","60 TEATIME FAIRY CAKE CASES",24,"3/29/11 9:59",0.55,,"EIRE"
"547993","84992","72 SWEETHEART FAIRY CAKE CASES",24,"3/29/11 9:59",0.55,,"EIRE"
"547993","22776","SWEETHEART CAKESTAND 3 TIER",2,"3/29/11 9:59",9.95,,"EIRE"
"547993","85099B","JUMBO BAG RED RETROSPOT",10,"3/29/11 9:59",1.95,,"EIRE"
"547993","85099F","JUMBO BAG STRAWBERRY",10,"3/29/11 9:59",1.95,,"EIRE"
"547993","21929","JUMBO BAG PINK VINTAGE PAISLEY",10,"3/29/11 9:59",1.95,,"EIRE"
"547993","22379","RECYCLING BAG RETROSPOT",10,"3/29/11 9:59",2.1,,"EIRE"
"547993","22380","TOY TIDY SPACEBOY",10,"3/29/11 9:59",2.1,,"EIRE"
"547993","22178","VICTORIAN GLASS HANGING T-LIGHT",12,"3/29/11 9:59",1.25,,"EIRE"
"547993","22139","RETROSPOT TEA SET CERAMIC 11 PC",3,"3/29/11 9:59",4.95,,"EIRE"
"547993","22284","HEN HOUSE DECORATION",12,"3/29/11 9:59",1.65,,"EIRE"
"547993","21735","TWO DOOR CURIO CABINET",2,"3/29/11 9:59",12.75,,"EIRE"
"547993","22587","FELTCRAFT HAIRBAND RED AND BLUE",12,"3/29/11 9:59",0.85,,"EIRE"
"547993","22274","FELTCRAFT DOLL EMILY",6,"3/29/11 9:59",2.95,,"EIRE"
"547993","22147","FELTCRAFT BUTTERFLY HEARTS",12,"3/29/11 9:59",1.45,,"EIRE"
"547993","22652","TRAVEL SEWING KIT",10,"3/29/11 9:59",1.65,,"EIRE"
"547993","22722","SET OF 6 SPICE TINS PANTRY DESIGN",4,"3/29/11 9:59",3.95,,"EIRE"
"547993","22854","CREAM SWEETHEART EGG HOLDER",4,"3/29/11 9:59",4.95,,"EIRE"
"547993","22863","SOAP DISH BROCANTE",8,"3/29/11 9:59",2.95,,"EIRE"
"547993","C2","CARRIAGE",1,"3/29/11 9:59",50,,"EIRE"
"547994","21228",,-7,"3/29/11 10:18",0,,"United Kingdom"
"547995","35823P",,-12,"3/29/11 10:20",0,,"United Kingdom"
"547996","84534B",,-10,"3/29/11 10:22",0,,"United Kingdom"
"547997","20857",,-34,"3/29/11 10:22",0,,"United Kingdom"
"547998","20854",,-2,"3/29/11 10:23",0,,"United Kingdom"
"547999","20860",,-7,"3/29/11 10:24",0,,"United Kingdom"
"548000","85224",,-7,"3/29/11 10:24",0,,"United Kingdom"
"548001","22451",,11,"3/29/11 10:26",0,,"United Kingdom"
"548002","21051",,-25,"3/29/11 10:27",0,,"United Kingdom"
"548003","21506","FANCY FONT BIRTHDAY CARD,",12,"3/29/11 10:39",0.42,18044,"United Kingdom"
"548003","16156S","WRAP PINK FAIRY CAKES",25,"3/29/11 10:39",0.42,18044,"United Kingdom"
"548003","22082","RIBBON REEL STRIPES DESIGN",10,"3/29/11 10:39",1.65,18044,"United Kingdom"
"548003","22081","RIBBON REEL FLORA + FAUNA",10,"3/29/11 10:39",1.65,18044,"United Kingdom"
"548003","22699","ROSES REGENCY TEACUP AND SAUCER",6,"3/29/11 10:39",2.95,18044,"United Kingdom"
"548003","22698","PINK REGENCY TEACUP AND SAUCER",6,"3/29/11 10:39",2.95,18044,"United Kingdom"
"548003","22697","GREEN REGENCY TEACUP AND SAUCER",6,"3/29/11 10:39",2.95,18044,"United Kingdom"
"548003","22192","BLUE DINER WALL CLOCK",2,"3/29/11 10:39",8.5,18044,"United Kingdom"
"548003","22361","GLASS JAR DAISY FRESH COTTON WOOL",6,"3/29/11 10:39",2.95,18044,"United Kingdom"
"548003","22362","GLASS JAR PEACOCK BATH SALTS",6,"3/29/11 10:39",2.95,18044,"United Kingdom"
"548003","22915","ASSORTED BOTTLE TOP  MAGNETS",12,"3/29/11 10:39",0.42,18044,"United Kingdom"
"548003","22969","HOMEMADE JAM SCENTED CANDLES",12,"3/29/11 10:39",1.45,18044,"United Kingdom"
"548003","85175","CACTI T-LIGHT CANDLES",16,"3/29/11 10:39",0.42,18044,"United Kingdom"
"548003","22485","SET OF 2 WOODEN MARKET CRATES",2,"3/29/11 10:39",12.75,18044,"United Kingdom"
"548003","22848","BREAD BIN DINER STYLE PINK",1,"3/29/11 10:39",16.95,18044,"United Kingdom"
"548003","22849","BREAD BIN DINER STYLE MINT",1,"3/29/11 10:39",16.95,18044,"United Kingdom"
"548003","22784","LANTERN CREAM GAZEBO",3,"3/29/11 10:39",4.95,18044,"United Kingdom"
"548003","48138","DOORMAT UNION FLAG",4,"3/29/11 10:39",7.95,18044,"United Kingdom"
"548005","22718","CARD CAT AND TREE",12,"3/29/11 10:49",0.42,14128,"United Kingdom"
"548005","21506","FANCY FONT BIRTHDAY CARD,",12,"3/29/11 10:49",0.42,14128,"United Kingdom"
"548005","22717","CARD DOG AND BALL",12,"3/29/11 10:49",0.42,14128,"United Kingdom"
"548005","22817","CARD SUKI BIRTHDAY",12,"3/29/11 10:49",0.42,14128,"United Kingdom"
"548005","21497","FANCY FONTS BIRTHDAY WRAP",25,"3/29/11 10:49",0.42,14128,"United Kingdom"
"548005","21498","RED RETROSPOT WRAP",25,"3/29/11 10:49",0.42,14128,"United Kingdom"
"548005","21499","BLUE POLKADOT WRAP",25,"3/29/11 10:49",0.42,14128,"United Kingdom"
"548005","21500","PINK POLKADOT WRAP",25,"3/29/11 10:49",0.42,14128,"United Kingdom"
"548005","23230","WRAP ALPHABET DESIGN",25,"3/29/11 10:49",0.42,14128,"United Kingdom"
"548005","22300","COFFEE MUG DOG + BALL DESIGN",6,"3/29/11 10:49",2.55,14128,"United Kingdom"
"548005","22303","COFFEE MUG APPLES DESIGN",6,"3/29/11 10:49",2.55,14128,"United Kingdom"
"548005","22301","COFFEE MUG CAT + BIRD DESIGN",6,"3/29/11 10:49",2.55,14128,"United Kingdom"
"548005","22302","COFFEE MUG PEARS  DESIGN",6,"3/29/11 10:49",2.55,14128,"United Kingdom"
"548005","22508","DOORSTOP RETROSPOT HEART",4,"3/29/11 10:49",3.75,14128,"United Kingdom"
"548005","22766","PHOTO FRAME CORNICE",8,"3/29/11 10:49",2.95,14128,"United Kingdom"
"548005","82494L","WOODEN FRAME ANTIQUE WHITE",6,"3/29/11 10:49",2.95,14128,"United Kingdom"
"548005","82482","WOODEN PICTURE FRAME WHITE FINISH",6,"3/29/11 10:49",2.55,14128,"United Kingdom"
"548005","21381","MINI WOODEN HAPPY BIRTHDAY GARLAND",12,"3/29/11 10:49",1.69,14128,"United Kingdom"
"548005","22139","RETROSPOT TEA SET CERAMIC 11 PC",6,"3/29/11 10:49",4.95,14128,"United Kingdom"
"548005","21559","STRAWBERRY LUNCH BOX WITH CUTLERY",6,"3/29/11 10:49",2.55,14128,"United Kingdom"
"548005","22646","CERAMIC STRAWBERRY CAKE MONEY BANK",12,"3/29/11 10:49",1.45,14128,"United Kingdom"
"548005","22645","CERAMIC HEART FAIRY CAKE MONEY BANK",12,"3/29/11 10:49",1.45,14128,"United Kingdom"
"548006","22241","GARLAND WOODEN HAPPY EASTER",12,"3/29/11 10:50",1.25,18226,"United Kingdom"
"548006","47566","PARTY BUNTING",8,"3/29/11 10:50",4.95,18226,"United Kingdom"
"548006","22178","VICTORIAN GLASS HANGING T-LIGHT",12,"3/29/11 10:50",1.25,18226,"United Kingdom"
"548006","84978","HANGING HEART JAR T-LIGHT HOLDER",12,"3/29/11 10:50",1.25,18226,"United Kingdom"
"548006","85099B","JUMBO BAG RED RETROSPOT",20,"3/29/11 10:50",1.95,18226,"United Kingdom"
"548006","20711","JUMBO BAG TOYS",20,"3/29/11 10:50",1.95,18226,"United Kingdom"
"548006","21929","JUMBO BAG PINK VINTAGE PAISLEY",10,"3/29/11 10:50",1.95,18226,"United Kingdom"
"548006","21928","JUMBO BAG SCANDINAVIAN BLUE PAISLEY",10,"3/29/11 10:50",1.95,18226,"United Kingdom"
"548006","21936","RED RETROSPOT PICNIC BAG",5,"3/29/11 10:50",2.95,18226,"United Kingdom"
"548006","21932","SCANDINAVIAN PAISLEY PICNIC BAG",5,"3/29/11 10:50",2.95,18226,"United Kingdom"
"548006","20725","LUNCH BAG RED RETROSPOT",20,"3/29/11 10:50",1.65,18226,"United Kingdom"
"548006","20728","LUNCH BAG CARS BLUE",10,"3/29/11 10:50",1.65,18226,"United Kingdom"
"548006","20727","LUNCH BAG  BLACK SKULL.",10,"3/29/11 10:50",1.65,18226,"United Kingdom"
"548006","22383","LUNCH BAG SUKI DESIGN",10,"3/29/11 10:50",1.65,18226,"United Kingdom"
"548006","22384","LUNCH BAG PINK POLKADOT",10,"3/29/11 10:50",1.65,18226,"United Kingdom"
"548006","21933","PINK VINTAGE PAISLEY PICNIC BAG",5,"3/29/11 10:50",2.95,18226,"United Kingdom"
"548006","22771","CLEAR DRAWER KNOB ACRYLIC EDWARDIAN",12,"3/29/11 10:50",1.25,18226,"United Kingdom"
"548006","22607","WOODEN ROUNDERS GARDEN SET",2,"3/29/11 10:50",9.95,18226,"United Kingdom"
"548006","21063","PARTY INVITES JAZZ HEARTS",12,"3/29/11 10:50",0.85,18226,"United Kingdom"
"548006","21059","PARTY INVITES DINOSAURS",12,"3/29/11 10:50",0.85,18226,"United Kingdom"
"548006","21060","PARTY INVITES BALLOON GIRL",12,"3/29/11 10:50",0.85,18226,"United Kingdom"
"548006","21380","WOODEN HAPPY BIRTHDAY GARLAND",6,"3/29/11 10:50",2.95,18226,"United Kingdom"
"548007","82494L","WOODEN FRAME ANTIQUE WHITE",6,"3/29/11 10:51",2.95,13769,"United Kingdom"
"548007","22854","CREAM SWEETHEART EGG HOLDER",4,"3/29/11 10:51",4.95,13769,"United Kingdom"
"548007","85123A","WHITE HANGING HEART T-LIGHT HOLDER",6,"3/29/11 10:51",2.95,13769,"United Kingdom"
"548007","22804","CANDLEHOLDER PINK HANGING HEART",6,"3/29/11 10:51",2.95,13769,"United Kingdom"
"548007","84945","MULTI COLOUR SILVER T-LIGHT HOLDER",12,"3/29/11 10:51",0.85,13769,"United Kingdom"
"548007","82600","NO SINGING METAL SIGN",12,"3/29/11 10:51",2.1,13769,"United Kingdom"
"548007","22115","METAL SIGN EMPIRE TEA",6,"3/29/11 10:51",2.95,13769,"United Kingdom"
"548007","85150","LADIES & GENTLEMEN METAL SIGN",6,"3/29/11 10:51",2.55,13769,"United Kingdom"
"548007","22285","HANGING HEN ON NEST DECORATION",12,"3/29/11 10:51",1.65,13769,"United Kingdom"
"548007","22284","HEN HOUSE DECORATION",12,"3/29/11 10:51",1.65,13769,"United Kingdom"
"548007","22499","WOODEN UNION JACK BUNTING",3,"3/29/11 10:51",5.95,13769,"United Kingdom"
"548007","48138","DOORMAT UNION FLAG",2,"3/29/11 10:51",7.95,13769,"United Kingdom"
"548007","22228","BUNNY WOODEN PAINTED WITH BIRD",12,"3/29/11 10:51",0.85,13769,"United Kingdom"
"548007","22957","SET 3 PAPER VINTAGE CHICK PAPER EGG",6,"3/29/11 10:51",2.95,13769,"United Kingdom"
"548007","84836","ZINC METAL HEART DECORATION",12,"3/29/11 10:51",1.25,13769,"United Kingdom"
"548007","21626","VINTAGE UNION JACK PENNANT",12,"3/29/11 10:51",1.95,13769,"United Kingdom"
"548007","85174","S/4 CACTI CANDLES",4,"3/29/11 10:51",4.95,13769,"United Kingdom"
"548008","21190",,-80,"3/29/11 10:52",0,,"United Kingdom"
"C548009","22720","SET OF 3 CAKE TINS PANTRY DESIGN",-2,"3/29/11 10:55",4.95,14245,"United Kingdom"
"548010","23008","DOLLY GIRL BABY GIFT SET",18,"3/29/11 11:04",14.95,14646,"Netherlands"
"548010","23007","SPACEBOY BABY GIFT SET",18,"3/29/11 11:04",14.95,14646,"Netherlands"
"548010","23010","CIRCUS PARADE BABY GIFT SET",6,"3/29/11 11:04",14.95,14646,"Netherlands"
"548010","22712","CARD DOLLY GIRL",144,"3/29/11 11:04",0.36,14646,"Netherlands"
"548010","22037","ROBOT BIRTHDAY CARD",72,"3/29/11 11:04",0.42,14646,"Netherlands"
"548010","23128","DOLLCRAFT BOY JEAN-PAUL",40,"3/29/11 11:04",4.15,14646,"Netherlands"
"548010","23126","DOLLCRAFT GIRL AMELIE KIT",40,"3/29/11 11:04",4.15,14646,"Netherlands"
"548010","22979","PANTRY WASHING UP BRUSH",72,"3/29/11 11:04",1.25,14646,"Netherlands"
"548010","23178","JAM CLOCK MAGNET",72,"3/29/11 11:04",2.49,14646,"Netherlands"
"548010","23179","CLOCK MAGNET MUM'S KITCHEN",72,"3/29/11 11:04",2.49,14646,"Netherlands"
"548010","23184","BULL DOG BOTTLE OPENER",36,"3/29/11 11:04",4.15,14646,"Netherlands"
"548010","23154","SET OF 4 JAM JAR MAGNETS",120,"3/29/11 11:04",1.85,14646,"Netherlands"
"548010","23158","SET OF 5 LUCKY CAT MAGNETS",120,"3/29/11 11:04",1.85,14646,"Netherlands"
"548010","23156","SET OF 5 MINI GROCERY MAGNETS",120,"3/29/11 11:04",1.85,14646,"Netherlands"
"548010","23159","SET OF 5 PANCAKE DAY MAGNETS",120,"3/29/11 11:04",1.85,14646,"Netherlands"
"548011","22149","FELTCRAFT 6 FLOWER FRIENDS",40,"3/29/11 11:14",1.85,14646,"Netherlands"
"548011","22968","ROSE COTTAGE KEEPSAKE BOX",24,"3/29/11 11:14",8.5,14646,"Netherlands"
"548011","22759","SET OF 3 NOTEBOOKS IN PARCEL",96,"3/29/11 11:14",1.45,14646,"Netherlands"
"548011","20723","STRAWBERRY CHARLOTTE BAG",200,"3/29/11 11:14",0.72,14646,"Netherlands"
"548011","20717","STRAWBERRY SHOPPER BAG",100,"3/29/11 11:14",1.06,14646,"Netherlands"
"548011","20719","WOODLAND CHARLOTTE BAG",200,"3/29/11 11:14",0.72,14646,"Netherlands"
"548011","20724","RED RETROSPOT CHARLOTTE BAG",100,"3/29/11 11:14",0.72,14646,"Netherlands"
"548011","20726","LUNCH BAG WOODLAND",100,"3/29/11 11:14",1.45,14646,"Netherlands"
"548011","21188","3D HEARTS  HONEYCOMB PAPER GARLAND",48,"3/29/11 11:14",2.55,14646,"Netherlands"
"548011","21207","SKULL AND CROSSBONES  GARLAND",48,"3/29/11 11:14",1.45,14646,"Netherlands"
"548011","21212","PACK OF 72 RETROSPOT CAKE CASES",240,"3/29/11 11:14",0.42,14646,"Netherlands"
"548011","21213","PACK OF 72 SKULL CAKE CASES",240,"3/29/11 11:14",0.42,14646,"Netherlands"
"548011","21481","FAWN BLUE HOT WATER BOTTLE",36,"3/29/11 11:14",2.55,14646,"Netherlands"
"548011","21559","STRAWBERRY LUNCH BOX WITH CUTLERY",180,"3/29/11 11:14",2.1,14646,"Netherlands"
"548011","21561","DINOSAUR LUNCH BOX WITH CUTLERY",60,"3/29/11 11:14",2.1,14646,"Netherlands"
"548011","21937","STRAWBERRY   PICNIC BAG",100,"3/29/11 11:14",2.55,14646,"Netherlands"
"548011","21975","PACK OF 60 DINOSAUR CAKE CASES",120,"3/29/11 11:14",0.42,14646,"Netherlands"
"548011","21976","PACK OF 60 MUSHROOM CAKE CASES",240,"3/29/11 11:14",0.42,14646,"Netherlands"
"548011","22029","SPACEBOY BIRTHDAY CARD",216,"3/29/11 11:14",0.36,14646,"Netherlands"
"548011","22245","HOOK, 1 HANGER ,MAGIC GARDEN",192,"3/29/11 11:14",0.72,14646,"Netherlands"
"548011","22243","5 HOOK HANGER RED MAGIC TOADSTOOL",96,"3/29/11 11:14",1.45,14646,"Netherlands"
"548011","22244","3 HOOK HANGER MAGIC GARDEN",96,"3/29/11 11:14",1.65,14646,"Netherlands"
"548011","22297","HEART IVORY TRELLIS SMALL",288,"3/29/11 11:14",1.06,14646,"Netherlands"
"548011","22326","ROUND SNACK BOXES SET OF4 WOODLAND",144,"3/29/11 11:14",2.55,14646,"Netherlands"
"548011","22328","ROUND SNACK BOXES SET OF 4 FRUITS",144,"3/29/11 11:14",2.55,14646,"Netherlands"
"548011","22327","ROUND SNACK BOXES SET OF 4 SKULLS",96,"3/29/11 11:14",2.55,14646,"Netherlands"
"548011","22352","LUNCH BOX WITH CUTLERY RETROSPOT",120,"3/29/11 11:14",2.1,14646,"Netherlands"
"548011","22356","CHARLOTTE BAG PINK POLKADOT",100,"3/29/11 11:14",0.72,14646,"Netherlands"
"548011","22367","CHILDRENS APRON SPACEBOY DESIGN",50,"3/29/11 11:14",1.65,14646,"Netherlands"
"548011","22382","LUNCH BAG SPACEBOY DESIGN",200,"3/29/11 11:14",1.45,14646,"Netherlands"
"548011","22384","LUNCH BAG PINK POLKADOT",100,"3/29/11 11:14",1.45,14646,"Netherlands"
"548011","22385","JUMBO BAG SPACEBOY DESIGN",100,"3/29/11 11:14",1.65,14646,"Netherlands"
"548011","22386","JUMBO BAG PINK POLKADOT",100,"3/29/11 11:14",1.65,14646,"Netherlands"
"548011","22399","MAGNETS PACK OF 4 CHILDHOOD MEMORY",108,"3/29/11 11:14",1.06,14646,"Netherlands"
"548011","22417","PACK OF 60 SPACEBOY CAKE CASES",240,"3/29/11 11:14",0.42,14646,"Netherlands"
"548011","22423","REGENCY CAKESTAND 3 TIER",32,"3/29/11 11:14",10.95,14646,"Netherlands"
"548011","22432","WATERING CAN PINK BUNNY",48,"3/29/11 11:14",1.65,14646,"Netherlands"
"548011","22554","PLASTERS IN TIN WOODLAND ANIMALS",192,"3/29/11 11:14",1.45,14646,"Netherlands"
"548011","22555","PLASTERS IN TIN STRONGMAN",96,"3/29/11 11:14",1.45,14646,"Netherlands"
"548011","22556","PLASTERS IN TIN CIRCUS PARADE",96,"3/29/11 11:14",1.45,14646,"Netherlands"
"548011","22557","PLASTERS IN TIN VINTAGE PAISLEY",96,"3/29/11 11:14",1.45,14646,"Netherlands"
"548011","22558","CLOTHES PEGS RETROSPOT PACK 24",96,"3/29/11 11:14",1.25,14646,"Netherlands"
"548011","22613","PACK OF 20 SPACEBOY NAPKINS",192,"3/29/11 11:14",0.72,14646,"Netherlands"
"548011","22629","SPACEBOY LUNCH BOX",640,"3/29/11 11:14",1.65,14646,"Netherlands"
"548011","22630","DOLLY GIRL LUNCH BOX",640,"3/29/11 11:14",1.65,14646,"Netherlands"
"548011","22631","CIRCUS PARADE LUNCH BOX",128,"3/29/11 11:14",1.65,14646,"Netherlands"
"548011","22634","CHILDS BREAKFAST SET SPACEBOY",16,"3/29/11 11:14",8.5,14646,"Netherlands"
"548011","22635","CHILDS BREAKFAST SET DOLLY GIRL",16,"3/29/11 11:14",8.5,14646,"Netherlands"
"548011","22662","LUNCH BAG DOLLY GIRL DESIGN",200,"3/29/11 11:14",1.45,14646,"Netherlands"
"548011","22661","CHARLOTTE BAG DOLLY GIRL DESIGN",100,"3/29/11 11:14",0.72,14646,"Netherlands"
"548011","22663","JUMBO BAG DOLLY GIRL DESIGN",200,"3/29/11 11:14",1.65,14646,"Netherlands"
"548011","22667","RECIPE BOX RETROSPOT",48,"3/29/11 11:14",2.55,14646,"Netherlands"
"548011","22666","RECIPE BOX PANTRY YELLOW DESIGN",24,"3/29/11 11:14",2.55,14646,"Netherlands"
"548011","22714","CARD BIRTHDAY COWBOY",144,"3/29/11 11:14",0.36,14646,"Netherlands"
"548011","22776","SWEETHEART CAKESTAND 3 TIER",12,"3/29/11 11:14",8.5,14646,"Netherlands"
"548011","22779","WOODEN OWLS LIGHT GARLAND",48,"3/29/11 11:14",3.75,14646,"Netherlands"
"548011","22780","LIGHT GARLAND BUTTERFILES PINK",48,"3/29/11 11:14",3.75,14646,"Netherlands"
"548011","22814","CARD PARTY GAMES",144,"3/29/11 11:14",0.36,14646,"Netherlands"
"548011","22848","BREAD BIN DINER STYLE PINK",12,"3/29/11 11:14",14.95,14646,"Netherlands"
"548011","22849","BREAD BIN DINER STYLE MINT",12,"3/29/11 11:14",14.95,14646,"Netherlands"
"548011","22890","NOVELTY BISCUITS CAKE STAND 3 TIER",24,"3/29/11 11:14",8.5,14646,"Netherlands"
"548011","22895","SET OF 2 TEA TOWELS APPLE AND PEARS",100,"3/29/11 11:14",2.55,14646,"Netherlands"
"548011","22899","CHILDREN'S APRON DOLLY GIRL",50,"3/29/11 11:14",1.85,14646,"Netherlands"
"548011","22908","PACK OF 20 NAPKINS RED APPLES",96,"3/29/11 11:14",0.72,14646,"Netherlands"
"548011","22951","60 CAKE CASES DOLLY GIRL DESIGN",240,"3/29/11 11:14",0.42,14646,"Netherlands"
"548011","22956","36 FOIL HEART CAKE CASES",144,"3/29/11 11:14",1.85,14646,"Netherlands"
"548011","22964","3 PIECE SPACEBOY COOKIE CUTTER SET",144,"3/29/11 11:14",1.85,14646,"Netherlands"
"548011","22966","GINGERBREAD MAN COOKIE CUTTER",144,"3/29/11 11:14",1.06,14646,"Netherlands"
"548011","22967","SET 3 SONG BIRD PAPER EGGS ASSORTED",48,"3/29/11 11:14",2.55,14646,"Netherlands"
"548011","22972","CHILDREN'S SPACEBOY MUG",48,"3/29/11 11:14",1.45,14646,"Netherlands"
"548011","22974","CHILDRENS DOLLY GIRL MUG",48,"3/29/11 11:14",1.45,14646,"Netherlands"
"548011","22992","REVOLVER WOODEN RULER",144,"3/29/11 11:14",1.65,14646,"Netherlands"
"548011","22993","SET OF 4 PANTRY JELLY MOULDS",72,"3/29/11 11:14",1.06,14646,"Netherlands"
"548011","84378","SET OF 3 HEART COOKIE CUTTERS",144,"3/29/11 11:14",1.06,14646,"Netherlands"
"548011","84380","SET OF 3 BUTTERFLY COOKIE CUTTERS",144,"3/29/11 11:14",1.06,14646,"Netherlands"
"548011","84987","SET OF 36 TEATIME PAPER DOILIES",144,"3/29/11 11:14",1.25,14646,"Netherlands"
"548011","84988","SET OF 72 PINK HEART PAPER DOILIES",96,"3/29/11 11:14",1.25,14646,"Netherlands"
"548011","84991","60 TEATIME FAIRY CAKE CASES",240,"3/29/11 11:14",0.42,14646,"Netherlands"
"548011","84459A","PINK METAL CHICKEN HEART",96,"3/29/11 11:14",1.25,14646,"Netherlands"
"548011","85099B","JUMBO BAG RED RETROSPOT",100,"3/29/11 11:14",1.65,14646,"Netherlands"
"548011","20727","LUNCH BAG  BLACK SKULL.",100,"3/29/11 11:14",1.45,14646,"Netherlands"
"548011","21211","SET OF 72 SKULL PAPER  DOILIES",96,"3/29/11 11:14",1.25,14646,"Netherlands"
"548011","22650","CERAMIC PIRATE CHEST MONEY BANK",36,"3/29/11 11:14",1.25,14646,"Netherlands"
"548011","20712","JUMBO BAG WOODLAND ANIMALS",200,"3/29/11 11:14",1.65,14646,"Netherlands"
"548011","22136","LOVE HEART SOCK HANGER",96,"3/29/11 11:14",1.45,14646,"Netherlands"
"548011","84992","72 SWEETHEART FAIRY CAKE CASES",120,"3/29/11 11:14",0.42,14646,"Netherlands"
"548011","22131","FOOD CONTAINER SET 3 LOVE HEART",144,"3/29/11 11:14",1.65,14646,"Netherlands"
"548011","23158","SET OF 5 LUCKY CAT MAGNETS",120,"3/29/11 11:14",1.85,14646,"Netherlands"
"548011","23155","KNICKERBOCKERGLORY MAGNET ASSORTED",96,"3/29/11 11:14",0.72,14646,"Netherlands"
"548012","22030","SWALLOWS GREETING CARD",12,"3/29/11 11:15",0.42,17377,"United Kingdom"
"548012","22712","CARD DOLLY GIRL",12,"3/29/11 11:15",0.42,17377,"United Kingdom"
"548012","21506","FANCY FONT BIRTHDAY CARD,",12,"3/29/11 11:15",0.42,17377,"United Kingdom"
"548012","21509","COWBOYS AND INDIANS BIRTHDAY CARD",12,"3/29/11 11:15",0.42,17377,"United Kingdom"
"548012","21034","REX CASH+CARRY JUMBO SHOPPER",1,"3/29/11 11:15",0.95,17377,"United Kingdom"
"548012","21621","VINTAGE UNION JACK BUNTING",18,"3/29/11 11:15",8.5,17377,"United Kingdom"
"548012","22900","SET 2 TEA TOWELS I LOVE LONDON",20,"3/29/11 11:15",2.95,17377,"United Kingdom"
"548012","21625","VINTAGE UNION JACK APRON",1,"3/29/11 11:15",6.95,17377,"United Kingdom"
"548012","21929","JUMBO BAG PINK VINTAGE PAISLEY",5,"3/29/11 11:15",1.95,17377,"United Kingdom"
"548012","85099F","JUMBO BAG STRAWBERRY",3,"3/29/11 11:15",1.95,17377,"United Kingdom"
"548012","21928","JUMBO BAG SCANDINAVIAN BLUE PAISLEY",5,"3/29/11 11:15",1.95,17377,"United Kingdom"
"548012","22451","SILK PURSE BABUSHKA RED",5,"3/29/11 11:15",3.35,17377,"United Kingdom"
"548012","85123A","WHITE HANGING HEART T-LIGHT HOLDER",12,"3/29/11 11:15",2.95,17377,"United Kingdom"
"548013","22616","PACK OF 12 LONDON TISSUES",24,"3/29/11 11:25",0.29,17874,"United Kingdom"
"548013","22900","SET 2 TEA TOWELS I LOVE LONDON",6,"3/29/11 11:25",2.95,17874,"United Kingdom"
"548013","22902","TOTE BAG I LOVE LONDON",12,"3/29/11 11:25",2.1,17874,"United Kingdom"
"548013","22970","LONDON BUS COFFEE MUG",6,"3/29/11 11:25",2.55,17874,"United Kingdom"
"548014","35241","ENAMEL BLUE RIM BISCUIT BIN",3,"3/29/11 11:29",4.95,17719,"United Kingdom"
"548014","22424","ENAMEL BREAD BIN CREAM",1,"3/29/11 11:29",12.75,17719,"United Kingdom"
"548014","22722","SET OF 6 SPICE TINS PANTRY DESIGN",4,"3/29/11 11:29",3.95,17719,"United Kingdom"
"548014","22720","SET OF 3 CAKE TINS PANTRY DESIGN",3,"3/29/11 11:29",4.95,17719,"United Kingdom"
"548014","22841","ROUND CAKE TIN VINTAGE GREEN",2,"3/29/11 11:29",7.95,17719,"United Kingdom"
"548014","22844","VINTAGE CREAM DOG FOOD CONTAINER",2,"3/29/11 11:29",8.5,17719,"United Kingdom"
"548014","22845","VINTAGE CREAM CAT FOOD CONTAINER",2,"3/29/11 11:29",6.35,17719,"United Kingdom"
"548014","21430","SET/3 RED GINGHAM ROSE STORAGE BOX",4,"3/29/11 11:29",3.75,17719,"United Kingdom"
"548014","21706","FOLDING UMBRELLA RED/WHITE POLKADOT",4,"3/29/11 11:29",4.95,17719,"United Kingdom"
"548014","22193","RED DINER WALL CLOCK",2,"3/29/11 11:29",8.5,17719,"United Kingdom"
"548014","21395","BLUE POLKADOT BEAKER",48,"3/29/11 11:29",0.39,17719,"United Kingdom"
"548014","21394","RED POLKADOT BEAKER",48,"3/29/11 11:29",0.39,17719,"United Kingdom"
"548014","21397","BLUE POLKADOT EGG CUP",48,"3/29/11 11:29",0.39,17719,"United Kingdom"
"548014","21400","RED PUDDING SPOON",24,"3/29/11 11:29",0.12,17719,"United Kingdom"
"548014","21401","BLUE PUDDING SPOON",24,"3/29/11 11:29",0.12,17719,"United Kingdom"
"548014","21399","BLUE POLKADOT COFFEE MUG",48,"3/29/11 11:29",0.39,17719,"United Kingdom"
"548014","21398","RED POLKADOT COFFEE  MUG",48,"3/29/11 11:29",0.39,17719,"United Kingdom"
"548014","22467","GUMBALL COAT RACK",6,"3/29/11 11:29",2.55,17719,"United Kingdom"
"548014","21534","DAIRY MAID LARGE MILK JUG",3,"3/29/11 11:29",4.95,17719,"United Kingdom"
"548014","21528","DAIRY MAID TRADITIONAL TEAPOT",2,"3/29/11 11:29",6.95,17719,"United Kingdom"
"548014","20749","ASSORTED COLOUR MINI CASES",2,"3/29/11 11:29",7.95,17719,"United Kingdom"
"548014","22927","GREEN GIANT GARDEN THERMOMETER",2,"3/29/11 11:29",5.95,17719,"United Kingdom"
"548014","21896","POTTING SHED TWINE",6,"3/29/11 11:29",2.1,17719,"United Kingdom"
"548014","22673","FRENCH GARDEN SIGN BLUE METAL",12,"3/29/11 11:29",1.25,17719,"United Kingdom"
"548014","22675","FRENCH KITCHEN SIGN BLUE METAL",12,"3/29/11 11:29",1.25,17719,"United Kingdom"
"548014","21172","PARTY METAL SIGN",12,"3/29/11 11:29",1.45,17719,"United Kingdom"
"548014","22725","ALARM CLOCK BAKELIKE CHOCOLATE",4,"3/29/11 11:29",3.75,17719,"United Kingdom"
"548014","22728","ALARM CLOCK BAKELIKE PINK",4,"3/29/11 11:29",3.75,17719,"United Kingdom"
"548014","22726","ALARM CLOCK BAKELIKE GREEN",4,"3/29/11 11:29",3.75,17719,"United Kingdom"
"548014","22729","ALARM CLOCK BAKELIKE ORANGE",4,"3/29/11 11:29",3.75,17719,"United Kingdom"
"548014","22727","ALARM CLOCK BAKELIKE RED",4,"3/29/11 11:29",3.75,17719,"United Kingdom"
"548014","22730","ALARM CLOCK BAKELIKE IVORY",4,"3/29/11 11:29",3.75,17719,"United Kingdom"
"548014","22194","BLACK DINER WALL CLOCK",2,"3/29/11 11:29",8.5,17719,"United Kingdom"
"548014","85054","FRENCH ENAMEL POT W LID",6,"3/29/11 11:29",2.95,17719,"United Kingdom"
"548014","22429","ENAMEL MEASURING JUG CREAM",4,"3/29/11 11:29",4.25,17719,"United Kingdom"
"548014","22427","ENAMEL FLOWER JUG CREAM",3,"3/29/11 11:29",5.95,17719,"United Kingdom"
"548014","35809A","ENAMEL PINK TEA CONTAINER",12,"3/29/11 11:29",0.83,17719,"United Kingdom"
"548014","35810B","ENAMEL BLUE RIM COFFEE CONTAINER",12,"3/29/11 11:29",0.83,17719,"United Kingdom"
"548014","22843","BISCUIT TIN VINTAGE GREEN",2,"3/29/11 11:29",6.75,17719,"United Kingdom"
"C548015","82583","HOT BATHS METAL SIGN",-30,"3/29/11 11:30",1.69,13802,"United Kingdom"
"548016","23076","ICE CREAM SUNDAE LIP GLOSS",24,"3/29/11 11:39",1.25,16871,"United Kingdom"
"548016","22712","CARD DOLLY GIRL",12,"3/29/11 11:39",0.42,16871,"United Kingdom"
"548017","22940","FELTCRAFT CHRISTMAS FAIRY",4,"3/29/11 11:42",4.25,16871,"United Kingdom"
"548017","22750","FELTCRAFT PRINCESS LOLA DOLL",4,"3/29/11 11:42",3.75,16871,"United Kingdom"
"548017","22569","FELTCRAFT CUSHION BUTTERFLY",4,"3/29/11 11:42",3.75,16871,"United Kingdom"
"548017","22568","FELTCRAFT CUSHION OWL",4,"3/29/11 11:42",3.75,16871,"United Kingdom"
"548017","22570","FELTCRAFT CUSHION RABBIT",4,"3/29/11 11:42",3.75,16871,"United Kingdom"
"548017","22743","MAKE YOUR OWN FLOWERPOWER CARD KIT",6,"3/29/11 11:42",2.95,16871,"United Kingdom"
"548017","22742","MAKE YOUR OWN PLAYTIME CARD KIT",6,"3/29/11 11:42",2.95,16871,"United Kingdom"
"548017","22960","JAM MAKING SET WITH JARS",6,"3/29/11 11:42",4.25,16871,"United Kingdom"
"548017","22993","SET OF 4 PANTRY JELLY MOULDS",12,"3/29/11 11:42",1.25,16871,"United Kingdom"
"548017","84375","SET OF 20 KIDS COOKIE CUTTERS",12,"3/29/11 11:42",2.1,16871,"United Kingdom"
"548017","22961","JAM MAKING SET PRINTED",12,"3/29/11 11:42",1.45,16871,"United Kingdom"
"548017","22978","PANTRY ROLLING PIN",6,"3/29/11 11:42",3.75,16871,"United Kingdom"
"548017","22720","SET OF 3 CAKE TINS PANTRY DESIGN",3,"3/29/11 11:42",4.95,16871,"United Kingdom"
"548017","84987","SET OF 36 TEATIME PAPER DOILIES",12,"3/29/11 11:42",1.45,16871,"United Kingdom"
"548017","21210","SET OF 72 RETROSPOT PAPER  DOILIES",12,"3/29/11 11:42",1.45,16871,"United Kingdom"
"548017","84988","SET OF 72 PINK HEART PAPER DOILIES",12,"3/29/11 11:42",1.45,16871,"United Kingdom"
"548017","21212","PACK OF 72 RETROSPOT CAKE CASES",24,"3/29/11 11:42",0.55,16871,"United Kingdom"
"548017","21977","PACK OF 60 PINK PAISLEY CAKE CASES",24,"3/29/11 11:42",0.55,16871,"United Kingdom"
"548017","84991","60 TEATIME FAIRY CAKE CASES",24,"3/29/11 11:42",0.55,16871,"United Kingdom"
"548017","47591D","PINK FAIRY CAKE CHILDRENS APRON",8,"3/29/11 11:42",1.95,16871,"United Kingdom"
"548017","22429","ENAMEL MEASURING JUG CREAM",4,"3/29/11 11:42",4.25,16871,"United Kingdom"
"548033","21181","PLEASE ONE PERSON METAL SIGN",12,"3/29/11 12:01",2.1,14441,"United Kingdom"
"548033","21174","POTTERING IN THE SHED METAL SIGN",12,"3/29/11 12:01",2.08,14441,"United Kingdom"
"548033","21165","BEWARE OF THE CAT METAL SIGN",12,"3/29/11 12:01",1.69,14441,"United Kingdom"
"548033","21907","I'M ON HOLIDAY METAL SIGN",12,"3/29/11 12:01",2.1,14441,"United Kingdom"
"548033","48138","DOORMAT UNION FLAG",2,"3/29/11 12:01",7.95,14441,"United Kingdom"
"548033","21624","VINTAGE UNION JACK DOORSTOP",3,"3/29/11 12:01",5.95,14441,"United Kingdom"
"548033","21626","VINTAGE UNION JACK PENNANT",12,"3/29/11 12:01",1.95,14441,"United Kingdom"
"548033","22499","WOODEN UNION JACK BUNTING",18,"3/29/11 12:01",5.95,14441,"United Kingdom"
"548033","21622","VINTAGE UNION JACK CUSHION COVER",4,"3/29/11 12:01",4.95,14441,"United Kingdom"
"548033","46000S","POLYESTER FILLER PAD 40x40cm",4,"3/29/11 12:01",1.45,14441,"United Kingdom"
"548033","21625","VINTAGE UNION JACK APRON",3,"3/29/11 12:01",6.95,14441,"United Kingdom"
"548033","21623","VINTAGE UNION JACK MEMOBOARD",2,"3/29/11 12:01",9.95,14441,"United Kingdom"
"548033","21586","KINGS CHOICE GIANT TUBE MATCHES",12,"3/29/11 12:01",2.55,14441,"United Kingdom"
"548038","84748","FOLK FELT HANGING MULTICOL GARLAND",4,"3/29/11 12:03",3.75,15696,"United Kingdom"
"548038","35910B","PINK FLOWERS RABBIT EASTER",6,"3/29/11 12:03",1.95,15696,"United Kingdom"
"548038","85212","MINI PAINTED GARDEN DECORATION",12,"3/29/11 12:03",0.85,15696,"United Kingdom"
"548038","22148","EASTER CRAFT 4 CHICKS",12,"3/29/11 12:03",1.95,15696,"United Kingdom"
"548038","35916C","PINK FELT HANGING HEART W FLOWER",12,"3/29/11 12:03",0.85,15696,"United Kingdom"
"548038","22241","GARLAND WOODEN HAPPY EASTER",12,"3/29/11 12:03",1.25,15696,"United Kingdom"
"548038","22284","HEN HOUSE DECORATION",12,"3/29/11 12:03",1.65,15696,"United Kingdom"
"548038","22251","BIRDHOUSE DECORATION MAGIC GARDEN",12,"3/29/11 12:03",1.25,15696,"United Kingdom"
"548038","22322","BIRD DECORATION GREEN POLKADOT",12,"3/29/11 12:03",0.85,15696,"United Kingdom"
"548038","82484","WOOD BLACK BOARD ANT WHITE FINISH",2,"3/29/11 12:03",7.9,15696,"United Kingdom"
"548038","84978","HANGING HEART JAR T-LIGHT HOLDER",12,"3/29/11 12:03",1.25,15696,"United Kingdom"
"548038","22487","WHITE WOOD GARDEN PLANT LADDER",1,"3/29/11 12:03",9.95,15696,"United Kingdom"
"548038","84632","DECORATIVE HANGING SHELVING UNIT",1,"3/29/11 12:03",59.95,15696,"United Kingdom"
"548038","22832","BROCANTE SHELF WITH HOOKS",2,"3/29/11 12:03",10.75,15696,"United Kingdom"
"548038","22669","RED BABY BUNTING",5,"3/29/11 12:03",2.95,15696,"United Kingdom"
"548038","22668","PINK BABY BUNTING",5,"3/29/11 12:03",2.95,15696,"United Kingdom"
"548038","22595","GINGHAM HEART DECORATION",12,"3/29/11 12:03",0.85,15696,"United Kingdom"
"548038","84969","BOX OF 6 ASSORTED COLOUR TEASPOONS",6,"3/29/11 12:03",4.25,15696,"United Kingdom"
"548069","20713",,-22,"3/29/11 12:10",0,,"United Kingdom"
"548095","20850",,-3,"3/29/11 12:17",0,,"United Kingdom"
"548098","21283",,-15,"3/29/11 12:17",0,,"United Kingdom"
"548104","84854",,-3,"3/29/11 12:18",0,,"United Kingdom"
"548110","21911",,-27,"3/29/11 12:20",0,,"United Kingdom"
"548144","85099B","JUMBO BAG RED RETROSPOT",100,"3/29/11 12:29",1.65,13798,"United Kingdom"
"548144","85123A","WHITE HANGING HEART T-LIGHT HOLDER",64,"3/29/11 12:29",2.55,13798,"United Kingdom"
"548148","21929","JUMBO BAG PINK VINTAGE PAISLEY",1,"3/29/11 12:31",1.95,17931,"United Kingdom"
"548148","21928","JUMBO BAG SCANDINAVIAN BLUE PAISLEY",1,"3/29/11 12:31",1.95,17931,"United Kingdom"
"548148","21422","PORCELAIN ROSE SMALL",3,"3/29/11 12:31",0.85,17931,"United Kingdom"
"548148","21746","SMALL RED RETROSPOT WINDMILL",6,"3/29/11 12:31",1.25,17931,"United Kingdom"
"548148","21439","BASKET OF TOADSTOOLS",1,"3/29/11 12:31",1.25,17931,"United Kingdom"
"548148","22995","TRAVEL CARD WALLET SUKI",1,"3/29/11 12:31",0.42,17931,"United Kingdom"
"548148","15056P","EDWARDIAN PARASOL PINK",1,"3/29/11 12:31",5.95,17931,"United Kingdom"
"548148","21380","WOODEN HAPPY BIRTHDAY GARLAND",1,"3/29/11 12:31",2.95,17931,"United Kingdom"
"548148","21749","LARGE RED RETROSPOT WINDMILL",5,"3/29/11 12:31",2.1,17931,"United Kingdom"
"548148","21249","WOODLAND  HEIGHT CHART STICKERS",1,"3/29/11 12:31",2.95,17931,"United Kingdom"
"548148","21468","BUTTERFLY CROCHET FOOD COVER",1,"3/29/11 12:31",3.75,17931,"United Kingdom"
"548148","21891","TRADITIONAL WOODEN SKIPPING ROPE",1,"3/29/11 12:31",1.25,17931,"United Kingdom"
"548148","22796","PHOTO FRAME 3 CLASSIC HANGING",1,"3/29/11 12:31",9.95,17931,"United Kingdom"
"548148","21188","3D HEARTS  HONEYCOMB PAPER GARLAND",1,"3/29/11 12:31",2.95,17931,"United Kingdom"
"548148","84509E","SET OF 4 CAROUSEL PLACEMATS",1,"3/29/11 12:31",3.75,17931,"United Kingdom"
"548148","84510E","SET OF 4 GREEN CAROUSEL COASTERS",1,"3/29/11 12:31",1.25,17931,"United Kingdom"
"548148","47566B","TEA TIME PARTY BUNTING",2,"3/29/11 12:31",4.95,17931,"United Kingdom"
"548148","47590B","PINK HAPPY BIRTHDAY BUNTING",1,"3/29/11 12:31",5.45,17931,"United Kingdom"
"548148","22721","SET OF 3 CAKE TINS SKETCHBOOK",1,"3/29/11 12:31",4.95,17931,"United Kingdom"
"548148","21189","WHITE HONEYCOMB PAPER GARLAND",2,"3/29/11 12:31",1.65,17931,"United Kingdom"
"548148","21192","WHITE BELL HONEYCOMB PAPER",5,"3/29/11 12:31",1.65,17931,"United Kingdom"
"548148","21191","LARGE WHITE HONEYCOMB PAPER BELL",5,"3/29/11 12:31",2.1,17931,"United Kingdom"
"548148","84692","BOX OF 24 COCKTAIL PARASOLS",3,"3/29/11 12:31",0.42,17931,"United Kingdom"
"548148","21195","PINK  HONEYCOMB PAPER BALL",10,"3/29/11 12:31",2.1,17931,"United Kingdom"
"548148","21188","3D HEARTS  HONEYCOMB PAPER GARLAND",2,"3/29/11 12:31",2.95,17931,"United Kingdom"
"548148","21087","SET/6 POSIES PAPER CUPS",7,"3/29/11 12:31",0.65,17931,"United Kingdom"
"548148","22315","200 RED + WHITE BENDY STRAWS",1,"3/29/11 12:31",1.25,17931,"United Kingdom"
"548148","21391","FRENCH LAVENDER SCENT HEART",3,"3/29/11 12:31",2.1,17931,"United Kingdom"
"548148","22423","REGENCY CAKESTAND 3 TIER",1,"3/29/11 12:31",12.75,17931,"United Kingdom"
"548148","22970","LONDON BUS COFFEE MUG",2,"3/29/11 12:31",2.55,17931,"United Kingdom"
"548148","22971","QUEENS GUARD COFFEE MUG",1,"3/29/11 12:31",2.55,17931,"United Kingdom"
"548148","22616","PACK OF 12 LONDON TISSUES",3,"3/29/11 12:31",0.29,17931,"United Kingdom"
"548148","21974","SET OF 36 PAISLEY FLOWER DOILIES",2,"3/29/11 12:31",1.45,17931,"United Kingdom"
"548148","22089","PAPER BUNTING VINTAGE PAISLEY",5,"3/29/11 12:31",2.95,17931,"United Kingdom"
"548148","22232","JIGSAW TOADSTOOLS 3 PIECE",2,"3/29/11 12:31",1.65,17931,"United Kingdom"
"548148","22799","SWEETHEART WIRE FRUIT BOWL",1,"3/29/11 12:31",8.5,17931,"United Kingdom"
"548148","22411","JUMBO SHOPPER VINTAGE RED PAISLEY",1,"3/29/11 12:31",1.95,17931,"United Kingdom"
"548148","21231","SWEETHEART CERAMIC TRINKET BOX",4,"3/29/11 12:31",1.25,17931,"United Kingdom"
"548148","22776","SWEETHEART CAKESTAND 3 TIER",1,"3/29/11 12:31",9.95,17931,"United Kingdom"
"548148","22649","STRAWBERRY FAIRY CAKE TEAPOT",2,"3/29/11 12:31",4.95,17931,"United Kingdom"
"548148","22252","BIRDCAGE DECORATION TEALIGHT HOLDER",6,"3/29/11 12:31",1.25,17931,"United Kingdom"
"548148","22050","PINK PAISLEY ROSE GIFT WRAP",50,"3/29/11 12:31",0.42,17931,"United Kingdom"
"548148","22363","GLASS JAR MARMALADE",2,"3/29/11 12:31",2.95,17931,"United Kingdom"
"548148","22360","GLASS JAR ENGLISH CONFECTIONERY",1,"3/29/11 12:31",2.95,17931,"United Kingdom"
"548148","22364","GLASS JAR DIGESTIVE BISCUITS",2,"3/29/11 12:31",2.95,17931,"United Kingdom"
"548148","22900","SET 2 TEA TOWELS I LOVE LONDON",2,"3/29/11 12:31",2.95,17931,"United Kingdom"
"548148","85213","MINI  ZINC GARDEN DECORATIONS",4,"3/29/11 12:31",0.85,17931,"United Kingdom"
"548148","22427","ENAMEL FLOWER JUG CREAM",1,"3/29/11 12:31",5.95,17931,"United Kingdom"
"548148","22430","ENAMEL WATERING CAN CREAM",1,"3/29/11 12:31",4.95,17931,"United Kingdom"
"548148","21340","CLASSIC METAL BIRDCAGE PLANT HOLDER",1,"3/29/11 12:31",12.75,17931,"United Kingdom"
"548149","72821",,-2,"3/29/11 12:36",0,,"United Kingdom"
"548150","22720","SET OF 3 CAKE TINS PANTRY DESIGN",1,"3/29/11 12:55",4.95,17315,"United Kingdom"
"548150","21916","SET 12 RETRO WHITE CHALK STICKS",8,"3/29/11 12:55",0.42,17315,"United Kingdom"
"548150","35810A","ENAMEL PINK COFFEE CONTAINER",6,"3/29/11 12:55",0.83,17315,"United Kingdom"
"548150","35809A","ENAMEL PINK TEA CONTAINER",6,"3/29/11 12:55",0.83,17315,"United Kingdom"
"548150","22411","JUMBO SHOPPER VINTAGE RED PAISLEY",1,"3/29/11 12:55",1.95,17315,"United Kingdom"
"548150","22386","JUMBO BAG PINK POLKADOT",1,"3/29/11 12:55",1.95,17315,"United Kingdom"
"548150","22479","DAISY GARDEN MARKER",10,"3/29/11 12:55",1.25,17315,"United Kingdom"
"548150","22921","HERB MARKER CHIVES",10,"3/29/11 12:55",0.65,17315,"United Kingdom"
"548150","22919","HERB MARKER MINT",10,"3/29/11 12:55",0.65,17315,"United Kingdom"
"548150","22920","HERB MARKER BASIL",10,"3/29/11 12:55",0.65,17315,"United Kingdom"
"548150","22918","HERB MARKER PARSLEY",10,"3/29/11 12:55",0.65,17315,"United Kingdom"
"548150","22917","HERB MARKER ROSEMARY",10,"3/29/11 12:55",0.65,17315,"United Kingdom"
"548150","22916","HERB MARKER THYME",10,"3/29/11 12:55",0.65,17315,"United Kingdom"
"548150","22477","WATERING CAN GARDEN MARKER",5,"3/29/11 12:55",1.25,17315,"United Kingdom"
"548150","22478","BIRDHOUSE GARDEN MARKER",5,"3/29/11 12:55",1.25,17315,"United Kingdom"
"548150","82483","WOOD 2 DRAWER CABINET WHITE FINISH",1,"3/29/11 12:55",6.95,17315,"United Kingdom"
"548150","22773","GREEN DRAWER KNOB ACRYLIC EDWARDIAN",2,"3/29/11 12:55",1.25,17315,"United Kingdom"
"548150","72802B","OCEAN SCENT CANDLE IN JEWELLED BOX",2,"3/29/11 12:55",4.25,17315,"United Kingdom"
"548150","84978","HANGING HEART JAR T-LIGHT HOLDER",36,"3/29/11 12:55",1.06,17315,"United Kingdom"
"548151","22457","NATURAL SLATE HEART CHALKBOARD",6,"3/29/11 12:57",2.95,13803,"United Kingdom"
"548151","22808","SET OF 6 T-LIGHTS EASTER CHICKS",6,"3/29/11 12:57",2.95,13803,"United Kingdom"
"548151","22148","EASTER CRAFT 4 CHICKS",12,"3/29/11 12:57",1.95,13803,"United Kingdom"
"548151","22749","FELTCRAFT PRINCESS CHARLOTTE DOLL",4,"3/29/11 12:57",3.75,13803,"United Kingdom"
"548151","22745","POPPY'S PLAYHOUSE BEDROOM",6,"3/29/11 12:57",2.1,13803,"United Kingdom"
"548151","22748","POPPY'S PLAYHOUSE KITCHEN",6,"3/29/11 12:57",2.1,13803,"United Kingdom"
"548151","22139","RETROSPOT TEA SET CERAMIC 11 PC",3,"3/29/11 12:57",4.95,13803,"United Kingdom"
"548151","47566","PARTY BUNTING",4,"3/29/11 12:57",4.95,13803,"United Kingdom"
"548151","22961","JAM MAKING SET PRINTED",12,"3/29/11 12:57",1.45,13803,"United Kingdom"
"548151","22851","SET 20 NAPKINS FAIRY CAKES DESIGN",12,"3/29/11 12:57",0.85,13803,"United Kingdom"
"548151","84879","ASSORTED COLOUR BIRD ORNAMENT",8,"3/29/11 12:57",1.69,13803,"United Kingdom"
"548151","22822","CREAM WALL PLANTER HEART SHAPED",2,"3/29/11 12:57",5.95,13803,"United Kingdom"
"548151","22284","HEN HOUSE DECORATION",12,"3/29/11 12:57",1.65,13803,"United Kingdom"
"548151","22296","HEART IVORY TRELLIS LARGE",12,"3/29/11 12:57",1.65,13803,"United Kingdom"
"548151","22789","T-LIGHT HOLDER SWEETHEART HANGING",8,"3/29/11 12:57",1.95,13803,"United Kingdom"
"548151","84406B","CREAM CUPID HEARTS COAT HANGER",4,"3/29/11 12:57",4.15,13803,"United Kingdom"
"548151","84792","ENCHANTED BIRD COATHANGER 5 HOOK",4,"3/29/11 12:57",4.65,13803,"United Kingdom"
"548152","21231","SWEETHEART CERAMIC TRINKET BOX",12,"3/29/11 13:04",1.25,17398,"United Kingdom"
"548152","22644","CERAMIC CHERRY CAKE MONEY BANK",12,"3/29/11 13:04",1.45,17398,"United Kingdom"
"548152","22840","ROUND CAKE TIN VINTAGE RED",2,"3/29/11 13:04",7.95,17398,"United Kingdom"
"548152","22841","ROUND CAKE TIN VINTAGE GREEN",2,"3/29/11 13:04",7.95,17398,"United Kingdom"
"548152","22617","BAKING SET SPACEBOY DESIGN",3,"3/29/11 13:04",4.95,17398,"United Kingdom"
"548152","22138","BAKING SET 9 PIECE RETROSPOT",3,"3/29/11 13:04",4.95,17398,"United Kingdom"
"548152","21212","PACK OF 72 RETROSPOT CAKE CASES",24,"3/29/11 13:04",0.55,17398,"United Kingdom"
"548152","21213","PACK OF 72 SKULL CAKE CASES",24,"3/29/11 13:04",0.55,17398,"United Kingdom"
"548152","22417","PACK OF 60 SPACEBOY CAKE CASES",24,"3/29/11 13:04",0.55,17398,"United Kingdom"
"548152","21980","PACK OF 12 RED RETROSPOT TISSUES",24,"3/29/11 13:04",0.29,17398,"United Kingdom"
"548152","21843","RED RETROSPOT CAKE STAND",3,"3/29/11 13:04",10.95,17398,"United Kingdom"
"548152","22939","APRON APPLE DELIGHT",4,"3/29/11 13:04",4.95,17398,"United Kingdom"
"548152","22064","PINK DOUGHNUT TRINKET POT",12,"3/29/11 13:04",1.65,17398,"United Kingdom"
"548152","22067","CHOC TRUFFLE GOLD TRINKET POT",12,"3/29/11 13:04",1.65,17398,"United Kingdom"
"548152","21770","OPEN CLOSED METAL SIGN",2,"3/29/11 13:04",4.95,17398,"United Kingdom"
"548152","22413","METAL SIGN TAKE IT OR LEAVE IT",6,"3/29/11 13:04",2.95,17398,"United Kingdom"
"548152","22215","CAKE STAND WHITE TWO TIER LACE",2,"3/29/11 13:04",8.5,17398,"United Kingdom"
"548152","22222","CAKE PLATE LOVEBIRD WHITE",3,"3/29/11 13:04",4.95,17398,"United Kingdom"
"548152","21242","RED RETROSPOT PLATE",8,"3/29/11 13:04",1.69,17398,"United Kingdom"
"548153","22523","CHILDS GARDEN FORK PINK",12,"3/29/11 13:05",0.85,15129,"United Kingdom"
"548153","22520","CHILDS GARDEN TROWEL BLUE",12,"3/29/11 13:05",0.85,15129,"United Kingdom"
"548153","22521","CHILDS GARDEN TROWEL PINK",12,"3/29/11 13:05",0.85,15129,"United Kingdom"
"548153","21789","KIDS RAIN MAC PINK",24,"3/29/11 13:05",0.85,15129,"United Kingdom"
"548153","10133","COLOURING PENCILS BROWN TUBE",20,"3/29/11 13:05",0.85,15129,"United Kingdom"
"548153","21889","WOODEN BOX OF DOMINOES",24,"3/29/11 13:05",1.25,15129,"United Kingdom"
"548153","21791","VINTAGE HEADS AND TAILS CARD GAME",24,"3/29/11 13:05",1.25,15129,"United Kingdom"
"548153","21868","POTTING SHED TEA MUG",12,"3/29/11 13:05",1.25,15129,"United Kingdom"
"548153","21892","TRADITIONAL WOODEN CATCH CUP GAME",12,"3/29/11 13:05",1.25,15129,"United Kingdom"
"548153","21914","BLUE HARMONICA IN BOX",24,"3/29/11 13:05",1.25,15129,"United Kingdom"
"548153","21915","RED  HARMONICA IN BOX",24,"3/29/11 13:05",1.25,15129,"United Kingdom"
"548153","21704","BAG 250g SWIRLY MARBLES",72,"3/29/11 13:05",0.72,15129,"United Kingdom"
"548153","21703","BAG 125g SWIRLY MARBLES",96,"3/29/11 13:05",0.36,15129,"United Kingdom"
"548154","21671","RED SPOT CERAMIC DRAWER KNOB",12,"3/29/11 13:06",1.25,17675,"United Kingdom"
"548154","21668","RED STRIPE CERAMIC DRAWER KNOB",12,"3/29/11 13:06",1.25,17675,"United Kingdom"
"548154","22682","FRENCH BLUE METAL DOOR SIGN 7",10,"3/29/11 13:06",1.25,17675,"United Kingdom"
"548154","22676","FRENCH BLUE METAL DOOR SIGN 1",10,"3/29/11 13:06",1.25,17675,"United Kingdom"
"548154","22677","FRENCH BLUE METAL DOOR SIGN 2",10,"3/29/11 13:06",1.25,17675,"United Kingdom"
"548154","22678","FRENCH BLUE METAL DOOR SIGN 3",10,"3/29/11 13:06",1.25,17675,"United Kingdom"
"548154","22683","FRENCH BLUE METAL DOOR SIGN 8",10,"3/29/11 13:06",1.25,17675,"United Kingdom"
"548154","21212","PACK OF 72 RETROSPOT CAKE CASES",24,"3/29/11 13:06",0.55,17675,"United Kingdom"
"548154","22191","IVORY DINER WALL CLOCK",4,"3/29/11 13:06",8.5,17675,"United Kingdom"
"548154","22730","ALARM CLOCK BAKELIKE IVORY",4,"3/29/11 13:06",3.75,17675,"United Kingdom"
"548154","22726","ALARM CLOCK BAKELIKE GREEN",8,"3/29/11 13:06",3.75,17675,"United Kingdom"
"548154","22727","ALARM CLOCK BAKELIKE RED",8,"3/29/11 13:06",3.75,17675,"United Kingdom"
"548154","22192","BLUE DINER WALL CLOCK",2,"3/29/11 13:06",8.5,17675,"United Kingdom"
"548154","21175","GIN + TONIC DIET METAL SIGN",12,"3/29/11 13:06",2.55,17675,"United Kingdom"
"548154","82484","WOOD BLACK BOARD ANT WHITE FINISH",12,"3/29/11 13:06",6.75,17675,"United Kingdom"
"548154","22840","ROUND CAKE TIN VINTAGE RED",2,"3/29/11 13:06",7.95,17675,"United Kingdom"
"548154","21533","RETROSPOT LARGE MILK JUG",3,"3/29/11 13:06",4.95,17675,"United Kingdom"
"548154","21535","RED RETROSPOT SMALL MILK JUG",6,"3/29/11 13:06",2.55,17675,"United Kingdom"
"548154","21539","RED RETROSPOT BUTTER DISH",3,"3/29/11 13:06",4.95,17675,"United Kingdom"
"548154","22193","RED DINER WALL CLOCK",6,"3/29/11 13:06",8.5,17675,"United Kingdom"
"548154","22379","RECYCLING BAG RETROSPOT",5,"3/29/11 13:06",2.1,17675,"United Kingdom"
"C548155","22781","GUMBALL MAGAZINE RACK",-6,"3/29/11 13:18",7.65,15906,"United Kingdom"
"548156","21586","KINGS CHOICE GIANT TUBE MATCHES",3,"3/29/11 13:22",2.55,14871,"United Kingdom"
"548156","21592","RETROSPOT CIGAR BOX MATCHES",3,"3/29/11 13:22",1.25,14871,"United Kingdom"
"548156","22555","PLASTERS IN TIN STRONGMAN",1,"3/29/11 13:22",1.65,14871,"United Kingdom"
"548156","22556","PLASTERS IN TIN CIRCUS PARADE",1,"3/29/11 13:22",1.65,14871,"United Kingdom"
"548156","22551","PLASTERS IN TIN SPACEBOY",1,"3/29/11 13:22",1.65,14871,"United Kingdom"
"548156","22557","PLASTERS IN TIN VINTAGE PAISLEY",2,"3/29/11 13:22",1.65,14871,"United Kingdom"
"548156","22652","TRAVEL SEWING KIT",2,"3/29/11 13:22",1.65,14871,"United Kingdom"
"548156","22554","PLASTERS IN TIN WOODLAND ANIMALS",3,"3/29/11 13:22",1.65,14871,"United Kingdom"
"548156","23194","GYMKHANA TREASURE BOOK BOX",1,"3/29/11 13:22",2.25,14871,"United Kingdom"
"548156","23177","TREASURE ISLAND BOOK BOX",1,"3/29/11 13:22",2.25,14871,"United Kingdom"
"548156","23176","ABC TREASURE BOOK BOX",2,"3/29/11 13:22",2.25,14871,"United Kingdom"
"548156","22087","PAPER BUNTING WHITE LACE",3,"3/29/11 13:22",2.95,14871,"United Kingdom"
"548156","22089","PAPER BUNTING VINTAGE PAISLEY",1,"3/29/11 13:22",2.95,14871,"United Kingdom"
"548156","22721","SET OF 3 CAKE TINS SKETCHBOOK",1,"3/29/11 13:22",4.95,14871,"United Kingdom"
"548156","21756","BATH BUILDING BLOCK WORD",1,"3/29/11 13:22",5.95,14871,"United Kingdom"
"548156","21754","HOME BUILDING BLOCK WORD",1,"3/29/11 13:22",5.95,14871,"United Kingdom"
"548156","21314","SMALL GLASS HEART TRINKET POT",4,"3/29/11 13:22",2.1,14871,"United Kingdom"
"548156","82483","WOOD 2 DRAWER CABINET WHITE FINISH",2,"3/29/11 13:22",6.95,14871,"United Kingdom"
"548156","22960","JAM MAKING SET WITH JARS",2,"3/29/11 13:22",4.25,14871,"United Kingdom"
"548156","21658","GLASS  BEURRE DISH",3,"3/29/11 13:22",3.95,14871,"United Kingdom"
"548157","85099F","JUMBO BAG STRAWBERRY",60,"3/29/11 13:27",1.65,14298,"United Kingdom"
"548157","85099C","JUMBO  BAG BAROQUE BLACK WHITE",60,"3/29/11 13:27",1.65,14298,"United Kingdom"
"548157","22411","JUMBO SHOPPER VINTAGE RED PAISLEY",80,"3/29/11 13:27",1.65,14298,"United Kingdom"
"548157","85099B","JUMBO BAG RED RETROSPOT",60,"3/29/11 13:27",1.65,14298,"United Kingdom"
"548157","22386","JUMBO BAG PINK POLKADOT",80,"3/29/11 13:27",1.65,14298,"United Kingdom"
"548157","22663","JUMBO BAG DOLLY GIRL DESIGN",60,"3/29/11 13:27",1.65,14298,"United Kingdom"
"548157","22385","JUMBO BAG SPACEBOY DESIGN",60,"3/29/11 13:27",1.65,14298,"United Kingdom"
"548157","21931","JUMBO STORAGE BAG SUKI",100,"3/29/11 13:27",1.65,14298,"United Kingdom"
"548157","21930","JUMBO STORAGE BAG SKULLS",60,"3/29/11 13:27",1.65,14298,"United Kingdom"
"548157","21929","JUMBO BAG PINK VINTAGE PAISLEY",80,"3/29/11 13:27",1.65,14298,"United Kingdom"
"548157","21928","JUMBO BAG SCANDINAVIAN BLUE PAISLEY",60,"3/29/11 13:27",1.65,14298,"United Kingdom"
"548157","21033","JUMBO BAG CHARLIE AND LOLA TOYS",60,"3/29/11 13:27",1.65,14298,"United Kingdom"
"548157","20712","JUMBO BAG WOODLAND ANIMALS",80,"3/29/11 13:27",1.65,14298,"United Kingdom"
"548157","20711","JUMBO BAG TOYS",20,"3/29/11 13:27",1.65,14298,"United Kingdom"
"548158","22430","ENAMEL WATERING CAN CREAM",1,"3/29/11 13:28",4.95,15906,"United Kingdom"
"548158","20748","KENSINGTON COFFEE SET",3,"3/29/11 13:28",12.75,15906,"United Kingdom"
"548158","21448","12 DAISY PEGS IN WOOD BOX",1,"3/29/11 13:28",1.65,15906,"United Kingdom"
"548158","22429","ENAMEL MEASURING JUG CREAM",3,"3/29/11 13:28",4.25,15906,"United Kingdom"
"548158","22423","REGENCY CAKESTAND 3 TIER",4,"3/29/11 13:28",12.75,15906,"United Kingdom"
"548158","20751","FUNKY WASHING UP GLOVES ASSORTED",2,"3/29/11 13:28",2.1,15906,"United Kingdom"
"548158","20754","RETROSPOT RED WASHING UP GLOVES",2,"3/29/11 13:28",2.1,15906,"United Kingdom"
"548158","20752","BLUE POLKADOT WASHING UP GLOVES",2,"3/29/11 13:28",2.1,15906,"United Kingdom"
"548158","22900","SET 2 TEA TOWELS I LOVE LONDON",8,"3/29/11 13:28",2.95,15906,"United Kingdom"
"548158","22979","PANTRY WASHING UP BRUSH",3,"3/29/11 13:28",1.45,15906,"United Kingdom"
"548158","22981","PANTRY APPLE CORER",3,"3/29/11 13:28",1.45,15906,"United Kingdom"
"548158","22982","PANTRY PASTRY BRUSH",3,"3/29/11 13:28",1.25,15906,"United Kingdom"
"548158","22425","ENAMEL COLANDER CREAM",3,"3/29/11 13:28",4.95,15906,"United Kingdom"
"548158","22697","GREEN REGENCY TEACUP AND SAUCER",9,"3/29/11 13:28",2.95,15906,"United Kingdom"
"548158","22698","PINK REGENCY TEACUP AND SAUCER",10,"3/29/11 13:28",2.95,15906,"United Kingdom"
"548158","22699","ROSES REGENCY TEACUP AND SAUCER",9,"3/29/11 13:28",2.95,15906,"United Kingdom"
"548158","21166","COOK WITH WINE METAL SIGN",1,"3/29/11 13:28",2.08,15906,"United Kingdom"
"548158","21770","OPEN CLOSED METAL SIGN",1,"3/29/11 13:28",4.95,15906,"United Kingdom"
"548158","84509A","SET OF 4 ENGLISH ROSE PLACEMATS",4,"3/29/11 13:28",3.75,15906,"United Kingdom"
"548158","22993","SET OF 4 PANTRY JELLY MOULDS",6,"3/29/11 13:28",1.25,15906,"United Kingdom"
"548158","21471","STRAWBERRY RAFFIA FOOD COVER",1,"3/29/11 13:28",3.75,15906,"United Kingdom"
"548158","21466","RED FLOWER CROCHET FOOD COVER",2,"3/29/11 13:28",3.75,15906,"United Kingdom"
"548158","21470","FLOWER VINE RAFFIA FOOD COVER",1,"3/29/11 13:28",3.75,15906,"United Kingdom"
"548158","21467","CHERRY CROCHET FOOD COVER",2,"3/29/11 13:28",3.75,15906,"United Kingdom"
"548158","22443","GROW YOUR OWN HERBS SET OF 3",3,"3/29/11 13:28",7.95,15906,"United Kingdom"
"548158","85152","HAND OVER THE CHOCOLATE   SIGN",3,"3/29/11 13:28",2.1,15906,"United Kingdom"
"548158","22115","METAL SIGN EMPIRE TEA",1,"3/29/11 13:28",2.95,15906,"United Kingdom"
"548158","21908","CHOCOLATE THIS WAY METAL SIGN",1,"3/29/11 13:28",2.1,15906,"United Kingdom"
"548159","22699","ROSES REGENCY TEACUP AND SAUCER",4,"3/29/11 13:32",2.95,15906,"United Kingdom"
"548159","22697","GREEN REGENCY TEACUP AND SAUCER",4,"3/29/11 13:32",2.95,15906,"United Kingdom"
"548159","22698","PINK REGENCY TEACUP AND SAUCER",4,"3/29/11 13:32",2.95,15906,"United Kingdom"
"548159","22636","CHILDS BREAKFAST SET CIRCUS PARADE",4,"3/29/11 13:32",8.5,15906,"United Kingdom"
"548160","22077","6 RIBBONS RUSTIC CHARM",24,"3/29/11 13:33",1.65,16253,"United Kingdom"
"548160","22570","FELTCRAFT CUSHION RABBIT",12,"3/29/11 13:33",3.75,16253,"United Kingdom"
"548160","22569","FELTCRAFT CUSHION BUTTERFLY",12,"3/29/11 13:33",3.75,16253,"United Kingdom"
"548160","22536","MAGIC DRAWING SLATE PURDEY",48,"3/29/11 13:33",0.42,16253,"United Kingdom"
"548160","22457","NATURAL SLATE HEART CHALKBOARD",18,"3/29/11 13:33",2.95,16253,"United Kingdom"
"548160","21917","SET 12 KIDS  WHITE CHALK STICKS",48,"3/29/11 13:33",0.42,16253,"United Kingdom"
"548160","23155","KNICKERBOCKERGLORY MAGNET ASSORTED",48,"3/29/11 13:33",0.83,16253,"United Kingdom"
"548160","22561","WOODEN SCHOOL COLOURING SET",12,"3/29/11 13:33",1.65,16253,"United Kingdom"
"548160","22438","BALLOON ART MAKE YOUR OWN FLOWERS",20,"3/29/11 13:33",1.95,16253,"United Kingdom"
"548160","21640","ASSORTED TUTTI FRUTTI  FOB NOTEBOOK",24,"3/29/11 13:33",0.85,16253,"United Kingdom"
"548160","22563","HAPPY STENCIL CRAFT",24,"3/29/11 13:33",1.25,16253,"United Kingdom"
"548160","47480","HANGING PHOTO CLIP ROPE LADDER",36,"3/29/11 13:33",1.65,16253,"United Kingdom"
"548160","71270","PHOTO CLIP LINE",36,"3/29/11 13:33",1.25,16253,"United Kingdom"
"548160","21642","ASSORTED TUTTI FRUTTI PEN",48,"3/29/11 13:33",0.85,16253,"United Kingdom"
"548160","11001","ASSTD DESIGN RACING CAR PEN",32,"3/29/11 13:33",1.69,16253,"United Kingdom"
"548160","84559A","3D SHEET OF DOG STICKERS",24,"3/29/11 13:33",0.85,16253,"United Kingdom"
"548160","84559B","3D SHEET OF CAT STICKERS",24,"3/29/11 13:33",0.85,16253,"United Kingdom"
"548160","22753","SMALL YELLOW BABUSHKA NOTEBOOK",24,"3/29/11 13:33",0.85,16253,"United Kingdom"
"548160","22755","SMALL PURPLE BABUSHKA NOTEBOOK",24,"3/29/11 13:33",0.85,16253,"United Kingdom"
"548160","16237","SLEEPING CAT ERASERS",60,"3/29/11 13:33",0.21,16253,"United Kingdom"
"548160","22148","EASTER CRAFT 4 CHICKS",12,"3/29/11 13:33",1.95,16253,"United Kingdom"
"548160","22265","EASTER DECORATION NATURAL CHICK",24,"3/29/11 13:33",0.65,16253,"United Kingdom"
"548160","21389","IVORY HANGING DECORATION  BIRD",12,"3/29/11 13:33",0.85,16253,"United Kingdom"
"548160","22284","HEN HOUSE DECORATION",12,"3/29/11 13:33",1.65,16253,"United Kingdom"
"548160","22288","HANGING METAL RABBIT DECORATION",24,"3/29/11 13:33",1.25,16253,"United Kingdom"
"548160","22992","REVOLVER WOODEN RULER",36,"3/29/11 13:33",1.95,16253,"United Kingdom"
"548160","22991","GIRAFFE WOODEN RULER",36,"3/29/11 13:33",1.95,16253,"United Kingdom"
"548160","23000","TRAVEL CARD WALLET TRANSPORT",24,"3/29/11 13:33",0.42,16253,"United Kingdom"
"548160","22999","TRAVEL CARD WALLET RETRO PETALS",24,"3/29/11 13:33",0.42,16253,"United Kingdom"
"548160","23078","ICE CREAM PEN LIP GLOSS",72,"3/29/11 13:33",1.25,16253,"United Kingdom"
"548160","23126","FELTCRAFT GIRL AMELIE KIT",16,"3/29/11 13:33",4.95,16253,"United Kingdom"
"548160","21643","ASSORTED TUTTI FRUTTI MIRROR",36,"3/29/11 13:33",1.25,16253,"United Kingdom"
"548160","21792","CLASSIC FRENCH STYLE BASKET GREEN",2,"3/29/11 13:33",6.75,16253,"United Kingdom"
"548160","21793","CLASSIC FRENCH STYLE BASKET BROWN",2,"3/29/11 13:33",6.75,16253,"United Kingdom"
"548160","21794","CLASSIC FRENCH STYLE BASKET NATURAL",2,"3/29/11 13:33",6.75,16253,"United Kingdom"
"548160","85172","HYACINTH BULB T-LIGHT CANDLES",48,"3/29/11 13:33",0.42,16253,"United Kingdom"
"548160","22808","SET OF 6 T-LIGHTS EASTER CHICKS",24,"3/29/11 13:33",2.95,16253,"United Kingdom"
"548160","85175","CACTI T-LIGHT CANDLES",32,"3/29/11 13:33",0.42,16253,"United Kingdom"
"548160","21913","VINTAGE SEASIDE JIGSAW PUZZLES",4,"3/29/11 13:33",3.75,16253,"United Kingdom"
"548160","22547","MINI JIGSAW DINOSAUR",24,"3/29/11 13:33",0.42,16253,"United Kingdom"
"548160","22540","MINI JIGSAW CIRCUS PARADE",24,"3/29/11 13:33",0.42,16253,"United Kingdom"
"548160","21790","VINTAGE SNAP CARDS",36,"3/29/11 13:33",0.85,16253,"United Kingdom"
"548160","21791","VINTAGE HEADS AND TAILS CARD GAME",24,"3/29/11 13:33",1.25,16253,"United Kingdom"
"548160","21914","BLUE HARMONICA IN BOX",36,"3/29/11 13:33",1.25,16253,"United Kingdom"
"548160","22549","PICTURE DOMINOES",24,"3/29/11 13:33",1.45,16253,"United Kingdom"
"548160","22493","PAINT YOUR OWN CANVAS SET",24,"3/29/11 13:33",1.65,16253,"United Kingdom"
"548160","22147","FELTCRAFT BUTTERFLY HEARTS",12,"3/29/11 13:33",1.45,16253,"United Kingdom"
"548160","22150","3 STRIPEY MICE FELTCRAFT",18,"3/29/11 13:33",1.95,16253,"United Kingdom"
"548160","85185B","PINK HORSE SOCK PUPPET",12,"3/29/11 13:33",2.95,16253,"United Kingdom"
"548160","84879","ASSORTED COLOUR BIRD ORNAMENT",16,"3/29/11 13:33",1.69,16253,"United Kingdom"
"548160","23052","RECYCLED ACAPULCO MAT TURQUOISE",2,"3/29/11 13:33",8.25,16253,"United Kingdom"
"548160","85049D","BRIGHT BLUES RIBBONS",24,"3/29/11 13:33",1.25,16253,"United Kingdom"
"548160","22076","6 RIBBONS EMPIRE",24,"3/29/11 13:33",1.65,16253,"United Kingdom"
"548161","20734",,2,"3/29/11 13:40",0,,"United Kingdom"
"548162","21240","BLUE POLKADOT CUP",3,"3/29/11 13:42",1.63,,"United Kingdom"
"548162","21243","PINK  POLKADOT PLATE",1,"3/29/11 13:42",3.29,,"United Kingdom"
"548162","21381","MINI WOODEN HAPPY BIRTHDAY GARLAND",1,"3/29/11 13:42",4.13,,"United Kingdom"
"548162","21424","WOODLAND STORAGE BOX LARGE",5,"3/29/11 13:42",6.63,,"United Kingdom"
"548162","21426","WOODLAND STORAGE BOX SMALL",3,"3/29/11 13:42",4.96,,"United Kingdom"
"548162","21481","FAWN BLUE HOT WATER BOTTLE",1,"3/29/11 13:42",6.63,,"United Kingdom"
"548162","21484","CHICK GREY HOT WATER BOTTLE",1,"3/29/11 13:42",8.29,,"United Kingdom"
"548162","21524","DOORMAT SPOTTY HOME SWEET HOME",1,"3/29/11 13:42",16.63,,"United Kingdom"
"548162","21556","CERAMIC STRAWBERRY MONEY BOX",3,"3/29/11 13:42",4.13,,"United Kingdom"
"548162","21671","RED SPOT CERAMIC DRAWER KNOB",11,"3/29/11 13:42",3.29,,"United Kingdom"
"548162","21672","WHITE SPOT RED CERAMIC DRAWER KNOB",5,"3/29/11 13:42",2.46,,"United Kingdom"
"548162","21731","RED TOADSTOOL LED NIGHT LIGHT",3,"3/29/11 13:42",4.13,,"United Kingdom"
"548162","21912","VINTAGE SNAKES & LADDERS",5,"3/29/11 13:42",7.46,,"United Kingdom"
"548162","21929","JUMBO BAG PINK VINTAGE PAISLEY",30,"3/29/11 13:42",4.96,,"United Kingdom"
"548162","21934","SKULL SHOULDER BAG",8,"3/29/11 13:42",3.29,,"United Kingdom"
"548162","21976","PACK OF 60 MUSHROOM CAKE CASES",4,"3/29/11 13:42",2.08,,"United Kingdom"
"548162","21989","PACK OF 20 SKULL PAPER NAPKINS",9,"3/29/11 13:42",1.63,,"United Kingdom"
"548162","22074","6 RIBBONS SHIMMERING PINKS",2,"3/29/11 13:42",2.46,,"United Kingdom"
"548162","22076","6 RIBBONS EMPIRE",2,"3/29/11 13:42",2.46,,"United Kingdom"
"548162","22077","6 RIBBONS RUSTIC CHARM",2,"3/29/11 13:42",4.13,,"United Kingdom"
"548162","22079","RIBBON REEL HEARTS DESIGN",2,"3/29/11 13:42",2.46,,"United Kingdom"
"548162","22083","PAPER CHAIN KIT RETROSPOT",1,"3/29/11 13:42",6.63,,"United Kingdom"
"548162","22084","PAPER CHAIN KIT EMPIRE",2,"3/29/11 13:42",4.96,,"United Kingdom"
"548162","22110","BIRD HOUSE HOT WATER BOTTLE",3,"3/29/11 13:42",7.46,,"United Kingdom"
"548162","22111","SCOTTIE DOG HOT WATER BOTTLE",2,"3/29/11 13:42",12.46,,"United Kingdom"
"548162","22112","CHOCOLATE HOT WATER BOTTLE",3,"3/29/11 13:42",12.46,,"United Kingdom"
"548162","22174","PHOTO CUBE",2,"3/29/11 13:42",4.13,,"United Kingdom"
"548162","22326","ROUND SNACK BOXES SET OF4 WOODLAND",5,"3/29/11 13:42",6.63,,"United Kingdom"
"548162","22327","ROUND SNACK BOXES SET OF 4 SKULLS",2,"3/29/11 13:42",6.63,,"United Kingdom"
"548162","22328","ROUND SNACK BOXES SET OF 4 FRUITS",14,"3/29/11 13:42",4.13,,"United Kingdom"
"548162","22355","CHARLOTTE BAG SUKI DESIGN",175,"3/29/11 13:42",2.46,,"United Kingdom"
"548162","22356","CHARLOTTE BAG PINK POLKADOT",45,"3/29/11 13:42",2.46,,"United Kingdom"
"548162","22367","CHILDRENS APRON SPACEBOY DESIGN",1,"3/29/11 13:42",4.96,,"United Kingdom"
"548162","22377","BOTTLE BAG RETROSPOT",1,"3/29/11 13:42",4.13,,"United Kingdom"
"548162","22380","TOY TIDY SPACEBOY",2,"3/29/11 13:42",4.13,,"United Kingdom"
"548162","22384","LUNCH BAG PINK POLKADOT",2,"3/29/11 13:42",4.96,,"United Kingdom"
"548162","22417","PACK OF 60 SPACEBOY CAKE CASES",2,"3/29/11 13:42",2.08,,"United Kingdom"
"548162","22423","REGENCY CAKESTAND 3 TIER",17,"3/29/11 13:42",24.96,,"United Kingdom"
"548162","22549","PICTURE DOMINOES",3,"3/29/11 13:42",2.46,,"United Kingdom"
"548162","22553","PLASTERS IN TIN SKULLS",2,"3/29/11 13:42",3.29,,"United Kingdom"
"548162","22554","PLASTERS IN TIN WOODLAND ANIMALS",1,"3/29/11 13:42",3.29,,"United Kingdom"
"548162","22560","TRADITIONAL MODELLING CLAY",1,"3/29/11 13:42",2.46,,"United Kingdom"
"548162","22624","IVORY KITCHEN SCALES",1,"3/29/11 13:42",16.63,,"United Kingdom"
"548162","22625","RED KITCHEN SCALES",2,"3/29/11 13:42",16.63,,"United Kingdom"
"548162","22631","CIRCUS PARADE LUNCH BOX",2,"3/29/11 13:42",3.29,,"United Kingdom"
"548162","22644","CERAMIC CHERRY CAKE MONEY BANK",2,"3/29/11 13:42",4.13,,"United Kingdom"
"548162","22645","CERAMIC HEART FAIRY CAKE MONEY BANK",12,"3/29/11 13:42",4.13,,"United Kingdom"
"548162","22646","CERAMIC STRAWBERRY CAKE MONEY BANK",1,"3/29/11 13:42",4.13,,"United Kingdom"
"548162","22652","TRAVEL SEWING KIT",6,"3/29/11 13:42",4.13,,"United Kingdom"
"548162","22660","DOORMAT I LOVE LONDON",1,"3/29/11 13:42",12.46,,"United Kingdom"
"548162","22665","RECIPE BOX BLUE SKETCHBOOK DESIGN",4,"3/29/11 13:42",6.63,,"United Kingdom"
"548162","22694","WICKER STAR",2,"3/29/11 13:42",3.29,,"United Kingdom"
"548162","22726","ALARM CLOCK BAKELIKE GREEN",2,"3/29/11 13:42",8.29,,"United Kingdom"
"548162","22727","ALARM CLOCK BAKELIKE RED",4,"3/29/11 13:42",8.29,,"United Kingdom"
"548162","22730","ALARM CLOCK BAKELIKE IVORY",1,"3/29/11 13:42",8.29,,"United Kingdom"
"548162","22835","HOT WATER BOTTLE I AM SO POORLY",1,"3/29/11 13:42",7.46,,"United Kingdom"
"548162","22896","PEG BAG APPLES DESIGN",4,"3/29/11 13:42",5.79,,"United Kingdom"
"548162","22898","CHILDRENS APRON APPLES DESIGN",3,"3/29/11 13:42",4.96,,"United Kingdom"
"548162","35970","ZINC FOLKART SLEIGH BELLS",1,"3/29/11 13:42",4.13,,"United Kingdom"
"548162","47559b","TEA TIME OVEN GLOVE",1,"3/29/11 13:42",3.29,,"United Kingdom"
"548162","47566","PARTY BUNTING",52,"3/29/11 13:42",10.79,,"United Kingdom"
"548162","47580","TEA TIME DES TEA COSY",4,"3/29/11 13:42",5.79,,"United Kingdom"
"548162","48187","DOORMAT NEW ENGLAND",5,"3/29/11 13:42",12.46,,"United Kingdom"
"548162","48189","DOORMAT FRIENDSHIP",3,"3/29/11 13:42",16.63,,"United Kingdom"
"548162","79321","CHILLI LIGHTS",5,"3/29/11 13:42",12.46,,"United Kingdom"
"548162","82583","HOT BATHS METAL SIGN",17,"3/29/11 13:42",4.96,,"United Kingdom"
"548162","84029G","KNITTED UNION FLAG HOT WATER BOTTLE",4,"3/29/11 13:42",8.29,,"United Kingdom"
"548162","84030e","ENGLISH ROSE HOT WATER BOTTLE",1,"3/29/11 13:42",8.29,,"United Kingdom"
"548162","84692","BOX OF 24 COCKTAIL PARASOLS",14,"3/29/11 13:42",1.63,,"United Kingdom"
"548162","84991","60 TEATIME FAIRY CAKE CASES",13,"3/29/11 13:42",1.25,,"United Kingdom"
"548162","84997b","CHILDRENS CUTLERY RETROSPOT RED",11,"3/29/11 13:42",8.29,,"United Kingdom"
"548162","84997c","CHILDRENS CUTLERY POLKADOT BLUE",6,"3/29/11 13:42",8.29,,"United Kingdom"
"548162","84997d","CHILDRENS CUTLERY POLKADOT PINK",3,"3/29/11 13:42",8.29,,"United Kingdom"
"548162","20675","BLUE POLKADOT BOWL",1,"3/29/11 13:42",2.46,,"United Kingdom"
"548162","20677","PINK POLKADOT BOWL",4,"3/29/11 13:42",2.46,,"United Kingdom"
"548162","20717","STRAWBERRY SHOPPER BAG",2,"3/29/11 13:42",2.46,,"United Kingdom"
"548162","20719","WOODLAND CHARLOTTE BAG",71,"3/29/11 13:42",2.46,,"United Kingdom"
"548162","20723","STRAWBERRY CHARLOTTE BAG",57,"3/29/11 13:42",2.46,,"United Kingdom"
"548162","20724","RED RETROSPOT CHARLOTTE BAG",89,"3/29/11 13:42",2.46,,"United Kingdom"
"548162","20725","LUNCH BAG RED RETROSPOT",43,"3/29/11 13:42",4.96,,"United Kingdom"
"548162","20728","LUNCH BAG CARS BLUE",17,"3/29/11 13:42",4.96,,"United Kingdom"
"548162","20734","SILVER MINI TAPE MEASURE",7,"3/29/11 13:42",1.63,,"United Kingdom"
"548162","21041","RED RETROSPOT OVEN GLOVE DOUBLE",7,"3/29/11 13:42",6.63,,"United Kingdom"
"548162","21082","SET/20 FRUIT SALAD PAPER NAPKINS",4,"3/29/11 13:42",1.63,,"United Kingdom"
"548162","21154","RED RETROSPOT OVEN GLOVE",10,"3/29/11 13:42",3.29,,"United Kingdom"
"548162","21155","RED RETROSPOT PEG BAG",11,"3/29/11 13:42",4.96,,"United Kingdom"
"548162","21212","PACK OF 72 RETROSPOT CAKE CASES",64,"3/29/11 13:42",2.08,,"United Kingdom"
"548162","21213","PACK OF 72 SKULL CAKE CASES",14,"3/29/11 13:42",2.08,,"United Kingdom"
"548162","21238","RED RETROSPOT CUP",2,"3/29/11 13:42",1.63,,"United Kingdom"
"548162","21239","PINK  POLKADOT CUP",10,"3/29/11 13:42",1.63,,"United Kingdom"
"548163","21428","SET3 BOOK BOX GREEN GINGHAM FLOWER",1,"3/29/11 13:43",8.29,,"United Kingdom"
"548163","21430","SET/3 RED GINGHAM ROSE STORAGE BOX",2,"3/29/11 13:43",7.46,,"United Kingdom"
"548163","21714","CITRONELLA CANDLE GARDEN POT",1,"3/29/11 13:43",2.46,,"United Kingdom"
"548163","21719","LOVELY BONBON STICKER SHEET",1,"3/29/11 13:43",1.63,,"United Kingdom"
"548163","21928","JUMBO BAG SCANDINAVIAN BLUE PAISLEY",4,"3/29/11 13:43",4.13,,"United Kingdom"
"548163","21931","JUMBO STORAGE BAG SUKI",3,"3/29/11 13:43",4.13,,"United Kingdom"
"548163","21944","KITTENS DESIGN FLANNEL",1,"3/29/11 13:43",1.63,,"United Kingdom"
"548163","21974","SET OF 36 PAISLEY FLOWER DOILIES",1,"3/29/11 13:43",3.75,,"United Kingdom"
"548163","22041","RECORD FRAME 7"" SINGLE SIZE",1,"3/29/11 13:43",4.96,,"United Kingdom"
"548163","22090","PAPER BUNTING RETROSPOT",3,"3/29/11 13:43",6.63,,"United Kingdom"
"548163","22135","MINI LADLE LOVE HEART PINK",1,"3/29/11 13:43",0.83,,"United Kingdom"
"548163","22139","RETROSPOT TEA SET CERAMIC 11 PC",1,"3/29/11 13:43",10.79,,"United Kingdom"
"548163","22178","VICTORIAN GLASS HANGING T-LIGHT",1,"3/29/11 13:43",2.46,,"United Kingdom"
"548163","22197","SMALL POPCORN HOLDER",2,"3/29/11 13:43",1.63,,"United Kingdom"
"548163","22207","FRYING PAN UNION FLAG",1,"3/29/11 13:43",8.29,,"United Kingdom"
"548163","22317","FIVE CATS HANGING DECORATION",1,"3/29/11 13:43",5.79,,"United Kingdom"
"548163","22352","LUNCH BOX WITH CUTLERY RETROSPOT",2,"3/29/11 13:43",4.96,,"United Kingdom"
"548163","22383","LUNCH BAG SUKI DESIGN",3,"3/29/11 13:43",4.96,,"United Kingdom"
"548163","22385","JUMBO BAG SPACEBOY DESIGN",2,"3/29/11 13:43",4.13,,"United Kingdom"
"548163","22386","JUMBO BAG PINK POLKADOT",4,"3/29/11 13:43",4.13,,"United Kingdom"
"548163","22411","JUMBO SHOPPER VINTAGE RED PAISLEY",8,"3/29/11 13:43",4.13,,"United Kingdom"
"548163","22424","ENAMEL BREAD BIN CREAM",1,"3/29/11 13:43",24.96,,"United Kingdom"
"548163","22501","PICNIC BASKET WICKER LARGE",1,"3/29/11 13:43",20.79,,"United Kingdom"
"548163","22502","PICNIC BASKET WICKER SMALL",2,"3/29/11 13:43",8.29,,"United Kingdom"
"548163","22518","CHILDS GARDEN BRUSH BLUE",1,"3/29/11 13:43",4.13,,"United Kingdom"
"548163","22526","WHEELBARROW FOR CHILDREN",1,"3/29/11 13:43",24.96,,"United Kingdom"
"548163","22629","SPACEBOY LUNCH BOX",2,"3/29/11 13:43",2.46,,"United Kingdom"
"548163","22630","DOLLY GIRL LUNCH BOX",1,"3/29/11 13:43",2.46,,"United Kingdom"
"548163","22676","FRENCH BLUE METAL DOOR SIGN 1",1,"3/29/11 13:43",2.46,,"United Kingdom"
"548163","22680","FRENCH BLUE METAL DOOR SIGN 5",1,"3/29/11 13:43",2.46,,"United Kingdom"
"548163","22697","GREEN REGENCY TEACUP AND SAUCER",1,"3/29/11 13:43",5.79,,"United Kingdom"
"548163","22698","PINK REGENCY TEACUP AND SAUCER",1,"3/29/11 13:43",5.79,,"United Kingdom"
"548163","22699","ROSES REGENCY TEACUP AND SAUCER",1,"3/29/11 13:43",5.79,,"United Kingdom"
"548163","22719","GUMBALL MONOCHROME COAT RACK",5,"3/29/11 13:43",2.46,,"United Kingdom"
"548163","22776","SWEETHEART CAKESTAND 3 TIER",1,"3/29/11 13:43",19.96,,"United Kingdom"
"548163","22900","SET 2 TEA TOWELS I LOVE LONDON",1,"3/29/11 13:43",4.13,,"United Kingdom"
"548163","22995","TRAVEL CARD WALLET SUKI",2,"3/29/11 13:43",0.83,,"United Kingdom"
"548163","23182","TOILET SIGN OCCUPIED OR VACANT",3,"3/29/11 13:43",2.5,,"United Kingdom"
"548163","35961","FOLKART ZINC HEART CHRISTMAS DEC",1,"3/29/11 13:43",1.63,,"United Kingdom"
"548163","48116","DOORMAT MULTICOLOUR STRIPE",1,"3/29/11 13:43",14.13,,"United Kingdom"
"548163","48138","DOORMAT UNION FLAG",1,"3/29/11 13:43",14.13,,"United Kingdom"
"548163","48185","DOORMAT FAIRY CAKE",1,"3/29/11 13:43",14.13,,"United Kingdom"
"548163","72349b","SET/6 PURPLE BUTTERFLY T-LIGHTS",3,"3/29/11 13:43",4.13,,"United Kingdom"
"548163","84509a","SET OF 4 ENGLISH ROSE PLACEMATS",1,"3/29/11 13:43",7.46,,"United Kingdom"
"548163","84596f","SMALL MARSHMALLOWS PINK BOWL",1,"3/29/11 13:43",2.46,,"United Kingdom"
"548163","84828","JUNGLE POPSICLES ICE LOLLY MOULDS",2,"3/29/11 13:43",2.46,,"United Kingdom"
"548163","84970s","HANGING HEART ZINC T-LIGHT HOLDER",1,"3/29/11 13:43",2.08,,"United Kingdom"
"548163","84987","SET OF 36 TEATIME PAPER DOILIES",1,"3/29/11 13:43",3.75,,"United Kingdom"
"548163","85062","PEARL CRYSTAL PUMPKIN T-LIGHT HLDR",1,"3/29/11 13:43",2.46,,"United Kingdom"
"548163","85099B","JUMBO BAG RED RETROSPOT",8,"3/29/11 13:43",4.13,,"United Kingdom"
"548163","85099C","JUMBO  BAG BAROQUE BLACK WHITE",1,"3/29/11 13:43",4.13,,"United Kingdom"
"548163","DOT","DOTCOM POSTAGE",1,"3/29/11 13:43",231.79,,"United Kingdom"
"548163","15056n","EDWARDIAN PARASOL NATURAL",1,"3/29/11 13:43",12.46,,"United Kingdom"
"548163","20658","RED RETROSPOT LUGGAGE TAG",7,"3/29/11 13:43",2.46,,"United Kingdom"
"548163","20676","RED RETROSPOT BOWL",1,"3/29/11 13:43",2.46,,"United Kingdom"
"548163","20711","JUMBO BAG TOYS",3,"3/29/11 13:43",4.13,,"United Kingdom"
"548163","20713","JUMBO BAG OWLS",5,"3/29/11 13:43",4.13,,"United Kingdom"
"548163","20727","LUNCH BAG  BLACK SKULL.",5,"3/29/11 13:43",4.96,,"United Kingdom"
"548163","20735","BLACK MINI TAPE MEASURE",2,"3/29/11 13:43",1.63,,"United Kingdom"
"548163","21033","JUMBO BAG CHARLIE AND LOLA TOYS",2,"3/29/11 13:43",4.13,,"United Kingdom"
"548163","21061","PARTY INVITES FOOTBALL",1,"3/29/11 13:43",1.63,,"United Kingdom"
"548163","21157","RED RETROSPOT WASHBAG",1,"3/29/11 13:43",4.13,,"United Kingdom"
"548163","21166","COOK WITH WINE METAL SIGN",1,"3/29/11 13:43",4.13,,"United Kingdom"
"548163","21181","PLEASE ONE PERSON METAL SIGN",1,"3/29/11 13:43",4.13,,"United Kingdom"
"548163","21210","SET OF 72 RETROSPOT PAPER  DOILIES",1,"3/29/11 13:43",3.75,,"United Kingdom"
"548163","21216","SET 3 RETROSPOT TEA,COFFEE,SUGAR",1,"3/29/11 13:43",10.79,,"United Kingdom"
"548163","21218","RED SPOTTY BISCUIT TIN",1,"3/29/11 13:43",8.29,,"United Kingdom"
"548163","21257","VICTORIAN SEWING BOX MEDIUM",1,"3/29/11 13:43",15.79,,"United Kingdom"
"548163","21328","BALLOONS  WRITING SET",1,"3/29/11 13:43",3.29,,"United Kingdom"
"548164","20685","DOORMAT RED RETROSPOT",1,"3/29/11 13:44",16.63,,"United Kingdom"
"548164","20711","JUMBO BAG TOYS",2,"3/29/11 13:44",4.13,,"United Kingdom"
"548164","21035","SET/2 RED RETROSPOT TEA TOWELS",1,"3/29/11 13:44",6.25,,"United Kingdom"
"548164","21124","SET/10 BLUE POLKADOT PARTY CANDLES",1,"3/29/11 13:44",2.46,,"United Kingdom"
"548164","21156","RETROSPOT CHILDRENS APRON",2,"3/29/11 13:44",4.13,,"United Kingdom"
"548164","21157","RED RETROSPOT WASHBAG",2,"3/29/11 13:44",4.13,,"United Kingdom"
"548164","21179","NO JUNK MAIL METAL SIGN",1,"3/29/11 13:44",3.29,,"United Kingdom"
"548164","21181","PLEASE ONE PERSON METAL SIGN",1,"3/29/11 13:44",4.13,,"United Kingdom"
"548164","21216","SET 3 RETROSPOT TEA,COFFEE,SUGAR",2,"3/29/11 13:44",10.79,,"United Kingdom"
"548164","21259","VICTORIAN SEWING BOX SMALL",1,"3/29/11 13:44",12.46,,"United Kingdom"
"548164","21430","SET/3 RED GINGHAM ROSE STORAGE BOX",1,"3/29/11 13:44",7.46,,"United Kingdom"
"548164","21714","CITRONELLA CANDLE GARDEN POT",1,"3/29/11 13:44",2.46,,"United Kingdom"
"548164","21731","RED TOADSTOOL LED NIGHT LIGHT",3,"3/29/11 13:44",4.13,,"United Kingdom"
"548164","21786","POLKADOT RAIN HAT",1,"3/29/11 13:44",0.79,,"United Kingdom"
"548164","21866","UNION JACK FLAG LUGGAGE TAG",1,"3/29/11 13:44",3.29,,"United Kingdom"
"548164","21928","JUMBO BAG SCANDINAVIAN BLUE PAISLEY",2,"3/29/11 13:44",4.13,,"United Kingdom"
"548164","21931","JUMBO STORAGE BAG SUKI",11,"3/29/11 13:44",4.13,,"United Kingdom"
"548164","22041","RECORD FRAME 7"" SINGLE SIZE",1,"3/29/11 13:44",4.96,,"United Kingdom"
"548164","22069","BROWN  PIRATE TREASURE CHEST",1,"3/29/11 13:44",4.13,,"United Kingdom"
"548164","22090","PAPER BUNTING RETROSPOT",1,"3/29/11 13:44",6.63,,"United Kingdom"
"548164","22109","FULL ENGLISH BREAKFAST PLATE",1,"3/29/11 13:44",7.46,,"United Kingdom"
"548164","22139","RETROSPOT TEA SET CERAMIC 11 PC",1,"3/29/11 13:44",10.79,,"United Kingdom"
"548164","22207","FRYING PAN UNION FLAG",1,"3/29/11 13:44",8.29,,"United Kingdom"
"548164","22212","FOUR HOOK  WHITE LOVEBIRDS",1,"3/29/11 13:44",4.13,,"United Kingdom"
"548164","22379","RECYCLING BAG RETROSPOT",1,"3/29/11 13:44",4.96,,"United Kingdom"
"548164","22383","LUNCH BAG SUKI DESIGN",1,"3/29/11 13:44",4.96,,"United Kingdom"
"548164","22386","JUMBO BAG PINK POLKADOT",1,"3/29/11 13:44",4.13,,"United Kingdom"
"548164","22411","JUMBO SHOPPER VINTAGE RED PAISLEY",3,"3/29/11 13:44",4.13,,"United Kingdom"
"548164","22456","NATURAL SLATE CHALKBOARD LARGE",1,"3/29/11 13:44",9.96,,"United Kingdom"
"548164","22467","GUMBALL COAT RACK",1,"3/29/11 13:44",4.96,,"United Kingdom"
"548164","22499","WOODEN UNION JACK BUNTING",2,"3/29/11 13:44",8.29,,"United Kingdom"
"548164","22502","PICNIC BASKET WICKER SMALL",1,"3/29/11 13:44",8.29,,"United Kingdom"
"548164","22517","CHILDS GARDEN RAKE PINK",1,"3/29/11 13:44",4.13,,"United Kingdom"
"548164","22570","FELTCRAFT CUSHION RABBIT",1,"3/29/11 13:44",7.46,,"United Kingdom"
"548164","22630","DOLLY GIRL LUNCH BOX",1,"3/29/11 13:44",2.46,,"United Kingdom"
"548164","22719","GUMBALL MONOCHROME COAT RACK",4,"3/29/11 13:44",2.46,,"United Kingdom"
"548164","22720","SET OF 3 CAKE TINS PANTRY DESIGN",1,"3/29/11 13:44",10.79,,"United Kingdom"
"548164","22776","SWEETHEART CAKESTAND 3 TIER",1,"3/29/11 13:44",19.96,,"United Kingdom"
"548164","22842","BISCUIT TIN VINTAGE RED",1,"3/29/11 13:44",13.29,,"United Kingdom"
"548164","22844","VINTAGE CREAM DOG FOOD CONTAINER",1,"3/29/11 13:44",16.63,,"United Kingdom"
"548164","22900","SET 2 TEA TOWELS I LOVE LONDON",4,"3/29/11 13:44",4.13,,"United Kingdom"
"548164","23182","TOILET SIGN OCCUPIED OR VACANT",1,"3/29/11 13:44",2.5,,"United Kingdom"
"548164","37340","MULTICOLOUR SPRING FLOWER MUG",1,"3/29/11 13:44",8.29,,"United Kingdom"
"548164","48116","DOORMAT MULTICOLOUR STRIPE",1,"3/29/11 13:44",14.13,,"United Kingdom"
"548164","72801c","4 ROSE PINK DINNER CANDLES",1,"3/29/11 13:44",2.46,,"United Kingdom"
"548164","75049L","LARGE CIRCULAR MIRROR MOBILE",4,"3/29/11 13:44",2.46,,"United Kingdom"
"548164","82581","TOILET METAL SIGN",1,"3/29/11 13:44",1.25,,"United Kingdom"
"548164","82600","NO SINGING METAL SIGN",1,"3/29/11 13:44",4.13,,"United Kingdom"
"548164","84987","SET OF 36 TEATIME PAPER DOILIES",1,"3/29/11 13:44",3.75,,"United Kingdom"
"548164","84997a","CHILDRENS CUTLERY POLKADOT GREEN",2,"3/29/11 13:44",8.29,,"United Kingdom"
"548164","85099B","JUMBO BAG RED RETROSPOT",4,"3/29/11 13:44",4.13,,"United Kingdom"
"548164","DOT","DOTCOM POSTAGE",1,"3/29/11 13:44",173.42,,"United Kingdom"
"548165","22379","RECYCLING BAG RETROSPOT",1,"3/29/11 13:44",4.96,,"United Kingdom"
"548165","22383","LUNCH BAG SUKI DESIGN",1,"3/29/11 13:44",4.96,,"United Kingdom"
"548165","22386","JUMBO BAG PINK POLKADOT",2,"3/29/11 13:44",4.13,,"United Kingdom"
"548165","22411","JUMBO SHOPPER VINTAGE RED PAISLEY",5,"3/29/11 13:44",4.13,,"United Kingdom"
"548165","22488","NATURAL SLATE RECTANGLE CHALKBOARD",1,"3/29/11 13:44",3.29,,"United Kingdom"
"548165","22513","DOORSTOP FOOTBALL DESIGN",1,"3/29/11 13:44",7.46,,"United Kingdom"
"548165","22630","DOLLY GIRL LUNCH BOX",1,"3/29/11 13:44",2.46,,"United Kingdom"
"548165","22659","LUNCH BOX I LOVE LONDON",1,"3/29/11 13:44",2.46,,"United Kingdom"
"548165","22666","RECIPE BOX PANTRY YELLOW DESIGN",1,"3/29/11 13:44",6.63,,"United Kingdom"
"548165","22668","PINK BABY BUNTING",1,"3/29/11 13:44",5.79,,"United Kingdom"
"548165","22900","SET 2 TEA TOWELS I LOVE LONDON",3,"3/29/11 13:44",4.13,,"United Kingdom"
"548165","23182","TOILET SIGN OCCUPIED OR VACANT",3,"3/29/11 13:44",2.5,,"United Kingdom"
"548165","47566b","TEA TIME PARTY BUNTING",1,"3/29/11 13:44",8.29,,"United Kingdom"
"548165","48194","DOORMAT HEARTS",1,"3/29/11 13:44",14.13,,"United Kingdom"
"548165","72349b","SET/6 PURPLE BUTTERFLY T-LIGHTS",7,"3/29/11 13:44",4.13,,"United Kingdom"
"548165","82599","FANNY'S REST STOPMETAL SIGN",1,"3/29/11 13:44",4.13,,"United Kingdom"
"548165","84872a","TEATIME FUNKY FLOWER BACKPACK FOR 2",2,"3/29/11 13:44",10.79,,"United Kingdom"
"548165","84987","SET OF 36 TEATIME PAPER DOILIES",1,"3/29/11 13:44",3.75,,"United Kingdom"
"548165","85049b","LUSH GREENS RIBBONS",1,"3/29/11 13:44",2.46,,"United Kingdom"
"548165","85049d","BRIGHT BLUES RIBBONS",1,"3/29/11 13:44",2.46,,"United Kingdom"
"548165","DOT","DOTCOM POSTAGE",1,"3/29/11 13:44",142.83,,"United Kingdom"
"548165","20712","JUMBO BAG WOODLAND ANIMALS",2,"3/29/11 13:44",4.13,,"United Kingdom"
"548165","20713","JUMBO BAG OWLS",5,"3/29/11 13:44",4.13,,"United Kingdom"
"548165","20726","LUNCH BAG WOODLAND",1,"3/29/11 13:44",4.96,,"United Kingdom"
"548165","20727","LUNCH BAG  BLACK SKULL.",1,"3/29/11 13:44",4.96,,"United Kingdom"
"548165","21033","JUMBO BAG CHARLIE AND LOLA TOYS",1,"3/29/11 13:44",4.13,,"United Kingdom"
"548165","21035","SET/2 RED RETROSPOT TEA TOWELS",1,"3/29/11 13:44",6.25,,"United Kingdom"
"548165","21216","SET 3 RETROSPOT TEA,COFFEE,SUGAR",2,"3/29/11 13:44",10.79,,"United Kingdom"
"548165","21218","RED SPOTTY BISCUIT TIN",1,"3/29/11 13:44",8.29,,"United Kingdom"
"548165","21558","SKULL LUNCH BOX WITH CUTLERY",1,"3/29/11 13:44",4.96,,"United Kingdom"
"548165","21668","RED STRIPE CERAMIC DRAWER KNOB",3,"3/29/11 13:44",2.46,,"United Kingdom"
"548165","21700","BIG DOUGHNUT FRIDGE MAGNETS",1,"3/29/11 13:44",8.29,,"United Kingdom"
"548165","21731","RED TOADSTOOL LED NIGHT LIGHT",2,"3/29/11 13:44",4.13,,"United Kingdom"
"548165","21931","JUMBO STORAGE BAG SUKI",3,"3/29/11 13:44",4.13,,"United Kingdom"
"548165","21936","RED RETROSPOT PICNIC BAG",1,"3/29/11 13:44",5.79,,"United Kingdom"
"548165","21977","PACK OF 60 PINK PAISLEY CAKE CASES",2,"3/29/11 13:44",2.08,,"United Kingdom"
"548165","22055","MINI CAKE STAND  HANGING STRAWBERY",1,"3/29/11 13:44",3.29,,"United Kingdom"
"548165","22171","3 HOOK PHOTO SHELF ANTIQUE WHITE",1,"3/29/11 13:44",16.63,,"United Kingdom"
"548165","22179","SET 10 LIGHTS NIGHT OWL",2,"3/29/11 13:44",13.29,,"United Kingdom"
"548165","22197","SMALL POPCORN HOLDER",20,"3/29/11 13:44",1.63,,"United Kingdom"
"548165","22282","12 EGG HOUSE PAINTED WOOD",1,"3/29/11 13:44",24.96,,"United Kingdom"
"548165","22361","GLASS JAR DAISY FRESH COTTON WOOL",1,"3/29/11 13:44",5.79,,"United Kingdom"
"548165","22365","DOORMAT RESPECTABLE HOUSE",1,"3/29/11 13:44",14.13,,"United Kingdom"
"548165","22371","AIRLINE BAG VINTAGE TOKYO 78",1,"3/29/11 13:44",8.29,,"United Kingdom"
"548166","15056bl","EDWARDIAN PARASOL BLACK",1,"3/29/11 13:45",12.46,,"United Kingdom"
"548166","15056n","EDWARDIAN PARASOL NATURAL",2,"3/29/11 13:45",12.46,,"United Kingdom"
"548166","20711","JUMBO BAG TOYS",1,"3/29/11 13:45",4.13,,"United Kingdom"
"548166","20712","JUMBO BAG WOODLAND ANIMALS",2,"3/29/11 13:45",4.13,,"United Kingdom"
"548166","20713","JUMBO BAG OWLS",5,"3/29/11 13:45",4.13,,"United Kingdom"
"548166","20717","STRAWBERRY SHOPPER BAG",2,"3/29/11 13:45",2.46,,"United Kingdom"
"548166","20727","LUNCH BAG  BLACK SKULL.",1,"3/29/11 13:45",4.96,,"United Kingdom"
"548166","21033","JUMBO BAG CHARLIE AND LOLA TOYS",1,"3/29/11 13:45",4.13,,"United Kingdom"
"548166","21035","SET/2 RED RETROSPOT TEA TOWELS",1,"3/29/11 13:45",6.25,,"United Kingdom"
"548166","21169","YOU'RE CONFUSING ME METAL SIGN",1,"3/29/11 13:45",4.13,,"United Kingdom"
"548166","21200","MULTICOLOUR HONEYCOMB PAPER GARLAND",4,"3/29/11 13:45",3.29,,"United Kingdom"
"548166","21215","IVORY PAPER CUP CAKE CASES",1,"3/29/11 13:45",1.25,,"United Kingdom"
"548166","21216","SET 3 RETROSPOT TEA,COFFEE,SUGAR",1,"3/29/11 13:45",10.79,,"United Kingdom"
"548166","21257","VICTORIAN SEWING BOX MEDIUM",1,"3/29/11 13:45",15.79,,"United Kingdom"
"548166","21494","ROTATING LEAVES T-LIGHT HOLDER",1,"3/29/11 13:45",5.79,,"United Kingdom"
"548166","21679","SKULLS  STICKERS",1,"3/29/11 13:45",1.63,,"United Kingdom"
"548166","21700","BIG DOUGHNUT FRIDGE MAGNETS",1,"3/29/11 13:45",8.29,,"United Kingdom"
"548166","21928","JUMBO BAG SCANDINAVIAN BLUE PAISLEY",2,"3/29/11 13:45",4.13,,"United Kingdom"
"548166","21930","JUMBO STORAGE BAG SKULLS",2,"3/29/11 13:45",4.96,,"United Kingdom"
"548166","21931","JUMBO STORAGE BAG SUKI",2,"3/29/11 13:45",4.13,,"United Kingdom"
"548166","21974","SET OF 36 PAISLEY FLOWER DOILIES",2,"3/29/11 13:45",3.75,,"United Kingdom"
"548166","21977","PACK OF 60 PINK PAISLEY CAKE CASES",1,"3/29/11 13:45",2.08,,"United Kingdom"
"548166","22041","RECORD FRAME 7"" SINGLE SIZE",1,"3/29/11 13:45",4.96,,"United Kingdom"
"548166","22064","PINK DOUGHNUT TRINKET POT",1,"3/29/11 13:45",3.29,,"United Kingdom"
"548166","22098","BOUDOIR SQUARE TISSUE BOX",1,"3/29/11 13:45",2.46,,"United Kingdom"
"548166","22197","SMALL POPCORN HOLDER",2,"3/29/11 13:45",1.63,,"United Kingdom"
"548166","22308","TEA COSY BLUE STRIPE",1,"3/29/11 13:45",4.96,,"United Kingdom"
"548166","22366","DOORMAT AIRMAIL",1,"3/29/11 13:45",14.13,,"United Kingdom"
"548166","22379","RECYCLING BAG RETROSPOT",3,"3/29/11 13:45",4.96,,"United Kingdom"
"548166","22381","TOY TIDY PINK POLKADOT",2,"3/29/11 13:45",4.96,,"United Kingdom"
"548166","22385","JUMBO BAG SPACEBOY DESIGN",1,"3/29/11 13:45",4.13,,"United Kingdom"
"548166","22386","JUMBO BAG PINK POLKADOT",3,"3/29/11 13:45",4.13,,"United Kingdom"
"548166","22411","JUMBO SHOPPER VINTAGE RED PAISLEY",7,"3/29/11 13:45",4.13,,"United Kingdom"
"548166","22412","METAL SIGN NEIGHBOURHOOD WITCH",1,"3/29/11 13:45",4.13,,"United Kingdom"
"548166","22456","NATURAL SLATE CHALKBOARD LARGE",1,"3/29/11 13:45",9.96,,"United Kingdom"
"548166","22457","NATURAL SLATE HEART CHALKBOARD",1,"3/29/11 13:45",5.79,,"United Kingdom"
"548166","22501","PICNIC BASKET WICKER LARGE",1,"3/29/11 13:45",20.79,,"United Kingdom"
"548166","22629","SPACEBOY LUNCH BOX",1,"3/29/11 13:45",2.46,,"United Kingdom"
"548166","22650","CERAMIC PIRATE CHEST MONEY BANK",1,"3/29/11 13:45",3.29,,"United Kingdom"
"548166","22719","GUMBALL MONOCHROME COAT RACK",3,"3/29/11 13:45",2.46,,"United Kingdom"
"548166","22728","ALARM CLOCK BAKELIKE PINK",1,"3/29/11 13:45",8.29,,"United Kingdom"
"548166","48116","DOORMAT MULTICOLOUR STRIPE",1,"3/29/11 13:45",14.13,,"United Kingdom"
"548166","82494l","WOODEN FRAME ANTIQUE WHITE",7,"3/29/11 13:45",8.29,,"United Kingdom"
"548166","82580","BATHROOM METAL SIGN",1,"3/29/11 13:45",1.25,,"United Kingdom"
"548166","84380","SET OF 3 BUTTERFLY COOKIE CUTTERS",1,"3/29/11 13:45",3.29,,"United Kingdom"
"548166","84509a","SET OF 4 ENGLISH ROSE PLACEMATS",3,"3/29/11 13:45",7.46,,"United Kingdom"
"548166","84510a","SET OF 4 ENGLISH ROSE COASTERS",3,"3/29/11 13:45",2.46,,"United Kingdom"
"548166","84519A","TOMATO CHARLIE+LOLA COASTER SET",1,"3/29/11 13:45",5.79,,"United Kingdom"
"548166","84872a","TEATIME FUNKY FLOWER BACKPACK FOR 2",1,"3/29/11 13:45",10.79,,"United Kingdom"
"548166","85099B","JUMBO BAG RED RETROSPOT",3,"3/29/11 13:45",4.13,,"United Kingdom"
"548166","DOT","DOTCOM POSTAGE",1,"3/29/11 13:45",180.17,,"United Kingdom"
"548167","20676","RED RETROSPOT BOWL",4,"3/29/11 13:45",2.46,,"United Kingdom"
"548167","20685","DOORMAT RED RETROSPOT",2,"3/29/11 13:45",16.63,,"United Kingdom"
"548167","20711","JUMBO BAG TOYS",1,"3/29/11 13:45",4.13,,"United Kingdom"
"548167","20712","JUMBO BAG WOODLAND ANIMALS",2,"3/29/11 13:45",4.13,,"United Kingdom"
"548167","20713","JUMBO BAG OWLS",3,"3/29/11 13:45",4.13,,"United Kingdom"
"548167","20726","LUNCH BAG WOODLAND",2,"3/29/11 13:45",4.96,,"United Kingdom"
"548167","21035","SET/2 RED RETROSPOT TEA TOWELS",1,"3/29/11 13:45",6.25,,"United Kingdom"
"548167","21080","SET/20 RED RETROSPOT PAPER NAPKINS",3,"3/29/11 13:45",2.46,,"United Kingdom"
"548167","21086","SET/6 RED SPOTTY PAPER CUPS",1,"3/29/11 13:45",1.63,,"United Kingdom"
"548167","21094","SET/6 RED SPOTTY PAPER PLATES",2,"3/29/11 13:45",2.46,,"United Kingdom"
"548167","21216","SET 3 RETROSPOT TEA,COFFEE,SUGAR",1,"3/29/11 13:45",10.79,,"United Kingdom"
"548167","21218","RED SPOTTY BISCUIT TIN",1,"3/29/11 13:45",8.29,,"United Kingdom"
"548167","21232","STRAWBERRY CERAMIC TRINKET BOX",1,"3/29/11 13:45",3.29,,"United Kingdom"
"548167","21700","BIG DOUGHNUT FRIDGE MAGNETS",1,"3/29/11 13:45",8.29,,"United Kingdom"
"548167","21731","RED TOADSTOOL LED NIGHT LIGHT",3,"3/29/11 13:45",4.13,,"United Kingdom"
"548167","21928","JUMBO BAG SCANDINAVIAN BLUE PAISLEY",1,"3/29/11 13:45",4.13,,"United Kingdom"
"548167","21931","JUMBO STORAGE BAG SUKI",8,"3/29/11 13:45",4.13,,"United Kingdom"
"548167","21955","DOORMAT UNION JACK GUNS AND ROSES",1,"3/29/11 13:45",12.46,,"United Kingdom"
"548167","22059","CERAMIC STRAWBERRY DESIGN MUG",1,"3/29/11 13:45",3.29,,"United Kingdom"
"548167","22088","PAPER BUNTING COLOURED LACE",1,"3/29/11 13:45",4.13,,"United Kingdom"
"548167","22090","PAPER BUNTING RETROSPOT",1,"3/29/11 13:45",6.63,,"United Kingdom"
"548167","22197","SMALL POPCORN HOLDER",2,"3/29/11 13:45",1.63,,"United Kingdom"
"548167","22199","FRYING PAN RED RETROSPOT",1,"3/29/11 13:45",8.29,,"United Kingdom"
"548167","22283","6 EGG HOUSE PAINTED WOOD",2,"3/29/11 13:45",15.79,,"United Kingdom"
"548167","22297","HEART IVORY TRELLIS SMALL",1,"3/29/11 13:45",2.46,,"United Kingdom"
"548167","22385","JUMBO BAG SPACEBOY DESIGN",1,"3/29/11 13:45",4.13,,"United Kingdom"
"548167","22386","JUMBO BAG PINK POLKADOT",4,"3/29/11 13:45",4.13,,"United Kingdom"
"548167","22411","JUMBO SHOPPER VINTAGE RED PAISLEY",2,"3/29/11 13:45",4.13,,"United Kingdom"
"548167","22456","NATURAL SLATE CHALKBOARD LARGE",1,"3/29/11 13:45",9.96,,"United Kingdom"
"548167","22488","NATURAL SLATE RECTANGLE CHALKBOARD",3,"3/29/11 13:45",3.29,,"United Kingdom"
"548167","22499","WOODEN UNION JACK BUNTING",2,"3/29/11 13:45",8.29,,"United Kingdom"
"548167","22501","PICNIC BASKET WICKER LARGE",3,"3/29/11 13:45",20.79,,"United Kingdom"
"548167","22502","PICNIC BASKET WICKER SMALL",1,"3/29/11 13:45",8.29,,"United Kingdom"
"548167","22507","MEMO BOARD RETROSPOT  DESIGN",1,"3/29/11 13:45",10.79,,"United Kingdom"
"548167","22518","CHILDS GARDEN BRUSH BLUE",1,"3/29/11 13:45",4.13,,"United Kingdom"
"548167","22659","LUNCH BOX I LOVE LONDON",1,"3/29/11 13:45",2.46,,"United Kingdom"
"548167","22719","GUMBALL MONOCHROME COAT RACK",1,"3/29/11 13:45",2.46,,"United Kingdom"
"548167","22773","GREEN DRAWER KNOB ACRYLIC EDWARDIAN",10,"3/29/11 13:45",2.46,,"United Kingdom"
"548167","22845","VINTAGE CREAM CAT FOOD CONTAINER",1,"3/29/11 13:45",12.46,,"United Kingdom"
"548167","48185","DOORMAT FAIRY CAKE",3,"3/29/11 13:45",14.13,,"United Kingdom"
"548167","48194","DOORMAT HEARTS",2,"3/29/11 13:45",14.13,,"United Kingdom"
"548167","72349b","SET/6 PURPLE BUTTERFLY T-LIGHTS",1,"3/29/11 13:45",4.13,,"United Kingdom"
"548167","75049L","LARGE CIRCULAR MIRROR MOBILE",4,"3/29/11 13:45",2.46,,"United Kingdom"
"548167","84969","BOX OF 6 ASSORTED COLOUR TEASPOONS",2,"3/29/11 13:45",8.29,,"United Kingdom"
"548167","85066","CREAM SWEETHEART MINI CHEST",1,"3/29/11 13:45",24.96,,"United Kingdom"
"548167","85099B","JUMBO BAG RED RETROSPOT",2,"3/29/11 13:45",4.13,,"United Kingdom"
"548167","85132a","CHARLIE + LOLA BISCUITS TINS",1,"3/29/11 13:45",8.29,,"United Kingdom"
"548167","DOT","DOTCOM POSTAGE",1,"3/29/11 13:45",181.88,,"United Kingdom"
"548168","20711","JUMBO BAG TOYS",2,"3/29/11 13:46",4.13,,"United Kingdom"
"548168","20712","JUMBO BAG WOODLAND ANIMALS",5,"3/29/11 13:46",4.13,,"United Kingdom"
"548168","20713","JUMBO BAG OWLS",2,"3/29/11 13:46",4.13,,"United Kingdom"
"548168","20726","LUNCH BAG WOODLAND",1,"3/29/11 13:46",4.96,,"United Kingdom"
"548168","21033","JUMBO BAG CHARLIE AND LOLA TOYS",2,"3/29/11 13:46",4.13,,"United Kingdom"
"548168","21078","SET/20 STRAWBERRY PAPER NAPKINS",1,"3/29/11 13:46",2.46,,"United Kingdom"
"548168","21110","LARGE CAKE TOWEL PINK SPOTS",1,"3/29/11 13:46",13.29,,"United Kingdom"
"548168","21116","OWL DOORSTOP",1,"3/29/11 13:46",8.29,,"United Kingdom"
"548168","21430","SET/3 RED GINGHAM ROSE STORAGE BOX",1,"3/29/11 13:46",7.46,,"United Kingdom"
"548168","21557","SET OF 6 FUNKY BEAKERS",3,"3/29/11 13:46",5.63,,"United Kingdom"
"548168","21731","RED TOADSTOOL LED NIGHT LIGHT",2,"3/29/11 13:46",4.13,,"United Kingdom"
"548168","21928","JUMBO BAG SCANDINAVIAN BLUE PAISLEY",2,"3/29/11 13:46",4.13,,"United Kingdom"
"548168","21931","JUMBO STORAGE BAG SUKI",8,"3/29/11 13:46",4.13,,"United Kingdom"
"548168","21935","SUKI  SHOULDER BAG",1,"3/29/11 13:46",4.13,,"United Kingdom"
"548168","22069","BROWN  PIRATE TREASURE CHEST",4,"3/29/11 13:46",4.13,,"United Kingdom"
"548168","22088","PAPER BUNTING COLOURED LACE",1,"3/29/11 13:46",4.13,,"United Kingdom"
"548168","22166","WALL MIRROR RECTANGLE DIAMANTE PINK",1,"3/29/11 13:46",15.79,,"United Kingdom"
"548168","22192","BLUE DINER WALL CLOCK",1,"3/29/11 13:46",16.63,,"United Kingdom"
"548168","22196","SMALL HEART MEASURING SPOONS",2,"3/29/11 13:46",1.63,,"United Kingdom"
"548168","22212","FOUR HOOK  WHITE LOVEBIRDS",1,"3/29/11 13:46",4.13,,"United Kingdom"
"548168","22358","KINGS CHOICE TEA CADDY",2,"3/29/11 13:46",5.79,,"United Kingdom"
"548168","22411","JUMBO SHOPPER VINTAGE RED PAISLEY",5,"3/29/11 13:46",4.13,,"United Kingdom"
"548168","22476","EMPIRE UNION JACK TV DINNER TRAY",1,"3/29/11 13:46",10.79,,"United Kingdom"
"548168","22502","PICNIC BASKET WICKER SMALL",2,"3/29/11 13:46",8.29,,"United Kingdom"
"548168","22518","CHILDS GARDEN BRUSH BLUE",1,"3/29/11 13:46",4.13,,"United Kingdom"
"548168","22649","STRAWBERRY FAIRY CAKE TEAPOT",1,"3/29/11 13:46",10.79,,"United Kingdom"
"548168","22719","GUMBALL MONOCHROME COAT RACK",1,"3/29/11 13:46",2.46,,"United Kingdom"
"548168","22961","JAM MAKING SET PRINTED",1,"3/29/11 13:46",3.29,,"United Kingdom"
"548168","22966","GINGERBREAD MAN COOKIE CUTTER",1,"3/29/11 13:46",2.46,,"United Kingdom"
"548168","47566b","TEA TIME PARTY BUNTING",2,"3/29/11 13:46",8.29,,"United Kingdom"
"548168","82551","LAUNDRY 15C METAL SIGN",1,"3/29/11 13:46",2.46,,"United Kingdom"
"548168","84509a","SET OF 4 ENGLISH ROSE PLACEMATS",1,"3/29/11 13:46",7.46,,"United Kingdom"
"548168","84510a","SET OF 4 ENGLISH ROSE COASTERS",1,"3/29/11 13:46",2.46,,"United Kingdom"
"548168","85127","SMALL SQUARE CUT GLASS CANDLESTICK",2,"3/29/11 13:46",9.96,,"United Kingdom"
"548168","DOT","DOTCOM POSTAGE",1,"3/29/11 13:46",144.75,,"United Kingdom"
"548169","47566","PARTY BUNTING",50,"3/29/11 13:48",4.15,14680,"United Kingdom"
"548169","85099C","JUMBO  BAG BAROQUE BLACK WHITE",10,"3/29/11 13:48",1.95,14680,"United Kingdom"
"548169","20728","LUNCH BAG CARS BLUE",10,"3/29/11 13:48",1.65,14680,"United Kingdom"
"548169","21937","STRAWBERRY   PICNIC BAG",10,"3/29/11 13:48",2.95,14680,"United Kingdom"
"548169","21936","RED RETROSPOT PICNIC BAG",20,"3/29/11 13:48",2.95,14680,"United Kingdom"
"548169","20724","RED RETROSPOT CHARLOTTE BAG",20,"3/29/11 13:48",0.85,14680,"United Kingdom"
"548169","22356","CHARLOTTE BAG PINK POLKADOT",20,"3/29/11 13:48",0.85,14680,"United Kingdom"
"548169","20727","LUNCH BAG  BLACK SKULL.",20,"3/29/11 13:48",1.65,14680,"United Kingdom"
"548169","22384","LUNCH BAG PINK POLKADOT",20,"3/29/11 13:48",1.65,14680,"United Kingdom"
"548169","21731","RED TOADSTOOL LED NIGHT LIGHT",24,"3/29/11 13:48",1.65,14680,"United Kingdom"
"548169","22628","PICNIC BOXES SET OF 3 RETROSPOT",8,"3/29/11 13:48",4.95,14680,"United Kingdom"
"548169","79321","CHILLI LIGHTS",48,"3/29/11 13:48",4.95,14680,"United Kingdom"
"548169","21559","STRAWBERRY LUNCH BOX WITH CUTLERY",10,"3/29/11 13:48",2.55,14680,"United Kingdom"
"548169","22327","ROUND SNACK BOXES SET OF 4 SKULLS",10,"3/29/11 13:48",2.95,14680,"United Kingdom"
"548169","47559B","TEA TIME OVEN GLOVE",7,"3/29/11 13:48",1.25,14680,"United Kingdom"
"548169","20914","SET/5 RED RETROSPOT LID GLASS BOWLS",8,"3/29/11 13:48",2.95,14680,"United Kingdom"
"548169","21154","RED RETROSPOT OVEN GLOVE",7,"3/29/11 13:48",1.25,14680,"United Kingdom"
"548169","21213","PACK OF 72 SKULL CAKE CASES",72,"3/29/11 13:48",0.55,14680,"United Kingdom"
"548169","21212","PACK OF 72 RETROSPOT CAKE CASES",72,"3/29/11 13:48",0.55,14680,"United Kingdom"
"548169","84991","60 TEATIME FAIRY CAKE CASES",72,"3/29/11 13:48",0.55,14680,"United Kingdom"
"548169","84992","72 SWEETHEART FAIRY CAKE CASES",72,"3/29/11 13:48",0.55,14680,"United Kingdom"
"548169","22386","JUMBO BAG PINK POLKADOT",100,"3/29/11 13:48",1.65,14680,"United Kingdom"
"548169","22667","RECIPE BOX RETROSPOT",36,"3/29/11 13:48",2.55,14680,"United Kingdom"
"548169","21430","SET/3 RED GINGHAM ROSE STORAGE BOX",24,"3/29/11 13:48",3.39,14680,"United Kingdom"
"548169","20725","LUNCH BAG RED RETROSPOT",100,"3/29/11 13:48",1.45,14680,"United Kingdom"
"548169","22383","LUNCH BAG SUKI DESIGN",100,"3/29/11 13:48",1.45,14680,"United Kingdom"
"548169","20726","LUNCH BAG WOODLAND",100,"3/29/11 13:48",1.45,14680,"United Kingdom"
"548169","20712","JUMBO BAG WOODLAND ANIMALS",100,"3/29/11 13:48",1.65,14680,"United Kingdom"
"548169","21930","JUMBO STORAGE BAG SKULLS",100,"3/29/11 13:48",1.65,14680,"United Kingdom"
"548170","22084","PAPER CHAIN KIT EMPIRE",6,"3/29/11 13:53",2.95,15290,"United Kingdom"
"548170","22908","PACK OF 20 NAPKINS RED APPLES",12,"3/29/11 13:53",0.85,15290,"United Kingdom"
"548170","21621","VINTAGE UNION JACK BUNTING",8,"3/29/11 13:53",8.5,15290,"United Kingdom"
"548170","21704","BAG 250g SWIRLY MARBLES",24,"3/29/11 13:53",0.85,15290,"United Kingdom"
"548170","21078","SET/20 STRAWBERRY PAPER NAPKINS",12,"3/29/11 13:53",0.85,15290,"United Kingdom"
"548170","22808","SET OF 6 T-LIGHTS EASTER CHICKS",6,"3/29/11 13:53",2.95,15290,"United Kingdom"
"548170","22894","TABLECLOTH RED APPLES DESIGN",3,"3/29/11 13:53",9.95,15290,"United Kingdom"
"548170","22568","FELTCRAFT CUSHION OWL",16,"3/29/11 13:53",3.75,15290,"United Kingdom"
"548170","22150","3 STRIPEY MICE FELTCRAFT",24,"3/29/11 13:53",1.95,15290,"United Kingdom"
"548171","21094","SET/6 RED SPOTTY PAPER PLATES",96,"3/29/11 13:58",0.64,16422,"United Kingdom"
"548171","21080","SET/20 RED RETROSPOT PAPER NAPKINS",96,"3/29/11 13:58",0.72,16422,"United Kingdom"
"548171","22333","RETROSPOT PARTY BAG + STICKER SET",48,"3/29/11 13:58",1.45,16422,"United Kingdom"
"548171","17003","BROCADE RING PURSE",720,"3/29/11 13:58",0.25,16422,"United Kingdom"
"548171","22090","PAPER BUNTING RETROSPOT",40,"3/29/11 13:58",2.55,16422,"United Kingdom"
"548171","47566B","TEA TIME PARTY BUNTING",20,"3/29/11 13:58",4.95,16422,"United Kingdom"
"548171","22262","FELT EGG COSY CHICKEN",36,"3/29/11 13:58",0.85,16422,"United Kingdom"
"548171","22260","FELT EGG COSY BLUE RABBIT",48,"3/29/11 13:58",0.85,16422,"United Kingdom"
"548171","22432","WATERING CAN PINK BUNNY",18,"3/29/11 13:58",1.95,16422,"United Kingdom"
"548171","22433","WATERING CAN GREEN DINOSAUR",12,"3/29/11 13:58",1.95,16422,"United Kingdom"
"548171","22084","PAPER CHAIN KIT EMPIRE",40,"3/29/11 13:58",2.55,16422,"United Kingdom"
"548171","22499","WOODEN UNION JACK BUNTING",21,"3/29/11 13:58",5.95,16422,"United Kingdom"
"548171","22525","CHILDRENS GARDEN GLOVES PINK",10,"3/29/11 13:58",1.25,16422,"United Kingdom"
"548171","22524","CHILDRENS GARDEN GLOVES BLUE",10,"3/29/11 13:58",1.25,16422,"United Kingdom"
"548172","47566B","TEA TIME PARTY BUNTING",4,"3/29/11 14:13",4.95,15738,"United Kingdom"
"548172","47590A","BLUE HAPPY BIRTHDAY BUNTING",3,"3/29/11 14:13",5.45,15738,"United Kingdom"
"548172","47599A","PINK PARTY BAGS",6,"3/29/11 14:13",2.1,15738,"United Kingdom"
"548172","10133","COLOURING PENCILS BROWN TUBE",10,"3/29/11 14:13",0.85,15738,"United Kingdom"
"548172","21080","SET/20 RED RETROSPOT PAPER NAPKINS",36,"3/29/11 14:13",0.85,15738,"United Kingdom"
"548172","84997D","CHILDRENS CUTLERY POLKADOT PINK",4,"3/29/11 14:13",4.15,15738,"United Kingdom"
"548172","22090","PAPER BUNTING RETROSPOT",18,"3/29/11 14:13",2.95,15738,"United Kingdom"
"548172","84997B","CHILDRENS CUTLERY RETROSPOT RED",4,"3/29/11 14:13",4.15,15738,"United Kingdom"
"548172","20974","12 PENCILS SMALL TUBE SKULL",24,"3/29/11 14:13",0.65,15738,"United Kingdom"
"548172","22333","RETROSPOT PARTY BAG + STICKER SET",32,"3/29/11 14:13",1.65,15738,"United Kingdom"
"548172","21238","RED RETROSPOT CUP",16,"3/29/11 14:13",0.85,15738,"United Kingdom"
"548172","21086","SET/6 RED SPOTTY PAPER CUPS",48,"3/29/11 14:13",0.65,15738,"United Kingdom"
"548172","21094","SET/6 RED SPOTTY PAPER PLATES",48,"3/29/11 14:13",0.85,15738,"United Kingdom"
"548173","85067",,-3,"3/29/11 14:17",0,,"United Kingdom"
"C548174","22725","ALARM CLOCK BAKELIKE CHOCOLATE",-1,"3/29/11 14:17",3.75,13662,"United Kingdom"
"548175","46115B",,-2,"3/29/11 14:19",0,,"United Kingdom"
"548176","85194S","HANGING SPRING FLOWER EGG SMALL",10,"3/29/11 14:20",0.65,13439,"United Kingdom"
"548176","85199S","SMALL HANGING IVORY/RED WOOD BIRD",6,"3/29/11 14:20",0.42,13439,"United Kingdom"
"548176","85204","HANGING WOOD AND FELT FLOWER",5,"3/29/11 14:20",0.42,13439,"United Kingdom"
"548176","85202","HANGING WOOD AND FELT HEART",6,"3/29/11 14:20",0.42,13439,"United Kingdom"
"548176","20794","BLUE  TILE HOOK",3,"3/29/11 14:20",2.55,13439,"United Kingdom"
"548176","22241","GARLAND WOODEN HAPPY EASTER",2,"3/29/11 14:20",1.25,13439,"United Kingdom"
"548176","20682","RED RETROSPOT CHILDRENS UMBRELLA",1,"3/29/11 14:20",3.25,13439,"United Kingdom"
"548176","22637","PIGGY BANK RETROSPOT",1,"3/29/11 14:20",2.55,13439,"United Kingdom"
"548176","22645","CERAMIC HEART FAIRY CAKE MONEY BANK",2,"3/29/11 14:20",1.45,13439,"United Kingdom"
"548176","22773","GREEN DRAWER KNOB ACRYLIC EDWARDIAN",2,"3/29/11 14:20",1.25,13439,"United Kingdom"
"548176","84789","ENCHANTED BIRD PLANT CAGE",2,"3/29/11 14:20",3.75,13439,"United Kingdom"
"548176","22173","METAL 4 HOOK HANGER FRENCH CHATEAU",2,"3/29/11 14:20",2.95,13439,"United Kingdom"
"548176","85211","S/4 GROOVY CAT MAGNETS",2,"3/29/11 14:20",1.65,13439,"United Kingdom"
"548176","21644","ASSORTED TUTTI FRUTTI HEART BOX",4,"3/29/11 14:20",1.25,13439,"United Kingdom"
"548176","22245","HOOK, 1 HANGER ,MAGIC GARDEN",4,"3/29/11 14:20",0.85,13439,"United Kingdom"
"548176","22244","3 HOOK HANGER MAGIC GARDEN",2,"3/29/11 14:20",1.95,13439,"United Kingdom"
"548176","22212","FOUR HOOK  WHITE LOVEBIRDS",2,"3/29/11 14:20",2.1,13439,"United Kingdom"
"548176","21642","ASSORTED TUTTI FRUTTI PEN",8,"3/29/11 14:20",0.85,13439,"United Kingdom"
"548176","75131","METAL TUBE CHIME ON BAMBOO",3,"3/29/11 14:20",1.69,13439,"United Kingdom"
"548176","71459","HANGING JAM JAR T-LIGHT HOLDER",12,"3/29/11 14:20",0.85,13439,"United Kingdom"
"548176","21715","GIRLS VINTAGE TIN SEASIDE BUCKET",8,"3/29/11 14:20",2.55,13439,"United Kingdom"
"548176","22465","HANGING METAL STAR LANTERN",6,"3/29/11 14:20",1.65,13439,"United Kingdom"
"548176","22464","HANGING METAL HEART LANTERN",6,"3/29/11 14:20",1.65,13439,"United Kingdom"
"548176","20845","ZINC HEART LATTICE 2 WALL PLANTER",2,"3/29/11 14:20",6.35,13439,"United Kingdom"
"548176","20829","GLITTER HANGING BUTTERFLY STRING",2,"3/29/11 14:20",2.1,13439,"United Kingdom"
"548176","22088","PAPER BUNTING COLOURED LACE",2,"3/29/11 14:20",2.95,13439,"United Kingdom"
"548176","17003","BROCADE RING PURSE",36,"3/29/11 14:20",0.29,13439,"United Kingdom"
"548176","22147","FELTCRAFT BUTTERFLY HEARTS",2,"3/29/11 14:20",1.45,13439,"United Kingdom"
"548176","22150","3 STRIPEY MICE FELTCRAFT",2,"3/29/11 14:20",1.95,13439,"United Kingdom"
"548176","21891","TRADITIONAL WOODEN SKIPPING ROPE",2,"3/29/11 14:20",1.25,13439,"United Kingdom"
"548176","21892","TRADITIONAL WOODEN CATCH CUP GAME",2,"3/29/11 14:20",1.25,13439,"United Kingdom"
"548176","22139","RETROSPOT TEA SET CERAMIC 11 PC",1,"3/29/11 14:20",4.95,13439,"United Kingdom"
"548176","22178","VICTORIAN GLASS HANGING T-LIGHT",6,"3/29/11 14:20",1.25,13439,"United Kingdom"
"548176","16015","MEDIUM CHINESE STYLE SCISSOR",10,"3/29/11 14:20",0.5,13439,"United Kingdom"
"548176","16016","LARGE CHINESE STYLE SCISSOR",10,"3/29/11 14:20",0.85,13439,"United Kingdom"
"548176","22431","WATERING CAN BLUE ELEPHANT",1,"3/29/11 14:20",1.95,13439,"United Kingdom"
"548176","22433","WATERING CAN GREEN DINOSAUR",1,"3/29/11 14:20",1.95,13439,"United Kingdom"
"548176","72351A","SET/6 TURQUOISE BUTTERFLY T-LIGHTS",1,"3/29/11 14:20",2.1,13439,"United Kingdom"
"548176","72351B","SET/6 PINK  BUTTERFLY T-LIGHTS",1,"3/29/11 14:20",2.1,13439,"United Kingdom"
"548176","21317","GLASS SPHERE CANDLE STAND MEDIUM",2,"3/29/11 14:20",5.45,13439,"United Kingdom"
"548176","21714","CITRONELLA CANDLE GARDEN POT",6,"3/29/11 14:20",1.25,13439,"United Kingdom"
"548176","22336","DOVE DECORATION PAINTED ZINC",10,"3/29/11 14:20",0.65,13439,"United Kingdom"
"548176","21383","PACK OF 12 STICKY BUNNIES",10,"3/29/11 14:20",0.65,13439,"United Kingdom"
"548176","22285","HANGING HEN ON NEST DECORATION",1,"3/29/11 14:20",1.65,13439,"United Kingdom"
"548176","22284","HEN HOUSE DECORATION",1,"3/29/11 14:20",1.65,13439,"United Kingdom"
"548176","22291","HANGING CHICK CREAM DECORATION",2,"3/29/11 14:20",1.45,13439,"United Kingdom"
"548176","22293","HANGING CHICK GREEN DECORATION",4,"3/29/11 14:20",1.45,13439,"United Kingdom"
"548176","22219","LOVEBIRD HANGING DECORATION WHITE",4,"3/29/11 14:20",0.85,13439,"United Kingdom"
"548176","75178","ASSTD COL BUTTERFLY/CRYSTAL W/CHIME",3,"3/29/11 14:20",1.25,13439,"United Kingdom"
"548176","84971S","SMALL HEART FLOWERS HOOK",8,"3/29/11 14:20",0.85,13439,"United Kingdom"
"548176","84715","SET OF 6 ICE CREAM SKITTLES",4,"3/29/11 14:20",2.95,13439,"United Kingdom"
"548176","21390","FILIGRIS HEART WITH BUTTERFLY",3,"3/29/11 14:20",1.25,13439,"United Kingdom"
"548176","44234","ASSORTED CIRCULAR MOBILE",2,"3/29/11 14:20",0.21,13439,"United Kingdom"
"548176","44235","ASS COL CIRCLE MOBILE",2,"3/29/11 14:20",0.42,13439,"United Kingdom"
"548177","79160","HEART SHAPE WIRELESS DOORBELL",12,"3/29/11 14:31",2.1,12888,"United Kingdom"
"548177","21137","BLACK RECORD COVER FRAME",24,"3/29/11 14:31",3.39,12888,"United Kingdom"
"548177","47570B","TEA TIME TABLE CLOTH",10,"3/29/11 14:31",10.65,12888,"United Kingdom"
"548177","37449","CERAMIC CAKE STAND + HANGING CAKES",6,"3/29/11 14:31",9.95,12888,"United Kingdom"
"548178","84978","HANGING HEART JAR T-LIGHT HOLDER",12,"3/29/11 14:35",1.25,14367,"United Kingdom"
"548178","85099B","JUMBO BAG RED RETROSPOT",10,"3/29/11 14:35",1.95,14367,"United Kingdom"
"548178","22993","SET OF 4 PANTRY JELLY MOULDS",12,"3/29/11 14:35",1.25,14367,"United Kingdom"
"548178","47566B","TEA TIME PARTY BUNTING",12,"3/29/11 14:35",4.95,14367,"United Kingdom"
"548178","22334","DINOSAUR PARTY BAG + STICKER SET",8,"3/29/11 14:35",1.65,14367,"United Kingdom"
"548178","22382","LUNCH BAG SPACEBOY DESIGN",10,"3/29/11 14:35",1.65,14367,"United Kingdom"
"548178","22384","LUNCH BAG PINK POLKADOT",10,"3/29/11 14:35",1.65,14367,"United Kingdom"
"548178","22668","PINK BABY BUNTING",5,"3/29/11 14:35",2.95,14367,"United Kingdom"
"548178","22781","GUMBALL MAGAZINE RACK",2,"3/29/11 14:35",7.65,14367,"United Kingdom"
"548178","22147","FELTCRAFT BUTTERFLY HEARTS",12,"3/29/11 14:35",1.45,14367,"United Kingdom"
"548178","22149","FELTCRAFT 6 FLOWER FRIENDS",6,"3/29/11 14:35",2.1,14367,"United Kingdom"
"548178","22318","FIVE HEART HANGING DECORATION",6,"3/29/11 14:35",2.95,14367,"United Kingdom"
"548178","20723","STRAWBERRY CHARLOTTE BAG",10,"3/29/11 14:35",0.85,14367,"United Kingdom"
"548178","20727","LUNCH BAG  BLACK SKULL.",10,"3/29/11 14:35",1.65,14367,"United Kingdom"
"548178","20829","GLITTER HANGING BUTTERFLY STRING",8,"3/29/11 14:35",2.1,14367,"United Kingdom"
"548178","21217","RED RETROSPOT ROUND CAKE TINS",2,"3/29/11 14:35",9.95,14367,"United Kingdom"
"548178","21213","PACK OF 72 SKULL CAKE CASES",24,"3/29/11 14:35",0.55,14367,"United Kingdom"
"548178","21080","SET/20 RED RETROSPOT PAPER NAPKINS",12,"3/29/11 14:35",0.85,14367,"United Kingdom"
"548178","21975","PACK OF 60 DINOSAUR CAKE CASES",24,"3/29/11 14:35",0.55,14367,"United Kingdom"
"548178","21972","SET OF 36 DINOSAUR PAPER DOILIES",12,"3/29/11 14:35",1.45,14367,"United Kingdom"
"548178","22851","SET 20 NAPKINS FAIRY CAKES DESIGN",12,"3/29/11 14:35",0.85,14367,"United Kingdom"
"548178","84992","72 SWEETHEART FAIRY CAKE CASES",24,"3/29/11 14:35",0.55,14367,"United Kingdom"
"548178","84991","60 TEATIME FAIRY CAKE CASES",24,"3/29/11 14:35",0.55,14367,"United Kingdom"
"548178","47566","PARTY BUNTING",12,"3/29/11 14:35",4.95,14367,"United Kingdom"
"548178","85123A","WHITE HANGING HEART T-LIGHT HOLDER",12,"3/29/11 14:35",2.95,14367,"United Kingdom"
"548178","21985","PACK OF 12 HEARTS DESIGN TISSUES",24,"3/29/11 14:35",0.29,14367,"United Kingdom"
"548178","22457","NATURAL SLATE HEART CHALKBOARD",6,"3/29/11 14:35",2.95,14367,"United Kingdom"
"548185","21181","PLEASE ONE PERSON METAL SIGN",12,"3/29/11 14:58",2.1,15628,"United Kingdom"
"548185","21870","I CAN ONLY PLEASE ONE PERSON MUG",12,"3/29/11 14:58",1.25,15628,"United Kingdom"
"548185","22961","JAM MAKING SET PRINTED",12,"3/29/11 14:58",1.45,15628,"United Kingdom"
"548185","20685","DOORMAT RED RETROSPOT",2,"3/29/11 14:58",7.95,15628,"United Kingdom"
"548185","21524","DOORMAT SPOTTY HOME SWEET HOME",2,"3/29/11 14:58",7.95,15628,"United Kingdom"
"548185","21232","STRAWBERRY CERAMIC TRINKET BOX",12,"3/29/11 14:58",1.25,15628,"United Kingdom"
"548185","84978","HANGING HEART JAR T-LIGHT HOLDER",12,"3/29/11 14:58",1.25,15628,"United Kingdom"
"548185","85123A","WHITE HANGING HEART T-LIGHT HOLDER",12,"3/29/11 14:58",2.95,15628,"United Kingdom"
"548185","22077","6 RIBBONS RUSTIC CHARM",12,"3/29/11 14:58",1.65,15628,"United Kingdom"
"548185","22993","SET OF 4 PANTRY JELLY MOULDS",12,"3/29/11 14:58",1.25,15628,"United Kingdom"
"548185","22570","FELTCRAFT CUSHION RABBIT",4,"3/29/11 14:58",3.75,15628,"United Kingdom"
"548185","21528","DAIRY MAID TRADITIONAL TEAPOT",2,"3/29/11 14:58",6.95,15628,"United Kingdom"
"548185","22558","CLOTHES PEGS RETROSPOT PACK 24",12,"3/29/11 14:58",1.49,15628,"United Kingdom"
"548185","22138","BAKING SET 9 PIECE RETROSPOT",3,"3/29/11 14:58",4.95,15628,"United Kingdom"
"548185","22617","BAKING SET SPACEBOY DESIGN",3,"3/29/11 14:58",4.95,15628,"United Kingdom"
"548185","37495","FAIRY CAKE BIRTHDAY CANDLE SET",4,"3/29/11 14:58",3.75,15628,"United Kingdom"
"548185","20971","PINK BLUE FELT CRAFT TRINKET BOX",12,"3/29/11 14:58",1.25,15628,"United Kingdom"
"548185","21155","RED RETROSPOT PEG BAG",6,"3/29/11 14:58",2.55,15628,"United Kingdom"
"548185","22175","PINK OWL SOFT TOY",6,"3/29/11 14:58",2.95,15628,"United Kingdom"
"548185","21544","SKULLS  WATER TRANSFER TATTOOS",12,"3/29/11 14:58",0.85,15628,"United Kingdom"
"548185","82494L","WOODEN FRAME ANTIQUE WHITE",6,"3/29/11 14:58",2.95,15628,"United Kingdom"
"548185","21534","DAIRY MAID LARGE MILK JUG",3,"3/29/11 14:58",4.95,15628,"United Kingdom"
"548186","20725","LUNCH BAG RED RETROSPOT",30,"3/29/11 15:02",1.45,13777,"United Kingdom"
"548186","21232","STRAWBERRY CERAMIC TRINKET BOX",24,"3/29/11 15:02",1.06,13777,"United Kingdom"
"548186","22041","RECORD FRAME 7"" SINGLE SIZE",48,"3/29/11 15:02",2.1,13777,"United Kingdom"
"548186","20727","LUNCH BAG  BLACK SKULL.",20,"3/29/11 15:02",1.45,13777,"United Kingdom"
"548186","85123A","WHITE HANGING HEART T-LIGHT HOLDER",72,"3/29/11 15:02",2.55,13777,"United Kingdom"
"548186","20679","EDWARDIAN PARASOL RED",12,"3/29/11 15:02",4.6,13777,"United Kingdom"
"548186","85038","6 CHOCOLATE LOVE HEART T-LIGHTS",24,"3/29/11 15:02",1.69,13777,"United Kingdom"
"548186","21107","CREAM SLICE FLANNEL PINK SPOT",24,"3/29/11 15:02",2.55,13777,"United Kingdom"
"C548187","22423","REGENCY CAKESTAND 3 TIER",-1,"3/29/11 15:06",12.75,17511,"United Kingdom"
"C548187","47590B","PINK HAPPY BIRTHDAY BUNTING",-1,"3/29/11 15:06",5.45,17511,"United Kingdom"
"C548187","21232","STRAWBERRY CERAMIC TRINKET BOX",-1,"3/29/11 15:06",1.25,17511,"United Kingdom"
"548188","21171","BATHROOM METAL SIGN",2,"3/29/11 15:12",1.45,13263,"United Kingdom"
"548188","21908","CHOCOLATE THIS WAY METAL SIGN",3,"3/29/11 15:12",2.1,13263,"United Kingdom"
"548188","21770","OPEN CLOSED METAL SIGN",1,"3/29/11 15:12",4.95,13263,"United Kingdom"
"548188","21903","MAN FLU METAL SIGN",2,"3/29/11 15:12",2.1,13263,"United Kingdom"
"548188","23182","TOILET SIGN OCCUPIED OR VACANT",3,"3/29/11 15:12",0.83,13263,"United Kingdom"
"548188","22916","HERB MARKER THYME",2,"3/29/11 15:12",0.65,13263,"United Kingdom"
"548188","22917","HERB MARKER ROSEMARY",2,"3/29/11 15:12",0.65,13263,"United Kingdom"
"548188","22918","HERB MARKER PARSLEY",2,"3/29/11 15:12",0.65,13263,"United Kingdom"
"548188","22921","HERB MARKER CHIVES",2,"3/29/11 15:12",0.65,13263,"United Kingdom"
"548188","22920","HERB MARKER BASIL",2,"3/29/11 15:12",0.65,13263,"United Kingdom"
"548188","22919","HERB MARKER MINT",2,"3/29/11 15:12",0.65,13263,"United Kingdom"
"548188","22848","BREAD BIN DINER STYLE PINK",1,"3/29/11 15:12",16.95,13263,"United Kingdom"
"548188","22423","REGENCY CAKESTAND 3 TIER",1,"3/29/11 15:12",12.75,13263,"United Kingdom"
"548188","85053","FRENCH ENAMEL CANDLEHOLDER",1,"3/29/11 15:12",2.1,13263,"United Kingdom"
"548188","21038","SET/4 MODERN VINTAGE COTTON NAPKINS",2,"3/29/11 15:12",0.79,13263,"United Kingdom"
"548188","85123A","WHITE HANGING HEART T-LIGHT HOLDER",1,"3/29/11 15:12",2.95,13263,"United Kingdom"
"548188","82494L","WOODEN FRAME ANTIQUE WHITE",2,"3/29/11 15:12",2.95,13263,"United Kingdom"
"548188","85231B","CINAMMON SET OF 9 T-LIGHTS",2,"3/29/11 15:12",0.85,13263,"United Kingdom"
"548188","22077","6 RIBBONS RUSTIC CHARM",4,"3/29/11 15:12",1.65,13263,"United Kingdom"
"548188","21755","LOVE BUILDING BLOCK WORD",1,"3/29/11 15:12",5.95,13263,"United Kingdom"
"548188","22652","TRAVEL SEWING KIT",2,"3/29/11 15:12",1.65,13263,"United Kingdom"
"548188","22558","CLOTHES PEGS RETROSPOT PACK 24",4,"3/29/11 15:12",1.49,13263,"United Kingdom"
"548188","20751","FUNKY WASHING UP GLOVES ASSORTED",2,"3/29/11 15:12",2.1,13263,"United Kingdom"
"548188","20754","RETROSPOT RED WASHING UP GLOVES",4,"3/29/11 15:12",2.1,13263,"United Kingdom"
"548188","20665","RED RETROSPOT PURSE",1,"3/29/11 15:12",2.95,13263,"United Kingdom"
"548188","21069","VINTAGE BILLBOARD TEA MUG",2,"3/29/11 15:12",1.25,13263,"United Kingdom"
"548188","21070","VINTAGE BILLBOARD MUG",2,"3/29/11 15:12",1.25,13263,"United Kingdom"
"548188","22892","SET OF SALT AND PEPPER TOADSTOOLS",2,"3/29/11 15:12",1.25,13263,"United Kingdom"
"548188","22907","PACK OF 20 NAPKINS PANTRY DESIGN",2,"3/29/11 15:12",0.85,13263,"United Kingdom"
"548188","22993","SET OF 4 PANTRY JELLY MOULDS",1,"3/29/11 15:12",1.25,13263,"United Kingdom"
"548188","22722","SET OF 6 SPICE TINS PANTRY DESIGN",1,"3/29/11 15:12",3.95,13263,"United Kingdom"
"548188","22667","RECIPE BOX RETROSPOT",1,"3/29/11 15:12",2.95,13263,"United Kingdom"
"548188","22994","TRAVEL CARD WALLET RETROSPOT",1,"3/29/11 15:12",0.42,13263,"United Kingdom"
"548188","22998","TRAVEL CARD WALLET KEEP CALM",3,"3/29/11 15:12",0.42,13263,"United Kingdom"
"548188","23003","TRAVEL CARD WALLET VINTAGE ROSE",3,"3/29/11 15:12",0.42,13263,"United Kingdom"
"548188","23004","TRAVEL CARD WALLET PANTRY",2,"3/29/11 15:12",0.42,13263,"United Kingdom"
"548188","22999","TRAVEL CARD WALLET RETRO PETALS",3,"3/29/11 15:12",0.42,13263,"United Kingdom"
"548188","23006","TRAVEL CARD WALLET FLOWER MEADOW",2,"3/29/11 15:12",0.42,13263,"United Kingdom"
"548188","16161P","WRAP ENGLISH ROSE",25,"3/29/11 15:12",0.42,13263,"United Kingdom"
"548188","22050","PINK PAISLEY ROSE GIFT WRAP",25,"3/29/11 15:12",0.42,13263,"United Kingdom"
"548188","84313C","ORANGE TV TRAY TABLE",1,"3/29/11 15:12",1.95,13263,"United Kingdom"
"548188","82580","BATHROOM METAL SIGN",4,"3/29/11 15:12",0.55,13263,"United Kingdom"
"548188","82581","TOILET METAL SIGN",4,"3/29/11 15:12",0.55,13263,"United Kingdom"
"548188","21181","PLEASE ONE PERSON METAL SIGN",6,"3/29/11 15:12",2.1,13263,"United Kingdom"
"548188","21166","COOK WITH WINE METAL SIGN",6,"3/29/11 15:12",2.08,13263,"United Kingdom"
"548188","21172","PARTY METAL SIGN",2,"3/29/11 15:12",1.45,13263,"United Kingdom"
"548188","85152","HAND OVER THE CHOCOLATE   SIGN",5,"3/29/11 15:12",2.1,13263,"United Kingdom"
"548188","85150","LADIES & GENTLEMEN METAL SIGN",4,"3/29/11 15:12",2.55,13263,"United Kingdom"
"548188","82582","AREA PATROLLED METAL SIGN",4,"3/29/11 15:12",2.1,13263,"United Kingdom"
"548188","21165","BEWARE OF THE CAT METAL SIGN",4,"3/29/11 15:12",1.69,13263,"United Kingdom"
"548188","21175","GIN + TONIC DIET METAL SIGN",6,"3/29/11 15:12",2.55,13263,"United Kingdom"
"548188","21174","POTTERING IN THE SHED METAL SIGN",2,"3/29/11 15:12",2.08,13263,"United Kingdom"
"548189","23193","BUFFALO BILL TREASURE BOOK BOX",8,"3/29/11 15:15",2.25,16607,"United Kingdom"
"548189","23177","TREASURE ISLAND BOOK BOX",8,"3/29/11 15:15",2.25,16607,"United Kingdom"
"548189","16156L","WRAP CAROUSEL",25,"3/29/11 15:15",0.42,16607,"United Kingdom"
"548189","22048","BIRTHDAY BANQUET GIFT WRAP",25,"3/29/11 15:15",0.42,16607,"United Kingdom"
"548189","22704","WRAP RED APPLES",25,"3/29/11 15:15",0.42,16607,"United Kingdom"
"548189","23233","WRAP POPPIES  DESIGN",25,"3/29/11 15:15",0.42,16607,"United Kingdom"
"548189","22668","PINK BABY BUNTING",5,"3/29/11 15:15",2.95,16607,"United Kingdom"
"548189","22619","SET OF 6 SOLDIER SKITTLES",4,"3/29/11 15:15",3.75,16607,"United Kingdom"
"548189","21982","PACK OF 12 SUKI TISSUES",24,"3/29/11 15:15",0.29,16607,"United Kingdom"
"548189","22332","SKULLS PARTY BAG + STICKER SET",8,"3/29/11 15:15",1.65,16607,"United Kingdom"
"548189","21581","SKULLS  DESIGN  COTTON TOTE BAG",6,"3/29/11 15:15",2.25,16607,"United Kingdom"
"548190","21154","RED RETROSPOT OVEN GLOVE",9,"3/29/11 15:18",1.25,17511,"United Kingdom"
"548190","21041","RED RETROSPOT OVEN GLOVE DOUBLE",6,"3/29/11 15:18",2.95,17511,"United Kingdom"
"548190","47570B","TEA TIME TABLE CLOTH",27,"3/29/11 15:18",8.49,17511,"United Kingdom"
"548191","21377","SMALL CAMPHOR WOOD FIELD  MUSHROOM",1,"3/29/11 15:20",3.29,,"United Kingdom"
"548191","21382","SET/4 SPRING FLOWER DECORATION",1,"3/29/11 15:20",5.79,,"United Kingdom"
"548191","21383","PACK OF 12 STICKY BUNNIES",1,"3/29/11 15:20",1.63,,"United Kingdom"
"548191","21385","IVORY HANGING DECORATION  HEART",1,"3/29/11 15:20",1.63,,"United Kingdom"
"548191","21417","COCKLE SHELL DISH",1,"3/29/11 15:20",4.13,,"United Kingdom"
"548191","21430","SET/3 RED GINGHAM ROSE STORAGE BOX",1,"3/29/11 15:20",7.46,,"United Kingdom"
"548191","21439","BASKET OF TOADSTOOLS",1,"3/29/11 15:20",2.46,,"United Kingdom"
"548191","21455","PAINTED YELLOW WOODEN DAISY",3,"3/29/11 15:20",0.83,,"United Kingdom"
"548191","21458","2 PICTURE BOOK EGGS EASTER BUNNY",3,"3/29/11 15:20",2.46,,"United Kingdom"
"548191","21524","DOORMAT SPOTTY HOME SWEET HOME",1,"3/29/11 15:20",15.79,,"United Kingdom"
"548191","21559","STRAWBERRY LUNCH BOX WITH CUTLERY",1,"3/29/11 15:20",4.96,,"United Kingdom"
"548191","21561","DINOSAUR LUNCH BOX WITH CUTLERY",1,"3/29/11 15:20",4.96,,"United Kingdom"
"548191","21656","RIDGED GLASS POSY VASE",1,"3/29/11 15:20",3.29,,"United Kingdom"
"548191","21731","RED TOADSTOOL LED NIGHT LIGHT",1,"3/29/11 15:20",3.29,,"United Kingdom"
"548191","21750","LARGE SKULL WINDMILL",1,"3/29/11 15:20",4.13,,"United Kingdom"
"548191","21754","HOME BUILDING BLOCK WORD",1,"3/29/11 15:20",11.63,,"United Kingdom"
"548191","21774","DECORATIVE CATS BATHROOM BOTTLE",1,"3/29/11 15:20",2.46,,"United Kingdom"
"548191","21790","VINTAGE SNAP CARDS",1,"3/29/11 15:20",1.63,,"United Kingdom"
"548191","21916","SET 12 RETRO WHITE CHALK STICKS",1,"3/29/11 15:20",0.83,,"United Kingdom"
"548191","21928","JUMBO BAG SCANDINAVIAN BLUE PAISLEY",1,"3/29/11 15:20",4.13,,"United Kingdom"
"548191","21991","BOHEMIAN COLLAGE STATIONERY SET",1,"3/29/11 15:20",2.46,,"United Kingdom"
"548191","22059","CERAMIC STRAWBERRY DESIGN MUG",1,"3/29/11 15:20",3.29,,"United Kingdom"
"548191","22062","CERAMIC BOWL WITH LOVE HEART DESIGN",2,"3/29/11 15:20",2.46,,"United Kingdom"
"548191","22065","CHRISTMAS PUDDING TRINKET POT",1,"3/29/11 15:20",3.29,,"United Kingdom"
"548191","22073","RED RETROSPOT STORAGE JAR",1,"3/29/11 15:20",7.46,,"United Kingdom"
"548191","22078","RIBBON REEL LACE DESIGN",1,"3/29/11 15:20",4.13,,"United Kingdom"
"548191","22084","PAPER CHAIN KIT EMPIRE",5,"3/29/11 15:20",5.79,,"United Kingdom"
"548191","22087","PAPER BUNTING WHITE LACE",1,"3/29/11 15:20",5.79,,"United Kingdom"
"548191","22134","MINI LADLE LOVE HEART RED",2,"3/29/11 15:20",0.83,,"United Kingdom"
"548191","22139","RETROSPOT TEA SET CERAMIC 11 PC",2,"3/29/11 15:20",10.79,,"United Kingdom"
"548191","22156","HEART DECORATION WITH PEARLS",1,"3/29/11 15:20",1.63,,"United Kingdom"
"548191","22165","DIAMANTE HEART SHAPED WALL MIRROR,",1,"3/29/11 15:20",10.79,,"United Kingdom"
"548191","22170","PICTURE FRAME WOOD TRIPLE PORTRAIT",1,"3/29/11 15:20",13.29,,"United Kingdom"
"548191","22171","3 HOOK PHOTO SHELF ANTIQUE WHITE",1,"3/29/11 15:20",16.63,,"United Kingdom"
"548191","22178","VICTORIAN GLASS HANGING T-LIGHT",12,"3/29/11 15:20",2.46,,"United Kingdom"
"548191","22219","LOVEBIRD HANGING DECORATION WHITE",4,"3/29/11 15:20",1.63,,"United Kingdom"
"548191","22220","CAKE STAND LOVEBIRD 2 TIER WHITE",7,"3/29/11 15:20",19.96,,"United Kingdom"
"548191","22229","BUNNY WOODEN PAINTED WITH FLOWER",2,"3/29/11 15:20",1.63,,"United Kingdom"
"548191","22230","JIGSAW TREE WITH WATERING CAN",1,"3/29/11 15:20",1.63,,"United Kingdom"
"548191","22246","MAGIC GARDEN FELT GARLAND",1,"3/29/11 15:20",4.13,,"United Kingdom"
"548191","22247","BUNNY DECORATION MAGIC GARDEN",1,"3/29/11 15:20",1.63,,"United Kingdom"
"548191","22260","FELT EGG COSY BLUE RABBIT",1,"3/29/11 15:20",1.63,,"United Kingdom"
"548191","22265","EASTER DECORATION NATURAL CHICK",1,"3/29/11 15:20",1.25,,"United Kingdom"
"548191","22268","EASTER DECORATION SITTING BUNNY",1,"3/29/11 15:20",1.63,,"United Kingdom"
"548191","22276","WASH BAG VINTAGE ROSE PAISLEY",1,"3/29/11 15:20",5.79,,"United Kingdom"
"548191","22277","COSMETIC BAG VINTAGE ROSE PAISLEY",1,"3/29/11 15:20",4.13,,"United Kingdom"
"548191","22284","HEN HOUSE DECORATION",1,"3/29/11 15:20",3.29,,"United Kingdom"
"548191","22293","HANGING CHICK GREEN DECORATION",1,"3/29/11 15:20",2.92,,"United Kingdom"
"548191","22296","HEART IVORY TRELLIS LARGE",3,"3/29/11 15:20",3.29,,"United Kingdom"
"548191","22315","200 RED + WHITE BENDY STRAWS",1,"3/29/11 15:20",2.46,,"United Kingdom"
"548191","22316","200 BENDY SKULL STRAWS",1,"3/29/11 15:20",2.46,,"United Kingdom"
"548191","22326","ROUND SNACK BOXES SET OF4 WOODLAND",2,"3/29/11 15:20",5.79,,"United Kingdom"
"548191","22335","HEART DECORATION PAINTED ZINC",4,"3/29/11 15:20",1.25,,"United Kingdom"
"548191","22341","LOVE GARLAND PAINTED ZINC",1,"3/29/11 15:20",3.29,,"United Kingdom"
"548191","22362","GLASS JAR PEACOCK BATH SALTS",1,"3/29/11 15:20",5.79,,"United Kingdom"
"548191","22377","BOTTLE BAG RETROSPOT",1,"3/29/11 15:20",4.13,,"United Kingdom"
"548191","22379","RECYCLING BAG RETROSPOT",2,"3/29/11 15:20",4.13,,"United Kingdom"
"548191","22411","JUMBO SHOPPER VINTAGE RED PAISLEY",1,"3/29/11 15:20",4.13,,"United Kingdom"
"548191","22427","ENAMEL FLOWER JUG CREAM",2,"3/29/11 15:20",11.63,,"United Kingdom"
"548191","22429","ENAMEL MEASURING JUG CREAM",1,"3/29/11 15:20",8.29,,"United Kingdom"
"548191","22443","GROW YOUR OWN HERBS SET OF 3",1,"3/29/11 15:20",15.79,,"United Kingdom"
"548191","22457","NATURAL SLATE HEART CHALKBOARD",1,"3/29/11 15:20",5.79,,"United Kingdom"
"548191","22467","GUMBALL COAT RACK",1,"3/29/11 15:20",4.96,,"United Kingdom"
"548191","22469","HEART OF WICKER SMALL",1,"3/29/11 15:20",3.29,,"United Kingdom"
"548191","22485","SET OF 2 WOODEN MARKET CRATES",3,"3/29/11 15:20",24.96,,"United Kingdom"
"548191","22497","SET OF 2 TINS VINTAGE BATHROOM",2,"3/29/11 15:20",8.29,,"United Kingdom"
"548191","22505","MEMO BOARD COTTAGE DESIGN",1,"3/29/11 15:20",10.79,,"United Kingdom"
"548191","22508","DOORSTOP RETROSPOT HEART",1,"3/29/11 15:20",7.46,,"United Kingdom"
"548191","22549","PICTURE DOMINOES",1,"3/29/11 15:20",3.29,,"United Kingdom"
"548191","22555","PLASTERS IN TIN STRONGMAN",1,"3/29/11 15:20",3.29,,"United Kingdom"
"548191","22616","PACK OF 12 LONDON TISSUES",11,"3/29/11 15:20",0.83,,"United Kingdom"
"548191","22630","DOLLY GIRL LUNCH BOX",1,"3/29/11 15:20",4.13,,"United Kingdom"
"548191","22661","CHARLOTTE BAG DOLLY GIRL DESIGN",1,"3/29/11 15:20",1.63,,"United Kingdom"
"548191","22670","FRENCH WC SIGN BLUE METAL",1,"3/29/11 15:20",2.46,,"United Kingdom"
"548191","22680","FRENCH BLUE METAL DOOR SIGN 5",1,"3/29/11 15:20",2.46,,"United Kingdom"
"548191","22692","DOORMAT WELCOME TO OUR HOME",1,"3/29/11 15:20",15.79,,"United Kingdom"
"548191","22697","GREEN REGENCY TEACUP AND SAUCER",1,"3/29/11 15:20",5.79,,"United Kingdom"
"548191","22729","ALARM CLOCK BAKELIKE ORANGE",1,"3/29/11 15:20",7.46,,"United Kingdom"
"548191","22736","RIBBON REEL MAKING SNOWMEN",1,"3/29/11 15:20",3.29,,"United Kingdom"
"548191","22737","RIBBON REEL CHRISTMAS PRESENT",1,"3/29/11 15:20",3.29,,"United Kingdom"
"548191","22758","LARGE PURPLE BABUSHKA NOTEBOOK",1,"3/29/11 15:20",2.46,,"United Kingdom"
"548191","22766","PHOTO FRAME CORNICE",1,"3/29/11 15:20",5.79,,"United Kingdom"
"548191","22768","FAMILY PHOTO FRAME CORNICE",1,"3/29/11 15:20",19.96,,"United Kingdom"
"548191","22798","ANTIQUE GLASS DRESSING TABLE POT",2,"3/29/11 15:20",5.79,,"United Kingdom"
"548191","22800","ANTIQUE TALL SWIRLGLASS TRINKET POT",1,"3/29/11 15:20",7.46,,"United Kingdom"
"548191","22801","ANTIQUE GLASS PEDESTAL BOWL",15,"3/29/11 15:20",7.46,,"United Kingdom"
"548191","22814","CARD PARTY GAMES",1,"3/29/11 15:20",0.83,,"United Kingdom"
"548191","22860","EASTER TIN CHICKS PINK DAISY",1,"3/29/11 15:20",3.29,,"United Kingdom"
"548191","22884","NUMBER TILE VINTAGE FONT 5",1,"3/29/11 15:20",4.13,,"United Kingdom"
"548191","22933","BAKING MOULD EASTER EGG MILK CHOC",1,"3/29/11 15:20",5.79,,"United Kingdom"
"548191","22939","APRON APPLE DELIGHT",1,"3/29/11 15:20",4.96,,"United Kingdom"
"548191","22957","SET 3 PAPER VINTAGE CHICK PAPER EGG",1,"3/29/11 15:20",5.79,,"United Kingdom"
"548191","22994","TRAVEL CARD WALLET RETROSPOT",1,"3/29/11 15:20",0.83,,"United Kingdom"
"548191","23126","FELTCRAFT GIRL AMELIE KIT",1,"3/29/11 15:20",10.79,,"United Kingdom"
"548191","23158","SET OF 5 LUCKY CAT MAGNETS",1,"3/29/11 15:20",4.13,,"United Kingdom"
"548191","23159","SET OF 5 PANCAKE DAY MAGNETS",2,"3/29/11 15:20",4.13,,"United Kingdom"
"548191","35911A","MULTICOLOUR RABBIT EGG WARMER",10,"3/29/11 15:20",0.83,,"United Kingdom"
"548191","35915C","PEACH KNITTED HEN",2,"3/29/11 15:20",0.83,,"United Kingdom"
"548191","35961","FOLKART ZINC HEART CHRISTMAS DEC",3,"3/29/11 15:20",1.63,,"United Kingdom"
"548191","37448","CERAMIC CAKE DESIGN SPOTTED MUG",2,"3/29/11 15:20",3.29,,"United Kingdom"
"548191","46776C","WOVEN FROST CUSHION COVER",1,"3/29/11 15:20",4.13,,"United Kingdom"
"548191","46776F","WOVEN ROSE GARDEN CUSHION COVER",2,"3/29/11 15:20",4.13,,"United Kingdom"
"548191","47593B","SCOTTIE DOGS BABY BIB",1,"3/29/11 15:20",0.83,,"United Kingdom"
"548191","48138","DOORMAT UNION FLAG",1,"3/29/11 15:20",15.79,,"United Kingdom"
"548191","48185","DOORMAT FAIRY CAKE",1,"3/29/11 15:20",15.79,,"United Kingdom"
"548191","71459","HANGING JAM JAR T-LIGHT HOLDER",4,"3/29/11 15:20",1.66,,"United Kingdom"
"548191","72351A","SET/6 TURQUOISE BUTTERFLY T-LIGHTS",8,"3/29/11 15:20",4.13,,"United Kingdom"
"548191","72586","SET OF 6 HALLOWEEN GHOST T-LIGHTS",2,"3/29/11 15:20",0.83,,"United Kingdom"
"548191","79000","MOROCCAN TEA GLASS",15,"3/29/11 15:20",1.65,,"United Kingdom"
"548191","79144B","PAINTED LIGHTBULB STAR+ MOON",2,"3/29/11 15:20",0.83,,"United Kingdom"
"548191","82494L","WOODEN FRAME ANTIQUE WHITE",1,"3/29/11 15:20",7.46,,"United Kingdom"
"548191","82580","BATHROOM METAL SIGN",1,"3/29/11 15:20",1.25,,"United Kingdom"
"548191","82583","HOT BATHS METAL SIGN",1,"3/29/11 15:20",4.13,,"United Kingdom"
"548191","84378","SET OF 3 HEART COOKIE CUTTERS",1,"3/29/11 15:20",2.46,,"United Kingdom"
"548191","84536A","ENGLISH ROSE NOTEBOOK A7 SIZE",11,"3/29/11 15:20",0.83,,"United Kingdom"
"548191","84596B","SMALL DOLLY MIX DESIGN ORANGE BOWL",2,"3/29/11 15:20",0.83,,"United Kingdom"
"548191","84596E","SMALL LICORICE DES PINK BOWL",2,"3/29/11 15:20",0.83,,"United Kingdom"
"548191","84596F","SMALL MARSHMALLOWS PINK BOWL",2,"3/29/11 15:20",0.83,,"United Kingdom"
"548191","84596J","MIXED NUTS LIGHT GREEN BOWL",2,"3/29/11 15:20",0.83,,"United Kingdom"
"548191","84596L","BISCUITS SMALL BOWL LIGHT BLUE",2,"3/29/11 15:20",0.83,,"United Kingdom"
"548191","84625C","BLUE NEW BAROQUE CANDLESTICK CANDLE",1,"3/29/11 15:20",5.79,,"United Kingdom"
"548191","84692","BOX OF 24 COCKTAIL PARASOLS",2,"3/29/11 15:20",0.83,,"United Kingdom"
"548191","84754","S/15 SILVER GLASS BAUBLES IN BAG",2,"3/29/11 15:20",2.46,,"United Kingdom"
"548191","84913A","SOFT PINK ROSE TOWEL",1,"3/29/11 15:20",3.29,,"United Kingdom"
"548191","84913B","MINT GREEN ROSE TOWEL",1,"3/29/11 15:20",3.29,,"United Kingdom"
"548191","84946","ANTIQUE SILVER T-LIGHT GLASS",15,"3/29/11 15:20",2.46,,"United Kingdom"
"548191","84949","SILVER HANGING T-LIGHT HOLDER",12,"3/29/11 15:20",3.29,,"United Kingdom"
"548191","84978","HANGING HEART JAR T-LIGHT HOLDER",2,"3/29/11 15:20",2.46,,"United Kingdom"
"548191","84988","SET OF 72 PINK HEART PAPER DOILIES",1,"3/29/11 15:20",2.92,,"United Kingdom"
"548191","84991","60 TEATIME FAIRY CAKE CASES",1,"3/29/11 15:20",1.25,,"United Kingdom"
"548191","85049D","BRIGHT BLUES RIBBONS",2,"3/29/11 15:20",2.46,,"United Kingdom"
"548191","85093","CANDY SPOT EGG WARMER HARE",3,"3/29/11 15:20",0.83,,"United Kingdom"
"548191","85099B","JUMBO BAG RED RETROSPOT",1,"3/29/11 15:20",4.13,,"United Kingdom"
"548191","85131A","BEADED PEARL HEART WHITE ON STICK",4,"3/29/11 15:20",0.83,,"United Kingdom"
"548191","85131D","BEADED CRYSTAL HEART PINK ON STICK",2,"3/29/11 15:20",0.83,,"United Kingdom"
"548191","85150","LADIES & GENTLEMEN METAL SIGN",1,"3/29/11 15:20",4.96,,"United Kingdom"
"548191","85169C","EAU DE NIL LOVE BIRD CANDLE",2,"3/29/11 15:20",2.46,,"United Kingdom"
"548191","85170C","SET/6 EAU DE NIL BIRD T-LIGHTS",1,"3/29/11 15:20",4.13,,"United Kingdom"
"548191","85186A","EASTER BUNNY GARLAND OF FLOWERS",8,"3/29/11 15:20",0.83,,"United Kingdom"
"548191","85186C","BUNNY EGG GARLAND",6,"3/29/11 15:20",0.83,,"United Kingdom"
"548191","85194L","HANGING SPRING FLOWER EGG LARGE",1,"3/29/11 15:20",1.63,,"United Kingdom"
"548191","85203","HANGING WOOD AND FELT BUTTERFLY",2,"3/29/11 15:20",0.79,,"United Kingdom"
"548191","90012A","MIDNIGHT BLUE DROP CRYSTAL NECKLACE",1,"3/29/11 15:20",9.98,,"United Kingdom"
"548191","90024E","NEW BAROQUE B'FLY NECKLACE MONTANA",1,"3/29/11 15:20",8.32,,"United Kingdom"
"548191","90030B","RED KUKUI COCONUT SEED NECKLACE",1,"3/29/11 15:20",5.82,,"United Kingdom"
"548191","90075","MONTANA DIAMOND CLUSTER NECKLACE",1,"3/29/11 15:20",9.57,,"United Kingdom"
"548191","90201A","PURPLE ENAMEL FLOWER RING",1,"3/29/11 15:20",2.9,,"United Kingdom"
"548191","90201B","BLACK ENAMEL FLOWER RING",1,"3/29/11 15:20",2.9,,"United Kingdom"
"548191","DOT","DOTCOM POSTAGE",1,"3/29/11 15:20",23.53,,"United Kingdom"
"548191","15039","SANDALWOOD FAN",1,"3/29/11 15:20",1.63,,"United Kingdom"
"548191","16235","RECYCLED PENCIL WITH RABBIT ERASER",5,"3/29/11 15:20",0.42,,"United Kingdom"
"548191","20712","JUMBO BAG WOODLAND ANIMALS",1,"3/29/11 15:20",4.13,,"United Kingdom"
"548191","20719","WOODLAND CHARLOTTE BAG",2,"3/29/11 15:20",1.63,,"United Kingdom"
"548191","20724","RED RETROSPOT CHARLOTTE BAG",1,"3/29/11 15:20",1.63,,"United Kingdom"
"548191","20733","GOLD MINI TAPE MEASURE",1,"3/29/11 15:20",0.83,,"United Kingdom"
"548191","20781","GOLD EAR MUFF HEADPHONES",1,"3/29/11 15:20",10.79,,"United Kingdom"
"548191","20914","SET/5 RED RETROSPOT LID GLASS BOWLS",1,"3/29/11 15:20",5.79,,"United Kingdom"
"548191","21012","ANTIQUE ALL GLASS CANDLESTICK",1,"3/29/11 15:20",2.46,,"United Kingdom"
"548191","21041","RED RETROSPOT OVEN GLOVE DOUBLE",1,"3/29/11 15:20",5.79,,"United Kingdom"
"548191","21078","SET/20 STRAWBERRY PAPER NAPKINS",3,"3/29/11 15:20",1.63,,"United Kingdom"
"548191","21094","SET/6 RED SPOTTY PAPER PLATES",10,"3/29/11 15:20",0.83,,"United Kingdom"
"548191","21122","SET/10 PINK POLKADOT PARTY CANDLES",1,"3/29/11 15:20",2.46,,"United Kingdom"
"548191","21126","SET OF 6 GIRLS CELEBRATION CANDLES",1,"3/29/11 15:20",2.46,,"United Kingdom"
"548191","21155","RED RETROSPOT PEG BAG",1,"3/29/11 15:20",4.96,,"United Kingdom"
"548191","21179","NO JUNK MAIL METAL SIGN",1,"3/29/11 15:20",1.63,,"United Kingdom"
"548191","21209","MULTICOLOUR HONEYCOMB FAN",1,"3/29/11 15:20",3.29,,"United Kingdom"
"548191","21231","SWEETHEART CERAMIC TRINKET BOX",1,"3/29/11 15:20",2.46,,"United Kingdom"
"548191","21259","VICTORIAN SEWING BOX SMALL",1,"3/29/11 15:20",12.46,,"United Kingdom"
"548192","23077","DOUGHNUT LIP GLOSS",20,"3/29/11 15:22",1.25,17364,"United Kingdom"
"548192","22492","MINI PAINT SET VINTAGE",36,"3/29/11 15:22",0.65,17364,"United Kingdom"
"548192","84465","15 PINK FLUFFY CHICKS IN BOX",1,"3/29/11 15:22",2.95,17364,"United Kingdom"
"548192","85200","BUNNY EGG BOX",6,"3/29/11 15:22",1.25,17364,"United Kingdom"
"548192","22859","EASTER TIN BUNNY BOUQUET",4,"3/29/11 15:22",1.65,17364,"United Kingdom"
"548192","22957","SET 3 PAPER VINTAGE CHICK PAPER EGG",6,"3/29/11 15:22",2.95,17364,"United Kingdom"
"548192","84461","12 PINK HEN+CHICKS IN BASKET",2,"3/29/11 15:22",2.55,17364,"United Kingdom"
"548192","22148","EASTER CRAFT 4 CHICKS",5,"3/29/11 15:22",1.95,17364,"United Kingdom"
"548192","21592","RETROSPOT CIGAR BOX MATCHES",5,"3/29/11 15:22",1.25,17364,"United Kingdom"
"548192","22139","RETROSPOT TEA SET CERAMIC 11 PC",2,"3/29/11 15:22",4.95,17364,"United Kingdom"
"548192","22992","REVOLVER WOODEN RULER",4,"3/29/11 15:22",1.95,17364,"United Kingdom"
"548192","22991","GIRAFFE WOODEN RULER",4,"3/29/11 15:22",1.95,17364,"United Kingdom"
"548192","22979","PANTRY WASHING UP BRUSH",4,"3/29/11 15:22",1.45,17364,"United Kingdom"
"548192","23078","ICE CREAM PEN LIP GLOSS",24,"3/29/11 15:22",1.25,17364,"United Kingdom"
"548192","23053","RECYCLED ACAPULCO MAT PINK",1,"3/29/11 15:22",8.25,17364,"United Kingdom"
"548192","23054","RECYCLED ACAPULCO MAT LAVENDER",1,"3/29/11 15:22",8.25,17364,"United Kingdom"
"548192","23051","RECYCLED ACAPULCO MAT BLUE",1,"3/29/11 15:22",8.25,17364,"United Kingdom"
"548192","23052","RECYCLED ACAPULCO MAT TURQUOISE",1,"3/29/11 15:22",8.25,17364,"United Kingdom"
"548192","22170","PICTURE FRAME WOOD TRIPLE PORTRAIT",3,"3/29/11 15:22",6.75,17364,"United Kingdom"
"548192","23127","FELTCRAFT GIRL NICOLE KIT",2,"3/29/11 15:22",4.95,17364,"United Kingdom"
"548192","23128","FELTCRAFT BOY JEAN-PAUL KIT",2,"3/29/11 15:22",4.95,17364,"United Kingdom"
"548192","22697","GREEN REGENCY TEACUP AND SAUCER",1,"3/29/11 15:22",2.95,17364,"United Kingdom"
"548192","22699","ROSES REGENCY TEACUP AND SAUCER",2,"3/29/11 15:22",2.95,17364,"United Kingdom"
"C548193","22383","LUNCH BAG SUKI DESIGN",-1,"3/29/11 15:27",1.65,14680,"United Kingdom"
"C548193","20728","LUNCH BAG CARS BLUE",-1,"3/29/11 15:27",1.65,14680,"United Kingdom"
"C548193","20726","LUNCH BAG WOODLAND",-2,"3/29/11 15:27",1.65,14680,"United Kingdom"
"C548193","20725","LUNCH BAG RED RETROSPOT",-3,"3/29/11 15:27",1.45,14680,"United Kingdom"
"C548193","84997A","CHILDRENS CUTLERY POLKADOT GREEN",-1,"3/29/11 15:27",3.75,14680,"United Kingdom"
"C548193","21731","RED TOADSTOOL LED NIGHT LIGHT",-2,"3/29/11 15:27",1.65,14680,"United Kingdom"
"C548193","22628","PICNIC BOXES SET OF 3 RETROSPOT",-1,"3/29/11 15:27",4.95,14680,"United Kingdom"
"548194","21399","BLUE POLKADOT COFFEE MUG",1,"3/29/11 15:30",1.63,,"United Kingdom"
"548194","21430","SET/3 RED GINGHAM ROSE STORAGE BOX",1,"3/29/11 15:30",7.46,,"United Kingdom"
"548194","21507","ELEPHANT, BIRTHDAY CARD,",1,"3/29/11 15:30",0.83,,"United Kingdom"
"548194","21508","VINTAGE KID DOLLY CARD",1,"3/29/11 15:30",0.83,,"United Kingdom"
"548194","21509","COWBOYS AND INDIANS BIRTHDAY CARD",1,"3/29/11 15:30",0.83,,"United Kingdom"
"548194","21524","DOORMAT SPOTTY HOME SWEET HOME",1,"3/29/11 15:30",15.79,,"United Kingdom"
"548194","21621","VINTAGE UNION JACK BUNTING",1,"3/29/11 15:30",16.63,,"United Kingdom"
"548194","21669","BLUE STRIPE CERAMIC DRAWER KNOB",5,"3/29/11 15:30",3.29,,"United Kingdom"
"548194","21670","BLUE SPOT CERAMIC DRAWER KNOB",2,"3/29/11 15:30",3.29,,"United Kingdom"
"548194","21695","SMALL SILVER FLOWER CANDLE POT",1,"3/29/11 15:30",5.79,,"United Kingdom"
"548194","21716","BOYS VINTAGE TIN SEASIDE BUCKET",1,"3/29/11 15:30",4.96,,"United Kingdom"
"548194","21718","RED METAL BEACH SPADE",4,"3/29/11 15:30",2.46,,"United Kingdom"
"548194","21731","RED TOADSTOOL LED NIGHT LIGHT",1,"3/29/11 15:30",3.29,,"United Kingdom"
"548194","21755","LOVE BUILDING BLOCK WORD",1,"3/29/11 15:30",11.63,,"United Kingdom"
"548194","21787","RAIN PONCHO RETROSPOT",1,"3/29/11 15:30",1.63,,"United Kingdom"
"548194","21844","RED RETROSPOT MUG",1,"3/29/11 15:30",5.79,,"United Kingdom"
"548194","21877","HOME SWEET HOME MUG",1,"3/29/11 15:30",3.29,,"United Kingdom"
"548194","21878","PACK OF 6 SANDCASTLE FLAGS ASSORTED",3,"3/29/11 15:30",1.63,,"United Kingdom"
"548194","21928","JUMBO BAG SCANDINAVIAN BLUE PAISLEY",4,"3/29/11 15:30",4.13,,"United Kingdom"
"548194","21929","JUMBO BAG PINK VINTAGE PAISLEY",4,"3/29/11 15:30",4.13,,"United Kingdom"
"548194","21945","STRAWBERRIES  DESIGN FLANNEL",1,"3/29/11 15:30",1.63,,"United Kingdom"
"548194","21974","SET OF 36 PAISLEY FLOWER DOILIES",2,"3/29/11 15:30",2.92,,"United Kingdom"
"548194","21977","PACK OF 60 PINK PAISLEY CAKE CASES",1,"3/29/11 15:30",1.25,,"United Kingdom"
"548194","21980","PACK OF 12 RED RETROSPOT TISSUES",11,"3/29/11 15:30",0.83,,"United Kingdom"
"548194","21981","PACK OF 12 WOODLAND TISSUES",1,"3/29/11 15:30",0.83,,"United Kingdom"
"548194","21985","PACK OF 12 HEARTS DESIGN TISSUES",10,"3/29/11 15:30",0.83,,"United Kingdom"
"548194","21992","VINTAGE PAISLEY STATIONERY SET",1,"3/29/11 15:30",2.46,,"United Kingdom"
"548194","22030","SWALLOWS GREETING CARD",1,"3/29/11 15:30",0.83,,"United Kingdom"
"548194","22077","6 RIBBONS RUSTIC CHARM",1,"3/29/11 15:30",3.29,,"United Kingdom"
"548194","22089","PAPER BUNTING VINTAGE PAISLEY",3,"3/29/11 15:30",5.79,,"United Kingdom"
"548194","22090","PAPER BUNTING RETROSPOT",4,"3/29/11 15:30",5.79,,"United Kingdom"
"548194","22115","METAL SIGN EMPIRE TEA",1,"3/29/11 15:30",5.79,,"United Kingdom"
"548194","22116","METAL SIGN HIS DINNER IS SERVED",1,"3/29/11 15:30",1.63,,"United Kingdom"
"548194","22178","VICTORIAN GLASS HANGING T-LIGHT",55,"3/29/11 15:30",2.46,,"United Kingdom"
"548194","22183","CAKE STAND VICTORIAN FILIGREE MED",1,"3/29/11 15:30",5.79,,"United Kingdom"
"548194","22219","LOVEBIRD HANGING DECORATION WHITE",1,"3/29/11 15:30",1.63,,"United Kingdom"
"548194","22222","CAKE PLATE LOVEBIRD WHITE",1,"3/29/11 15:30",9.96,,"United Kingdom"
"548194","22260","FELT EGG COSY BLUE RABBIT",6,"3/29/11 15:30",1.63,,"United Kingdom"
"548194","22262","FELT EGG COSY CHICKEN",1,"3/29/11 15:30",1.63,,"United Kingdom"
"548194","22297","HEART IVORY TRELLIS SMALL",1,"3/29/11 15:30",2.46,,"United Kingdom"
"548194","22299","PIG KEYRING WITH LIGHT & SOUND",1,"3/29/11 15:30",2.46,,"United Kingdom"
"548194","22304","COFFEE MUG BLUE PAISLEY DESIGN",1,"3/29/11 15:30",4.96,,"United Kingdom"
"548194","22311","OFFICE MUG WARMER BLACK+SILVER",1,"3/29/11 15:30",5.79,,"United Kingdom"
"548194","22321","BIRD DECORATION RED RETROSPOT",4,"3/29/11 15:30",1.63,,"United Kingdom"
"548194","22326","ROUND SNACK BOXES SET OF4 WOODLAND",1,"3/29/11 15:30",5.79,,"United Kingdom"
"548194","22342","HOME GARLAND PAINTED ZINC",1,"3/29/11 15:30",3.29,,"United Kingdom"
"548194","22355","CHARLOTTE BAG SUKI DESIGN",1,"3/29/11 15:30",1.63,,"United Kingdom"
"548194","22360","GLASS JAR ENGLISH CONFECTIONERY",1,"3/29/11 15:30",5.79,,"United Kingdom"
"548194","22371","AIRLINE BAG VINTAGE TOKYO 78",1,"3/29/11 15:30",8.29,,"United Kingdom"
"548194","22398","MAGNETS PACK OF 4 SWALLOWS",1,"3/29/11 15:30",2.46,,"United Kingdom"
"548194","22421","LIPSTICK PEN FUSCHIA",12,"3/29/11 15:30",0.83,,"United Kingdom"
"548194","22429","ENAMEL MEASURING JUG CREAM",1,"3/29/11 15:30",8.29,,"United Kingdom"
"548194","22457","NATURAL SLATE HEART CHALKBOARD",1,"3/29/11 15:30",5.79,,"United Kingdom"
"548194","22464","HANGING METAL HEART LANTERN",9,"3/29/11 15:30",3.29,,"United Kingdom"
"548194","22469","HEART OF WICKER SMALL",2,"3/29/11 15:30",3.29,,"United Kingdom"
"548194","22478","BIRDHOUSE GARDEN MARKER",1,"3/29/11 15:30",2.46,,"United Kingdom"
"548194","22487","WHITE WOOD GARDEN PLANT LADDER",2,"3/29/11 15:30",19.96,,"United Kingdom"
"548194","22488","NATURAL SLATE RECTANGLE CHALKBOARD",1,"3/29/11 15:30",3.29,,"United Kingdom"
"548194","22492","MINI PAINT SET VINTAGE",1,"3/29/11 15:30",1.63,,"United Kingdom"
"548194","22499","WOODEN UNION JACK BUNTING",2,"3/29/11 15:30",12.46,,"United Kingdom"
"548194","22501","PICNIC BASKET WICKER LARGE",1,"3/29/11 15:30",20.79,,"United Kingdom"
"548194","22538","MINI JIGSAW GO TO THE FAIR",1,"3/29/11 15:30",0.83,,"United Kingdom"
"548194","22541","MINI JIGSAW LEAP FROG",1,"3/29/11 15:30",0.83,,"United Kingdom"
"548194","22544","MINI JIGSAW SPACEBOY",1,"3/29/11 15:30",0.83,,"United Kingdom"
"548194","22558","CLOTHES PEGS RETROSPOT PACK 24",2,"3/29/11 15:30",3.29,,"United Kingdom"
"548194","22561","WOODEN SCHOOL COLOURING SET",1,"3/29/11 15:30",3.29,,"United Kingdom"
"548194","22606","WOODEN SKITTLES GARDEN SET",1,"3/29/11 15:30",33.29,,"United Kingdom"
"548194","22616","PACK OF 12 LONDON TISSUES",9,"3/29/11 15:30",0.83,,"United Kingdom"
"548194","22649","STRAWBERRY FAIRY CAKE TEAPOT",1,"3/29/11 15:30",10.79,,"United Kingdom"
"548194","22662","LUNCH BAG DOLLY GIRL DESIGN",1,"3/29/11 15:30",4.13,,"United Kingdom"
"548194","22665","RECIPE BOX BLUE SKETCHBOOK DESIGN",1,"3/29/11 15:30",5.79,,"United Kingdom"
"548194","22666","RECIPE BOX PANTRY YELLOW DESIGN",3,"3/29/11 15:30",5.79,,"United Kingdom"
"548194","22668","PINK BABY BUNTING",3,"3/29/11 15:30",5.79,,"United Kingdom"
"548194","22671","FRENCH LAUNDRY SIGN BLUE METAL",1,"3/29/11 15:30",3.29,,"United Kingdom"
"548194","22672","FRENCH BATHROOM SIGN BLUE METAL",1,"3/29/11 15:30",3.29,,"United Kingdom"
"548194","22675","FRENCH KITCHEN SIGN BLUE METAL",1,"3/29/11 15:30",2.46,,"United Kingdom"
"548194","22678","FRENCH BLUE METAL DOOR SIGN 3",1,"3/29/11 15:30",2.46,,"United Kingdom"
"548194","22685","FRENCH BLUE METAL DOOR SIGN 0",1,"3/29/11 15:30",2.46,,"United Kingdom"
"548194","22697","GREEN REGENCY TEACUP AND SAUCER",1,"3/29/11 15:30",5.79,,"United Kingdom"
"548194","22699","ROSES REGENCY TEACUP AND SAUCER",1,"3/29/11 15:30",5.79,,"United Kingdom"
"548194","22719","GUMBALL MONOCHROME COAT RACK",1,"3/29/11 15:30",2.46,,"United Kingdom"
"548194","22722","SET OF 6 SPICE TINS PANTRY DESIGN",2,"3/29/11 15:30",8.29,,"United Kingdom"
"548194","22726","ALARM CLOCK BAKELIKE GREEN",1,"3/29/11 15:30",7.46,,"United Kingdom"
"548194","22728","ALARM CLOCK BAKELIKE PINK",1,"3/29/11 15:30",7.46,,"United Kingdom"
"548194","22766","PHOTO FRAME CORNICE",1,"3/29/11 15:30",5.79,,"United Kingdom"
"548194","22771","CLEAR DRAWER KNOB ACRYLIC EDWARDIAN",4,"3/29/11 15:30",2.46,,"United Kingdom"
"548194","22815","CARD PSYCHEDELIC APPLES",1,"3/29/11 15:30",0.83,,"United Kingdom"
"548194","22860","EASTER TIN CHICKS PINK DAISY",1,"3/29/11 15:30",3.29,,"United Kingdom"
"548194","22900","SET 2 TEA TOWELS I LOVE LONDON",1,"3/29/11 15:30",6.63,,"United Kingdom"
"548194","22916","HERB MARKER THYME",1,"3/29/11 15:30",1.63,,"United Kingdom"
"548194","22917","HERB MARKER ROSEMARY",1,"3/29/11 15:30",1.63,,"United Kingdom"
"548194","22920","HERB MARKER BASIL",1,"3/29/11 15:30",1.63,,"United Kingdom"
"548194","22921","HERB MARKER CHIVES",1,"3/29/11 15:30",1.63,,"United Kingdom"
"548194","22949","36 DOILIES DOLLY GIRL",1,"3/29/11 15:30",2.92,,"United Kingdom"
"548194","22960","JAM MAKING SET WITH JARS",2,"3/29/11 15:30",8.29,,"United Kingdom"
"548194","22966","GINGERBREAD MAN COOKIE CUTTER",1,"3/29/11 15:30",2.46,,"United Kingdom"
"548194","22968","ROSE COTTAGE KEEPSAKE BOX",1,"3/29/11 15:30",19.96,,"United Kingdom"
"548194","22984","CARD GINGHAM ROSE",1,"3/29/11 15:30",0.83,,"United Kingdom"
"548194","23004","TRAVEL CARD WALLET PANTRY",1,"3/29/11 15:30",0.83,,"United Kingdom"
"548194","23006","TRAVEL CARD WALLET FLOWER MEADOW",1,"3/29/11 15:30",0.83,,"United Kingdom"
"548194","23053","RECYCLED ACAPULCO MAT PINK",1,"3/29/11 15:30",16.63,,"United Kingdom"
"548194","23155","KNICKERBOCKERGLORY MAGNET ASSORTED",1,"3/29/11 15:30",8.29,,"United Kingdom"
"548194","23156","SET OF 5 MINI GROCERY MAGNETS",1,"3/29/11 15:30",4.13,,"United Kingdom"
"548194","23158","SET OF 5 LUCKY CAT MAGNETS",1,"3/29/11 15:30",4.13,,"United Kingdom"
"548194","35915C","PEACH KNITTED HEN",2,"3/29/11 15:30",0.83,,"United Kingdom"
"548194","35961","FOLKART ZINC HEART CHRISTMAS DEC",1,"3/29/11 15:30",1.63,,"United Kingdom"
"548194","35971","ROSE FOLKART HEART DECORATIONS",1,"3/29/11 15:30",2.46,,"United Kingdom"
"548194","37446","MINI CAKE STAND WITH HANGING CAKES",3,"3/29/11 15:30",3.29,,"United Kingdom"
"548194","47566","PARTY BUNTING",1,"3/29/11 15:30",10.79,,"United Kingdom"
"548194","47599A","PINK PARTY BAGS",9,"3/29/11 15:30",4.13,,"United Kingdom"
"548194","47599B","BLUE PARTY BAGS",7,"3/29/11 15:30",4.13,,"United Kingdom"
"548194","72741","GRAND CHOCOLATECANDLE",3,"3/29/11 15:30",2.76,,"United Kingdom"
"548194","79000","MOROCCAN TEA GLASS",3,"3/29/11 15:30",1.65,,"United Kingdom"
"548194","82567","AIRLINE LOUNGE,METAL SIGN",1,"3/29/11 15:30",1.63,,"United Kingdom"
"548194","84637","KITCHEN FLOWER POTS WALL PLAQUE",1,"3/29/11 15:30",4.96,,"United Kingdom"
"548194","84638","SMALL KITCHEN FLOWER POTS PLAQUE",1,"3/29/11 15:30",5.83,,"United Kingdom"
"548194","84913A","SOFT PINK ROSE TOWEL",1,"3/29/11 15:30",3.29,,"United Kingdom"
"548194","84926A","WAKE UP COCKEREL TILE COASTER",1,"3/29/11 15:30",2.46,,"United Kingdom"
"548194","84969","BOX OF 6 ASSORTED COLOUR TEASPOONS",1,"3/29/11 15:30",3.29,,"United Kingdom"
"548194","84991","60 TEATIME FAIRY CAKE CASES",1,"3/29/11 15:30",1.25,,"United Kingdom"
"548194","85014B","RED RETROSPOT UMBRELLA",1,"3/29/11 15:30",12.46,,"United Kingdom"
"548194","85039C","S/4 BLACK MINI ROSE CANDLE IN BOWL",1,"3/29/11 15:30",1.63,,"United Kingdom"
"548194","85049C","ROMANTIC PINKS RIBBONS",1,"3/29/11 15:30",2.46,,"United Kingdom"
"548194","85049E","SCANDINAVIAN REDS RIBBONS",1,"3/29/11 15:30",2.46,,"United Kingdom"
"548194","85054","FRENCH ENAMEL POT W LID",1,"3/29/11 15:30",5.79,,"United Kingdom"
"548194","85061W","WHITE JEWELLED HEART DECORATION",1,"3/29/11 15:30",1.63,,"United Kingdom"
"548194","85099B","JUMBO BAG RED RETROSPOT",4,"3/29/11 15:30",4.13,,"United Kingdom"
"548194","85099C","JUMBO  BAG BAROQUE BLACK WHITE",4,"3/29/11 15:30",4.13,,"United Kingdom"
"548194","85099F","JUMBO BAG STRAWBERRY",4,"3/29/11 15:30",4.13,,"United Kingdom"
"548194","85130B","BEADED CRYSTAL HEART GREEN LARGE",1,"3/29/11 15:30",3.29,,"United Kingdom"
"548194","85150","LADIES & GENTLEMEN METAL SIGN",2,"3/29/11 15:30",4.96,,"United Kingdom"
"548194","85152","HAND OVER THE CHOCOLATE   SIGN",3,"3/29/11 15:30",4.13,,"United Kingdom"
"548194","85169C","EAU DE NIL LOVE BIRD CANDLE",2,"3/29/11 15:30",2.46,,"United Kingdom"
"548194","85174","S/4 CACTI CANDLES",1,"3/29/11 15:30",10.79,,"United Kingdom"
"548194","85175","CACTI T-LIGHT CANDLES",32,"3/29/11 15:30",0.83,,"United Kingdom"
"548194","85186C","BUNNY EGG GARLAND",1,"3/29/11 15:30",0.83,,"United Kingdom"
"548194","85194L","HANGING SPRING FLOWER EGG LARGE",1,"3/29/11 15:30",1.63,,"United Kingdom"
"548194","90040C","MURANO STYLE GLASS BRACELET GOLD",1,"3/29/11 15:30",3.73,,"United Kingdom"
"548194","90214J","LETTER ""J"" BLING KEY RING",1,"3/29/11 15:30",0.83,,"United Kingdom"
"548194","DOT","DOTCOM POSTAGE",1,"3/29/11 15:30",226.92,,"United Kingdom"
"548194","16207A","PINK STRAWBERRY HANDBAG",1,"3/29/11 15:30",3.29,,"United Kingdom"
"548194","18007","ESSENTIAL BALM 3.5g TIN IN ENVELOPE",12,"3/29/11 15:30",0.42,,"United Kingdom"
"548194","20719","WOODLAND CHARLOTTE BAG",2,"3/29/11 15:30",1.63,,"United Kingdom"
"548194","20733","GOLD MINI TAPE MEASURE",1,"3/29/11 15:30",0.83,,"United Kingdom"
"548194","20914","SET/5 RED RETROSPOT LID GLASS BOWLS",1,"3/29/11 15:30",5.79,,"United Kingdom"
"548194","20931","BLUE POT PLANT CANDLE",1,"3/29/11 15:30",7.46,,"United Kingdom"
"548194","21032","SPACE CADET WHITE",1,"3/29/11 15:30",2.46,,"United Kingdom"
"548194","21039","RED RETROSPOT SHOPPING BAG",1,"3/29/11 15:30",5.79,,"United Kingdom"
"548194","21071","VINTAGE BILLBOARD DRINK ME MUG",6,"3/29/11 15:30",2.46,,"United Kingdom"
"548194","21165","BEWARE OF THE CAT METAL SIGN",1,"3/29/11 15:30",4.13,,"United Kingdom"
"548194","21175","GIN + TONIC DIET METAL SIGN",1,"3/29/11 15:30",4.96,,"United Kingdom"
"548194","21179","NO JUNK MAIL METAL SIGN",1,"3/29/11 15:30",1.63,,"United Kingdom"
"548194","21195","PINK  HONEYCOMB PAPER BALL",4,"3/29/11 15:30",4.13,,"United Kingdom"
"548194","21212","PACK OF 72 RETROSPOT CAKE CASES",2,"3/29/11 15:30",1.25,,"United Kingdom"
"548194","21216","SET 3 RETROSPOT TEA,COFFEE,SUGAR",1,"3/29/11 15:30",10.79,,"United Kingdom"
"548194","21218","RED SPOTTY BISCUIT TIN",1,"3/29/11 15:30",8.29,,"United Kingdom"
"548194","21232","STRAWBERRY CERAMIC TRINKET BOX",1,"3/29/11 15:30",2.46,,"United Kingdom"
"548194","21313","GLASS HEART T-LIGHT HOLDER",8,"3/29/11 15:30",1.63,,"United Kingdom"
"548194","21314","SMALL GLASS HEART TRINKET POT",4,"3/29/11 15:30",4.13,,"United Kingdom"
"548194","21354","TOAST ITS - BEST MUM",1,"3/29/11 15:30",2.46,,"United Kingdom"
"548194","21375","LARGE CAMPHOR WOOD FIELD MUSHROOM",1,"3/29/11 15:30",10.79,,"United Kingdom"
"548194","21377","SMALL CAMPHOR WOOD FIELD  MUSHROOM",1,"3/29/11 15:30",3.29,,"United Kingdom"
"548194","21379","CAMPHOR WOOD PORTOBELLO MUSHROOM",1,"3/29/11 15:30",2.46,,"United Kingdom"
"548194","21385","IVORY HANGING DECORATION  HEART",1,"3/29/11 15:30",1.63,,"United Kingdom"
"548194","21398","RED POLKADOT COFFEE  MUG",1,"3/29/11 15:30",1.63,,"United Kingdom"
"548195","79321",,27,"3/29/11 15:36",0,,"United Kingdom"
"548196","22766","PHOTO FRAME CORNICE",4,"3/29/11 15:44",2.95,16011,"United Kingdom"
"548196","22771","CLEAR DRAWER KNOB ACRYLIC EDWARDIAN",24,"3/29/11 15:44",1.25,16011,"United Kingdom"
"548196","21407","BROWN CHECK CAT DOORSTOP",3,"3/29/11 15:44",4.25,16011,"United Kingdom"
"548196","21669","BLUE STRIPE CERAMIC DRAWER KNOB",12,"3/29/11 15:44",1.25,16011,"United Kingdom"
"548196","84946","ANTIQUE SILVER T-LIGHT GLASS",12,"3/29/11 15:44",1.25,16011,"United Kingdom"
"548196","22467","GUMBALL COAT RACK",6,"3/29/11 15:44",2.55,16011,"United Kingdom"
"548196","82011A","BATHROOM SCALES, TROPICAL BEACH",1,"3/29/11 15:44",3.75,16011,"United Kingdom"
"548196","22605","WOODEN CROQUET GARDEN SET",1,"3/29/11 15:44",14.95,16011,"United Kingdom"
"548197","22256","FELT FARM ANIMAL CHICKEN",12,"3/29/11 15:53",1.25,13588,"United Kingdom"
"548197","22957","SET 3 PAPER VINTAGE CHICK PAPER EGG",6,"3/29/11 15:53",2.95,13588,"United Kingdom"
"548197","22281","EASTER TREE YELLOW BIRDS",2,"3/29/11 15:53",5.95,13588,"United Kingdom"
"548197","22858","EASTER TIN KEEPSAKE",6,"3/29/11 15:53",1.65,13588,"United Kingdom"
"548197","22722","SET OF 6 SPICE TINS PANTRY DESIGN",4,"3/29/11 15:53",3.95,13588,"United Kingdom"
"548197","22723","SET OF 6 HERB TINS SKETCHBOOK",4,"3/29/11 15:53",3.95,13588,"United Kingdom"
"548197","22857","ASSORTED EASTER GIFT TAGS",12,"3/29/11 15:53",0.85,13588,"United Kingdom"
"548197","22168","ORGANISER WOOD ANTIQUE WHITE",2,"3/29/11 15:53",8.5,13588,"United Kingdom"
"548198","22372","AIRLINE BAG VINTAGE WORLD CHAMPION",1,"3/29/11 16:05",4.25,16712,"United Kingdom"
"548198","22996","TRAVEL CARD WALLET VINTAGE TICKET",1,"3/29/11 16:05",0.42,16712,"United Kingdom"
"548198","22604","SET OF 4 NAPKIN CHARMS CUTLERY",1,"3/29/11 16:05",2.55,16712,"United Kingdom"
"548198","22641","SET OF 4 NAPKIN CHARMS INSTRUMENT",1,"3/29/11 16:05",2.55,16712,"United Kingdom"
"548198","23008","DOLLY GIRL BABY GIFT SET",1,"3/29/11 16:05",16.95,16712,"United Kingdom"
"548198","47593A","CAROUSEL PONIES BABY BIB",1,"3/29/11 16:05",0.29,16712,"United Kingdom"
"548198","23049","RECYCLED ACAPULCO MAT RED",1,"3/29/11 16:05",8.25,16712,"United Kingdom"
"548198","22326","ROUND SNACK BOXES SET OF4 WOODLAND",1,"3/29/11 16:05",2.95,16712,"United Kingdom"
"548198","22900","SET 2 TEA TOWELS I LOVE LONDON",5,"3/29/11 16:05",2.95,16712,"United Kingdom"
"548198","84763","ZINC FINISH 15CM PLANTER POTS",1,"3/29/11 16:05",1.25,16712,"United Kingdom"
"548198","22352","LUNCH BOX WITH CUTLERY RETROSPOT",2,"3/29/11 16:05",2.55,16712,"United Kingdom"
"548198","21878","PACK OF 6 SANDCASTLE FLAGS ASSORTED",6,"3/29/11 16:05",0.85,16712,"United Kingdom"
"548198","22522","CHILDS GARDEN FORK BLUE",2,"3/29/11 16:05",0.85,16712,"United Kingdom"
"548198","22520","CHILDS GARDEN TROWEL BLUE",2,"3/29/11 16:05",0.85,16712,"United Kingdom"
"548198","22521","CHILDS GARDEN TROWEL PINK",1,"3/29/11 16:05",0.85,16712,"United Kingdom"
"548198","22523","CHILDS GARDEN FORK PINK",1,"3/29/11 16:05",0.85,16712,"United Kingdom"
"548198","22980","PANTRY SCRUBBING BRUSH",6,"3/29/11 16:05",1.65,16712,"United Kingdom"
"548198","22993","SET OF 4 PANTRY JELLY MOULDS",3,"3/29/11 16:05",1.25,16712,"United Kingdom"
"548198","22526","WHEELBARROW FOR CHILDREN",3,"3/29/11 16:05",12.75,16712,"United Kingdom"
"548198","22979","PANTRY WASHING UP BRUSH",6,"3/29/11 16:05",1.45,16712,"United Kingdom"
"548198","22517","CHILDS GARDEN RAKE PINK",3,"3/29/11 16:05",2.1,16712,"United Kingdom"
"548198","22516","CHILDS GARDEN RAKE BLUE",3,"3/29/11 16:05",2.1,16712,"United Kingdom"
"548198","22514","CHILDS GARDEN SPADE BLUE",6,"3/29/11 16:05",2.1,16712,"United Kingdom"
"548198","22111","SCOTTIE DOG HOT WATER BOTTLE",1,"3/29/11 16:05",4.95,16712,"United Kingdom"
"548198","22519","CHILDS GARDEN BRUSH PINK",3,"3/29/11 16:05",2.1,16712,"United Kingdom"
"548198","22518","CHILDS GARDEN BRUSH BLUE",3,"3/29/11 16:05",2.1,16712,"United Kingdom"
"548198","22171","3 HOOK PHOTO SHELF ANTIQUE WHITE",1,"3/29/11 16:05",8.5,16712,"United Kingdom"
"548198","21718","RED METAL BEACH SPADE",3,"3/29/11 16:05",1.25,16712,"United Kingdom"
"548198","22845","VINTAGE CREAM CAT FOOD CONTAINER",2,"3/29/11 16:05",6.35,16712,"United Kingdom"
"548198","22189","CREAM HEART CARD HOLDER",1,"3/29/11 16:05",3.95,16712,"United Kingdom"
"548198","22994","TRAVEL CARD WALLET RETROSPOT",1,"3/29/11 16:05",0.42,16712,"United Kingdom"
"548198","21716","BOYS VINTAGE TIN SEASIDE BUCKET",3,"3/29/11 16:05",2.55,16712,"United Kingdom"
"548198","21715","GIRLS VINTAGE TIN SEASIDE BUCKET",3,"3/29/11 16:05",2.55,16712,"United Kingdom"
"548198","20725","LUNCH BAG RED RETROSPOT",3,"3/29/11 16:05",1.65,16712,"United Kingdom"
"548198","20727","LUNCH BAG  BLACK SKULL.",3,"3/29/11 16:05",1.65,16712,"United Kingdom"
"548198","20726","LUNCH BAG WOODLAND",3,"3/29/11 16:05",1.65,16712,"United Kingdom"
"548198","22662","LUNCH BAG DOLLY GIRL DESIGN",3,"3/29/11 16:05",1.65,16712,"United Kingdom"
"548198","22382","LUNCH BAG SPACEBOY DESIGN",3,"3/29/11 16:05",1.65,16712,"United Kingdom"
"548198","22853","CAT BOWL VINTAGE CREAM",3,"3/29/11 16:05",3.25,16712,"United Kingdom"
"548198","22852","DOG BOWL VINTAGE CREAM",3,"3/29/11 16:05",4.25,16712,"United Kingdom"
"548198","22327","ROUND SNACK BOXES SET OF 4 SKULLS",1,"3/29/11 16:05",2.95,16712,"United Kingdom"
"548198","22845","VINTAGE CREAM CAT FOOD CONTAINER",1,"3/29/11 16:05",6.35,16712,"United Kingdom"
"548198","47593B","SCOTTIE DOGS BABY BIB",4,"3/29/11 16:05",0.39,16712,"United Kingdom"
"548198","47593A","CAROUSEL PONIES BABY BIB",3,"3/29/11 16:05",0.29,16712,"United Kingdom"
"548198","22896","PEG BAG APPLES DESIGN",3,"3/29/11 16:05",2.55,16712,"United Kingdom"
"548198","22895","SET OF 2 TEA TOWELS APPLE AND PEARS",6,"3/29/11 16:05",2.95,16712,"United Kingdom"
"548198","22964","3 PIECE SPACEBOY COOKIE CUTTER SET",2,"3/29/11 16:05",2.1,16712,"United Kingdom"
"548198","21472","LADYBIRD + BEE RAFFIA FOOD COVER",2,"3/29/11 16:05",3.75,16712,"United Kingdom"
"548198","21471","STRAWBERRY RAFFIA FOOD COVER",2,"3/29/11 16:05",3.75,16712,"United Kingdom"
"548198","21096","SET/6 FRUIT SALAD  PAPER PLATES",3,"3/29/11 16:05",0.85,16712,"United Kingdom"
"548198","21088","SET/6 FRUIT SALAD PAPER CUPS",3,"3/29/11 16:05",0.65,16712,"United Kingdom"
"548198","22844","VINTAGE CREAM DOG FOOD CONTAINER",3,"3/29/11 16:05",8.5,16712,"United Kingdom"
"548199","21930","JUMBO STORAGE BAG SKULLS",10,"3/29/11 16:12",1.95,16945,"United Kingdom"
"548199","21931","JUMBO STORAGE BAG SUKI",10,"3/29/11 16:12",1.95,16945,"United Kingdom"
"548199","22379","RECYCLING BAG RETROSPOT",5,"3/29/11 16:12",2.1,16945,"United Kingdom"
"548199","85099C","JUMBO  BAG BAROQUE BLACK WHITE",10,"3/29/11 16:12",1.95,16945,"United Kingdom"
"548199","85099F","JUMBO BAG STRAWBERRY",10,"3/29/11 16:12",1.95,16945,"United Kingdom"
"548199","22386","JUMBO BAG PINK POLKADOT",10,"3/29/11 16:12",1.95,16945,"United Kingdom"
"548199","85099B","JUMBO BAG RED RETROSPOT",10,"3/29/11 16:12",1.95,16945,"United Kingdom"
"548199","20711","JUMBO BAG TOYS",10,"3/29/11 16:12",1.95,16945,"United Kingdom"
"548199","20723","STRAWBERRY CHARLOTTE BAG",10,"3/29/11 16:12",0.85,16945,"United Kingdom"
"548199","20717","STRAWBERRY SHOPPER BAG",10,"3/29/11 16:12",1.25,16945,"United Kingdom"
"548199","20716","PARTY FOOD SHOPPER BAG",10,"3/29/11 16:12",1.25,16945,"United Kingdom"
"548199","21937","STRAWBERRY   PICNIC BAG",5,"3/29/11 16:12",2.95,16945,"United Kingdom"
"548199","21628","TRIANGULAR POUFFE VINTAGE",1,"3/29/11 16:12",14.95,16945,"United Kingdom"
"548199","21829","DINOSAUR KEYRINGS ASSORTED",36,"3/29/11 16:12",0.21,16945,"United Kingdom"
"548199","21917","SET 12 KIDS  WHITE CHALK STICKS",24,"3/29/11 16:12",0.42,16945,"United Kingdom"
"548199","22188","BLACK HEART CARD HOLDER",4,"3/29/11 16:12",3.95,16945,"United Kingdom"
"548199","22380","TOY TIDY SPACEBOY",5,"3/29/11 16:12",2.1,16945,"United Kingdom"
"548199","46000S","POLYESTER FILLER PAD 40x40cm",2,"3/29/11 16:12",1.45,16945,"United Kingdom"
"548199","22436","12 COLOURED PARTY BALLOONS",20,"3/29/11 16:12",0.65,16945,"United Kingdom"
"548199","22437","SET OF 9 BLACK SKULL BALLOONS",20,"3/29/11 16:12",0.85,16945,"United Kingdom"
"548202","22647","CERAMIC LOVE HEART MONEY BANK",12,"3/29/11 16:36",1.45,16980,"United Kingdom"
"548202","22646","CERAMIC STRAWBERRY CAKE MONEY BANK",12,"3/29/11 16:36",1.45,16980,"United Kingdom"
"548202","84978","HANGING HEART JAR T-LIGHT HOLDER",220,"3/29/11 16:36",1.06,16980,"United Kingdom"
"548202","22951","60 CAKE CASES DOLLY GIRL DESIGN",24,"3/29/11 16:36",0.55,16980,"United Kingdom"
"548202","84991","60 TEATIME FAIRY CAKE CASES",24,"3/29/11 16:36",0.55,16980,"United Kingdom"
"548202","22956","36 FOIL HEART CAKE CASES",6,"3/29/11 16:36",2.1,16980,"United Kingdom"
"548202","21977","PACK OF 60 PINK PAISLEY CAKE CASES",24,"3/29/11 16:36",0.55,16980,"United Kingdom"
"548202","21975","PACK OF 60 DINOSAUR CAKE CASES",24,"3/29/11 16:36",0.55,16980,"United Kingdom"
"548202","21212","PACK OF 72 RETROSPOT CAKE CASES",24,"3/29/11 16:36",0.55,16980,"United Kingdom"
"548203","22979","PANTRY WASHING UP BRUSH",74,"3/29/11 16:40",3.95,,"United Kingdom"
"548203","22747","POPPY'S PLAYHOUSE BATHROOM",7,"3/29/11 16:40",4.95,,"United Kingdom"
"548203","22745","POPPY'S PLAYHOUSE BEDROOM",37,"3/29/11 16:40",4.95,,"United Kingdom"
"548203","22748","POPPY'S PLAYHOUSE KITCHEN",45,"3/29/11 16:40",4.95,,"United Kingdom"
"548203","22746","POPPY'S PLAYHOUSE LIVINGROOM",24,"3/29/11 16:40",4.95,,"United Kingdom"
"548203","23194","GYMKHANA TREASURE BOOK BOX",29,"3/29/11 16:40",4.95,,"United Kingdom"
"548203","23193","BUFFALO BILL TREASURE BOOK BOX",23,"3/29/11 16:40",4.95,,"United Kingdom"
"548203","23182","TOILET SIGN OCCUPIED OR VACANT",34,"3/29/11 16:40",1.95,,"United Kingdom"
"548203","23177","TREASURE ISLAND BOOK BOX",41,"3/29/11 16:40",4.95,,"United Kingdom"
"548203","23176","ABC TREASURE BOOK BOX",12,"3/29/11 16:40",4.95,,"United Kingdom"
"548203","23128","FELTCRAFT BOY JEAN-PAUL KIT",7,"3/29/11 16:40",12.95,,"United Kingdom"
"548203","23127","FELTCRAFT GIRL NICOLE KIT",9,"3/29/11 16:40",12.95,,"United Kingdom"
"548203","23078","ICE CREAM PEN LIP GLOSS",42,"3/29/11 16:40",2.95,,"United Kingdom"
"548203","23077","DOUGHNUT LIP GLOSS",58,"3/29/11 16:40",2.95,,"United Kingdom"
"548203","23009","I LOVE LONDON BABY GIFT SET",2,"3/29/11 16:40",29.95,,"United Kingdom"
"548203","22999","TRAVEL CARD WALLET RETRO PETALS",29,"3/29/11 16:40",1,,"United Kingdom"
"548203","22998","TRAVEL CARD WALLET KEEP CALM",93,"3/29/11 16:40",1,,"United Kingdom"
"548203","22996","TRAVEL CARD WALLET VINTAGE TICKET",38,"3/29/11 16:40",1,,"United Kingdom"
"548203","22993","SET OF 4 PANTRY JELLY MOULDS",164,"3/29/11 16:40",2.95,,"United Kingdom"
"548203","22992","REVOLVER WOODEN RULER",48,"3/29/11 16:40",4.95,,"United Kingdom"
"548203","22991","GIRAFFE WOODEN RULER",22,"3/29/11 16:40",4.95,,"United Kingdom"
"548203","22989","SET 2 PANTRY DESIGN TEA TOWELS",21,"3/29/11 16:40",7.95,,"United Kingdom"
"548203","22988","SOLDIERS EGG CUP",84,"3/29/11 16:40",2.95,,"United Kingdom"
"548203","22980","PANTRY SCRUBBING BRUSH",17,"3/29/11 16:40",3.95,,"United Kingdom"
"548203","22977","DOLLY GIRL CHILDRENS EGG CUP",16,"3/29/11 16:40",2.95,,"United Kingdom"
"548203","22975","SPACEBOY CHILDRENS EGG CUP",18,"3/29/11 16:40",2.95,,"United Kingdom"
"548203","22974","CHILDRENS DOLLY GIRL MUG",24,"3/29/11 16:40",3.95,,"United Kingdom"
"548203","22972","CHILDREN'S SPACEBOY MUG",19,"3/29/11 16:40",3.95,,"United Kingdom"
"548203","22970","LONDON BUS COFFEE MUG",45,"3/29/11 16:40",5.95,,"United Kingdom"
"548203","22969","HOMEMADE JAM SCENTED CANDLES",25,"3/29/11 16:40",3.95,,"United Kingdom"
"548203","22966","GINGERBREAD MAN COOKIE CUTTER",21,"3/29/11 16:40",2.95,,"United Kingdom"
"548203","22965","3 TRADITIONAl BISCUIT CUTTERS  SET",7,"3/29/11 16:40",4.95,,"United Kingdom"
"548203","22964","3 PIECE SPACEBOY COOKIE CUTTER SET",11,"3/29/11 16:40",4.95,,"United Kingdom"
"548203","22961","JAM MAKING SET PRINTED",163,"3/29/11 16:40",3.95,,"United Kingdom"
"548203","22960","JAM MAKING SET WITH JARS",23,"3/29/11 16:40",9.95,,"United Kingdom"
"548203","22956","36 FOIL HEART CAKE CASES",8,"3/29/11 16:40",4.95,,"United Kingdom"
"548203","22951","60 CAKE CASES DOLLY GIRL DESIGN",38,"3/29/11 16:40",1.5,,"United Kingdom"
"548203","22937","BAKING MOULD CHOCOLATE CUPCAKES",3,"3/29/11 16:40",5.95,,"United Kingdom"
"548203","22934","BAKING MOULD EASTER EGG WHITE CHOC",18,"3/29/11 16:40",6.95,,"United Kingdom"
"548203","22933","BAKING MOULD EASTER EGG MILK CHOC",8,"3/29/11 16:40",6.95,,"United Kingdom"
"548203","22930","BAKING MOULD HEART MILK CHOCOLATE",13,"3/29/11 16:40",5.95,,"United Kingdom"
"548203","22927","GREEN GIANT GARDEN THERMOMETER",7,"3/29/11 16:40",14.95,,"United Kingdom"
"548203","22926","IVORY GIANT GARDEN THERMOMETER",15,"3/29/11 16:40",14.95,,"United Kingdom"
"548203","22921","HERB MARKER CHIVES",24,"3/29/11 16:40",1.95,,"United Kingdom"
"548203","22920","HERB MARKER BASIL",26,"3/29/11 16:40",1.95,,"United Kingdom"
"548203","22919","HERB MARKER MINT",31,"3/29/11 16:40",1.95,,"United Kingdom"
"548203","22918","HERB MARKER PARSLEY",28,"3/29/11 16:40",1.95,,"United Kingdom"
"548203","22917","HERB MARKER ROSEMARY",30,"3/29/11 16:40",1.95,,"United Kingdom"
"548203","22916","HERB MARKER THYME",23,"3/29/11 16:40",1.95,,"United Kingdom"
"548203","22908","PACK OF 20 NAPKINS RED APPLES",30,"3/29/11 16:40",1.95,,"United Kingdom"
"548203","22907","PACK OF 20 NAPKINS PANTRY DESIGN",72,"3/29/11 16:40",1.95,,"United Kingdom"
"548203","22900","SET 2 TEA TOWELS I LOVE LONDON",39,"3/29/11 16:40",7.95,,"United Kingdom"
"548203","22899","CHILDREN'S APRON DOLLY GIRL",9,"3/29/11 16:40",4.95,,"United Kingdom"
"548203","22897","OVEN MITT APPLES DESIGN",6,"3/29/11 16:40",3.95,,"United Kingdom"
"548203","22895","SET OF 2 TEA TOWELS APPLE AND PEARS",17,"3/29/11 16:40",7.95,,"United Kingdom"
"548203","22805","BLUE DRAWER KNOB ACRYLIC EDWARDIAN",11,"3/29/11 16:40",2.95,,"United Kingdom"
"548203","22775","PURPLE DRAWERKNOB ACRYLIC EDWARDIAN",9,"3/29/11 16:40",2.95,,"United Kingdom"
"548203","22773","GREEN DRAWER KNOB ACRYLIC EDWARDIAN",18,"3/29/11 16:40",2.95,,"United Kingdom"
"548203","22772","PINK DRAWER KNOB ACRYLIC EDWARDIAN",15,"3/29/11 16:40",2.95,,"United Kingdom"
"548203","22771","CLEAR DRAWER KNOB ACRYLIC EDWARDIAN",50,"3/29/11 16:40",2.95,,"United Kingdom"
"548203","22759","SET OF 3 NOTEBOOKS IN PARCEL",20,"3/29/11 16:40",3.95,,"United Kingdom"
"548203","22727","ALARM CLOCK BAKELIKE RED",8,"3/29/11 16:40",8.95,,"United Kingdom"
"548203","22726","ALARM CLOCK BAKELIKE GREEN",38,"3/29/11 16:40",8.95,,"United Kingdom"
"548203","22722","SET OF 6 SPICE TINS PANTRY DESIGN",49,"3/29/11 16:40",9.95,,"United Kingdom"
"548203","22720","SET OF 3 CAKE TINS PANTRY DESIGN",20,"3/29/11 16:40",12.95,,"United Kingdom"
"548203","22713","CARD I LOVE LONDON",39,"3/29/11 16:40",1,,"United Kingdom"
"548203","22693","GROW A FLYTRAP OR SUNFLOWER IN TIN",75,"3/29/11 16:40",2.95,,"United Kingdom"
"548203","22686","FRENCH BLUE METAL DOOR SIGN No",11,"3/29/11 16:40",2.95,,"United Kingdom"
"548203","22685","FRENCH BLUE METAL DOOR SIGN 0",5,"3/29/11 16:40",2.95,,"United Kingdom"
"548203","22684","FRENCH BLUE METAL DOOR SIGN 9",7,"3/29/11 16:40",2.95,,"United Kingdom"
"548203","22683","FRENCH BLUE METAL DOOR SIGN 8",8,"3/29/11 16:40",2.95,,"United Kingdom"
"548203","22682","FRENCH BLUE METAL DOOR SIGN 7",5,"3/29/11 16:40",2.95,,"United Kingdom"
"548203","22681","FRENCH BLUE METAL DOOR SIGN 6",15,"3/29/11 16:40",2.95,,"United Kingdom"
"548203","22680","FRENCH BLUE METAL DOOR SIGN 5",17,"3/29/11 16:40",2.95,,"United Kingdom"
"548203","22679","FRENCH BLUE METAL DOOR SIGN 4",13,"3/29/11 16:40",2.95,,"United Kingdom"
"548203","22678","FRENCH BLUE METAL DOOR SIGN 3",11,"3/29/11 16:40",2.95,,"United Kingdom"
"548203","22677","FRENCH BLUE METAL DOOR SIGN 2",16,"3/29/11 16:40",2.95,,"United Kingdom"
"548203","22676","FRENCH BLUE METAL DOOR SIGN 1",27,"3/29/11 16:40",2.95,,"United Kingdom"
"548203","22674","FRENCH TOILET SIGN BLUE METAL",6,"3/29/11 16:40",2.95,,"United Kingdom"
"548203","22672","FRENCH BATHROOM SIGN BLUE METAL",8,"3/29/11 16:40",4.95,,"United Kingdom"
"548203","22670","FRENCH WC SIGN BLUE METAL",13,"3/29/11 16:40",2.95,,"United Kingdom"
"548203","22666","RECIPE BOX PANTRY YELLOW DESIGN",16,"3/29/11 16:40",6.95,,"United Kingdom"
"548203","22662","LUNCH BAG DOLLY GIRL DESIGN",63,"3/29/11 16:40",4.95,,"United Kingdom"
"548203","22659","LUNCH BOX I LOVE LONDON",32,"3/29/11 16:40",4.95,,"United Kingdom"
"548203","22630","DOLLY GIRL LUNCH BOX",20,"3/29/11 16:40",4.95,,"United Kingdom"
"548203","22629","SPACEBOY LUNCH BOX",14,"3/29/11 16:40",4.95,,"United Kingdom"
"548203","22616","PACK OF 12 LONDON TISSUES",96,"3/29/11 16:40",1,,"United Kingdom"
"548203","22558","CLOTHES PEGS RETROSPOT PACK 24",40,"3/29/11 16:40",3.95,,"United Kingdom"
"548203","22556","PLASTERS IN TIN CIRCUS PARADE",42,"3/29/11 16:40",3.95,,"United Kingdom"
"548203","22548","HEADS AND TAILS SPORTING FUN",49,"3/29/11 16:40",2.95,,"United Kingdom"
"548203","22533","MAGIC DRAWING SLATE BAKE A CAKE",27,"3/29/11 16:40",1,,"United Kingdom"
"548203","22492","MINI PAINT SET VINTAGE",30,"3/29/11 16:40",1.95,,"United Kingdom"
"548203","22469","HEART OF WICKER SMALL",63,"3/29/11 16:40",3.95,,"United Kingdom"
"548203","22457","NATURAL SLATE HEART CHALKBOARD",40,"3/29/11 16:40",6.95,,"United Kingdom"
"548203","22440","BALLOON WATER BOMB PACK OF 35",111,"3/29/11 16:40",1,,"United Kingdom"
"548203","22417","PACK OF 60 SPACEBOY CAKE CASES",30,"3/29/11 16:40",1.5,,"United Kingdom"
"548203","22382","LUNCH BAG SPACEBOY DESIGN",44,"3/29/11 16:40",4.95,,"United Kingdom"
"548203","22367","CHILDRENS APRON SPACEBOY DESIGN",12,"3/29/11 16:40",4.95,,"United Kingdom"
"548203","22355","CHARLOTTE BAG SUKI DESIGN",117,"3/29/11 16:40",1.95,,"United Kingdom"
"548203","22348","TEA BAG PLATE RED RETROSPOT",19,"3/29/11 16:40",1.95,,"United Kingdom"
"548203","22243","5 HOOK HANGER RED MAGIC TOADSTOOL",17,"3/29/11 16:40",3.95,,"United Kingdom"
"548203","22197","SMALL POPCORN HOLDER",637,"3/29/11 16:40",1.95,,"United Kingdom"
"548203","22185","SLATE TILE NATURAL HANGING",17,"3/29/11 16:40",3.95,,"United Kingdom"
"548203","22178","VICTORIAN GLASS HANGING T-LIGHT",90,"3/29/11 16:40",2.95,,"United Kingdom"
"548203","22148","EASTER CRAFT 4 CHICKS",81,"3/29/11 16:40",4.95,,"United Kingdom"
"548203","22084","PAPER CHAIN KIT EMPIRE",120,"3/29/11 16:40",6.95,,"United Kingdom"
"548203","22029","SPACEBOY BIRTHDAY CARD",60,"3/29/11 16:40",1,,"United Kingdom"
"548203","22027","TEA PARTY BIRTHDAY CARD",45,"3/29/11 16:41",1,,"United Kingdom"
"548203","21982","PACK OF 12 SUKI TISSUES",44,"3/29/11 16:41",1,,"United Kingdom"
"548203","21980","PACK OF 12 RED RETROSPOT TISSUES",27,"3/29/11 16:41",1,,"United Kingdom"
"548203","21929","JUMBO BAG PINK VINTAGE PAISLEY",144,"3/29/11 16:41",4.95,,"United Kingdom"
"548203","21916","SET 12 RETRO WHITE CHALK STICKS",61,"3/29/11 16:41",1,,"United Kingdom"
"548203","21915","RED  HARMONICA IN BOX",45,"3/29/11 16:41",2.95,,"United Kingdom"
"548203","21790","VINTAGE SNAP CARDS",76,"3/29/11 16:41",1.95,,"United Kingdom"
"548203","21673","WHITE SPOT BLUE CERAMIC DRAWER KNOB",12,"3/29/11 16:41",3.95,,"United Kingdom"
"548203","21672","WHITE SPOT RED CERAMIC DRAWER KNOB",12,"3/29/11 16:41",3.95,,"United Kingdom"
"548203","21671","RED SPOT CERAMIC DRAWER KNOB",7,"3/29/11 16:41",3.95,,"United Kingdom"
"548203","21670","BLUE SPOT CERAMIC DRAWER KNOB",28,"3/29/11 16:41",3.95,,"United Kingdom"
"548203","21669","BLUE STRIPE CERAMIC DRAWER KNOB",16,"3/29/11 16:41",3.95,,"United Kingdom"
"548203","21668","RED STRIPE CERAMIC DRAWER KNOB",3,"3/29/11 16:41",3.95,,"United Kingdom"
"548203","21621","VINTAGE UNION JACK BUNTING",45,"3/29/11 16:41",19.95,,"United Kingdom"
"548203","21509","COWBOYS AND INDIANS BIRTHDAY CARD",35,"3/29/11 16:41",1,,"United Kingdom"
"548203","21507","ELEPHANT, BIRTHDAY CARD,",38,"3/29/11 16:41",1,,"United Kingdom"
"548203","21506","FANCY FONT BIRTHDAY CARD,",84,"3/29/11 16:41",1,,"United Kingdom"
"548203","21354","TOAST ITS - BEST MUM",7,"3/29/11 16:41",2.95,,"United Kingdom"
"548203","21172","PARTY METAL SIGN",15,"3/29/11 16:41",3.95,,"United Kingdom"
"548203","21056","DOCTOR'S BAG SOFT TOY",5,"3/29/11 16:41",9.95,,"United Kingdom"
"548203","21055","TOOL BOX SOFT TOY",3,"3/29/11 16:41",9.95,,"United Kingdom"
"548203","20971","PINK BLUE FELT CRAFT TRINKET BOX",122,"3/29/11 16:41",2.95,,"United Kingdom"
"548203","20724","RED RETROSPOT CHARLOTTE BAG",158,"3/29/11 16:41",1.95,,"United Kingdom"
"548203","20719","WOODLAND CHARLOTTE BAG",123,"3/29/11 16:41",1.95,,"United Kingdom"
"548203","85099F","JUMBO BAG STRAWBERRY",165,"3/29/11 16:41",4.95,,"United Kingdom"
"548203","85099B","JUMBO BAG RED RETROSPOT",211,"3/29/11 16:41",4.95,,"United Kingdom"
"548203","84978","HANGING HEART JAR T-LIGHT HOLDER",118,"3/29/11 16:41",2.95,,"United Kingdom"
"548203","84970S","HANGING HEART ZINC T-LIGHT HOLDER",25,"3/29/11 16:41",1.95,,"United Kingdom"
"548203","84828","JUNGLE POPSICLES ICE LOLLY MOULDS",49,"3/29/11 16:41",2.95,,"United Kingdom"
"548203","47566","PARTY BUNTING",45,"3/29/11 16:41",12.95,,"United Kingdom"
"548203","84375","SET OF 20 KIDS COOKIE CUTTERS",17,"3/29/11 16:41",4.95,,"United Kingdom"
"548203","M","Manual",1,"3/29/11 16:41",238.12,,"United Kingdom"
"548204","79321","CHILLI LIGHTS",14,"3/29/11 16:41",14.95,,"United Kingdom"
"548205","21614",,48,"3/29/11 16:51",0,,"United Kingdom"
"548206","22469",,-53,"3/29/11 16:56",0,,"United Kingdom"
"548207","20713",,25,"3/29/11 17:11",0,,"United Kingdom"
"548208","23176","ABC TREASURE BOOK BOX",8,"3/29/11 17:12",2.25,14189,"United Kingdom"
"548208","22083","PAPER CHAIN KIT RETROSPOT",6,"3/29/11 17:12",2.95,14189,"United Kingdom"
"548208","22335","HEART DECORATION PAINTED ZINC",24,"3/29/11 17:12",0.65,14189,"United Kingdom"
"548208","22227","HANGING HEART MIRROR DECORATION",24,"3/29/11 17:12",0.65,14189,"United Kingdom"
"548208","22219","LOVEBIRD HANGING DECORATION WHITE",12,"3/29/11 17:12",0.85,14189,"United Kingdom"
"548208","22334","DINOSAUR PARTY BAG + STICKER SET",8,"3/29/11 17:12",1.65,14189,"United Kingdom"
"548208","21788","KIDS RAIN MAC BLUE",24,"3/29/11 17:12",0.85,14189,"United Kingdom"
"548208","21746","SMALL RED RETROSPOT WINDMILL",12,"3/29/11 17:12",1.25,14189,"United Kingdom"
"548208","21912","VINTAGE SNAKES & LADDERS",4,"3/29/11 17:12",3.75,14189,"United Kingdom"
"548208","22758","LARGE PURPLE BABUSHKA NOTEBOOK",12,"3/29/11 17:12",1.25,14189,"United Kingdom"
"548208","22754","SMALL RED BABUSHKA NOTEBOOK",12,"3/29/11 17:12",0.85,14189,"United Kingdom"
"548208","21700","BIG DOUGHNUT FRIDGE MAGNETS",24,"3/29/11 17:12",0.85,14189,"United Kingdom"
"548208","84987","SET OF 36 TEATIME PAPER DOILIES",12,"3/29/11 17:12",1.45,14189,"United Kingdom"
"548208","82581","TOILET METAL SIGN",12,"3/29/11 17:12",0.55,14189,"United Kingdom"
"548208","22077","6 RIBBONS RUSTIC CHARM",12,"3/29/11 17:12",1.65,14189,"United Kingdom"
"548208","22212","FOUR HOOK  WHITE LOVEBIRDS",6,"3/29/11 17:12",2.1,14189,"United Kingdom"
"548208","21756","BATH BUILDING BLOCK WORD",3,"3/29/11 17:12",5.95,14189,"United Kingdom"
"548208","21754","HOME BUILDING BLOCK WORD",9,"3/29/11 17:12",5.95,14189,"United Kingdom"
"548209","21621",,-30,"3/29/11 17:21",0,,"United Kingdom"
"548210","21340","CLASSIC METAL BIRDCAGE PLANT HOLDER",14,"3/29/11 17:23",9.95,14606,"United Kingdom"
"548210","22423","REGENCY CAKESTAND 3 TIER",1,"3/29/11 17:23",12.75,14606,"United Kingdom"
"548210","22697","GREEN REGENCY TEACUP AND SAUCER",1,"3/29/11 17:23",2.95,14606,"United Kingdom"
"548210","85114C","RED ENCHANTED FOREST PLACEMAT",1,"3/29/11 17:23",1.65,14606,"United Kingdom"
"548210","21155","RED RETROSPOT PEG BAG",1,"3/29/11 17:23",2.55,14606,"United Kingdom"
"548210","85114A","BLACK ENCHANTED FOREST PLACEMAT",2,"3/29/11 17:23",1.65,14606,"United Kingdom"
"548210","37448","CERAMIC CAKE DESIGN SPOTTED MUG",1,"3/29/11 17:23",1.49,14606,"United Kingdom"
"548210","22200","FRYING PAN PINK POLKADOT",1,"3/29/11 17:23",4.25,14606,"United Kingdom"
"548210","21827","EIGHT PIECE CREEPY CRAWLIE SET",1,"3/29/11 17:23",1.25,14606,"United Kingdom"
"548210","21464","DISCO BALL ROTATOR BATTERY OPERATED",1,"3/29/11 17:23",4.25,14606,"United Kingdom"
"548210","47580","TEA TIME DES TEA COSY",1,"3/29/11 17:23",2.55,14606,"United Kingdom"
"548210","85175","CACTI T-LIGHT CANDLES",16,"3/29/11 17:23",0.42,14606,"United Kingdom"
"548210","22296","HEART IVORY TRELLIS LARGE",1,"3/29/11 17:23",1.65,14606,"United Kingdom"
"548210","22297","HEART IVORY TRELLIS SMALL",1,"3/29/11 17:23",1.25,14606,"United Kingdom"
"548210","22227","HANGING HEART MIRROR DECORATION",3,"3/29/11 17:23",0.65,14606,"United Kingdom"
"548210","82580","BATHROOM METAL SIGN",1,"3/29/11 17:23",0.55,14606,"United Kingdom"
"548210","22077","6 RIBBONS RUSTIC CHARM",1,"3/29/11 17:23",1.65,14606,"United Kingdom"
"548210","22494","EMERGENCY FIRST AID TIN",1,"3/29/11 17:23",1.25,14606,"United Kingdom"
"548210","22567","20 DOLLY PEGS RETROSPOT",2,"3/29/11 17:23",1.25,14606,"United Kingdom"
"548210","21563","RED HEART SHAPE LOVE BUCKET",1,"3/29/11 17:23",2.95,14606,"United Kingdom"
"548210","21212","PACK OF 72 RETROSPOT CAKE CASES",2,"3/29/11 17:23",0.55,14606,"United Kingdom"
"548210","85169A","IVORY LOVE BIRD CANDLE",4,"3/29/11 17:23",1.25,14606,"United Kingdom"
"548210","84970L","SINGLE HEART ZINC T-LIGHT HOLDER",1,"3/29/11 17:23",0.95,14606,"United Kingdom"
"548210","22286","DECORATION , WOBBLY RABBIT , METAL",1,"3/29/11 17:23",1.65,14606,"United Kingdom"
"548210","21459","YELLOW EASTER EGG HUNT START POST",2,"3/29/11 17:23",1.95,14606,"United Kingdom"
"548210","85169B","BLACK LOVE BIRD CANDLE",2,"3/29/11 17:23",1.25,14606,"United Kingdom"
"548210","22166","WALL MIRROR RECTANGLE DIAMANTE PINK",1,"3/29/11 17:23",7.95,14606,"United Kingdom"
"548210","22371","AIRLINE BAG VINTAGE TOKYO 78",1,"3/29/11 17:23",4.25,14606,"United Kingdom"
"548210","22362","GLASS JAR PEACOCK BATH SALTS",1,"3/29/11 17:23",2.95,14606,"United Kingdom"
"548210","22433","WATERING CAN GREEN DINOSAUR",1,"3/29/11 17:23",1.95,14606,"United Kingdom"
"548210","20972","PINK CREAM FELT CRAFT TRINKET BOX",1,"3/29/11 17:23",1.25,14606,"United Kingdom"
"548210","22331","WOODLAND PARTY BAG + STICKER SET",1,"3/29/11 17:23",1.65,14606,"United Kingdom"
"548210","72351B","SET/6 PINK  BUTTERFLY T-LIGHTS",1,"3/29/11 17:23",2.1,14606,"United Kingdom"
"548210","72351A","SET/6 TURQUOISE BUTTERFLY T-LIGHTS",1,"3/29/11 17:23",2.1,14606,"United Kingdom"
"548210","85170D","SET/6 PINK BIRD T-LIGHT CANDLES",1,"3/29/11 17:23",2.1,14606,"United Kingdom"
"548210","82486","WOOD S/3 CABINET ANT WHITE FINISH",1,"3/29/11 17:23",8.95,14606,"United Kingdom"
"548210","21463","MIRRORED DISCO BALL",1,"3/29/11 17:23",5.95,14606,"United Kingdom"
"548210","20750","RED RETROSPOT MINI CASES",1,"3/29/11 17:23",7.95,14606,"United Kingdom"
"548210","22178","VICTORIAN GLASS HANGING T-LIGHT",54,"3/29/11 17:23",1.25,14606,"United Kingdom"
"548210","22223","CAKE PLATE LOVEBIRD PINK",2,"3/29/11 17:23",4.95,14606,"United Kingdom"
"548211","22333","RETROSPOT PARTY BAG + STICKER SET",96,"3/30/11 9:06",1.45,14646,"Netherlands"
"548211","22331","WOODLAND PARTY BAG + STICKER SET",96,"3/30/11 9:06",1.45,14646,"Netherlands"
"548211","22334","DINOSAUR PARTY BAG + STICKER SET",96,"3/30/11 9:06",1.45,14646,"Netherlands"
"548211","22332","SKULLS PARTY BAG + STICKER SET",96,"3/30/11 9:06",1.45,14646,"Netherlands"
"548211","22329","ROUND CONTAINER SET OF 5 RETROSPOT",96,"3/30/11 9:06",1.45,14646,"Netherlands"
"548211","21715","GIRLS VINTAGE TIN SEASIDE BUCKET",32,"3/30/11 9:06",2.1,14646,"Netherlands"
"548211","21716","BOYS VINTAGE TIN SEASIDE BUCKET",32,"3/30/11 9:06",2.1,14646,"Netherlands"
"548211","22558","CLOTHES PEGS RETROSPOT PACK 24",48,"3/30/11 9:06",1.25,14646,"Netherlands"
"548211","22472","TV DINNER TRAY DOLLY GIRL",16,"3/30/11 9:06",4.25,14646,"Netherlands"
"548211","21208","PASTEL COLOUR HONEYCOMB FAN",48,"3/30/11 9:06",1.45,14646,"Netherlands"
"548211","21209","MULTICOLOUR HONEYCOMB FAN",48,"3/30/11 9:06",1.45,14646,"Netherlands"
"548211","22416","SET OF 36 DOILIES SPACEBOY DESIGN",144,"3/30/11 9:06",1.25,14646,"Netherlands"
"548211","20677","PINK POLKADOT BOWL",72,"3/30/11 9:06",1.06,14646,"Netherlands"
"548211","21390","FILIGRIS HEART WITH BUTTERFLY",144,"3/30/11 9:06",1.25,14646,"Netherlands"
"548211","22505","MEMO BOARD COTTAGE DESIGN",48,"3/30/11 9:06",4.25,14646,"Netherlands"
"548211","23155","KNICKERBOCKERGLORY MAGNET ASSORTED",96,"3/30/11 9:06",0.72,14646,"Netherlands"
"548212","48173C","DOORMAT BLACK FLOCK",2,"3/30/11 9:12",7.95,12456,"Switzerland"
"548212","20685","DOORMAT RED RETROSPOT",2,"3/30/11 9:12",7.95,12456,"Switzerland"
"548212","21668","RED STRIPE CERAMIC DRAWER KNOB",12,"3/30/11 9:12",1.25,12456,"Switzerland"
"548212","21669","BLUE STRIPE CERAMIC DRAWER KNOB",12,"3/30/11 9:12",1.25,12456,"Switzerland"
"548212","21672","WHITE SPOT RED CERAMIC DRAWER KNOB",12,"3/30/11 9:12",1.25,12456,"Switzerland"
"548212","22417","PACK OF 60 SPACEBOY CAKE CASES",24,"3/30/11 9:12",0.55,12456,"Switzerland"
"548212","84988","SET OF 72 PINK HEART PAPER DOILIES",12,"3/30/11 9:12",1.45,12456,"Switzerland"
"548212","21210","SET OF 72 RETROSPOT PAPER  DOILIES",12,"3/30/11 9:12",1.45,12456,"Switzerland"
"548212","22416","SET OF 36 DOILIES SPACEBOY DESIGN",12,"3/30/11 9:12",1.45,12456,"Switzerland"
"548212","84997A","CHILDRENS CUTLERY POLKADOT GREEN",6,"3/30/11 9:12",4.15,12456,"Switzerland"
"548212","84997D","CHILDRENS CUTLERY POLKADOT PINK",6,"3/30/11 9:12",4.15,12456,"Switzerland"
"548212","84997B","CHILDRENS CUTLERY RETROSPOT RED",6,"3/30/11 9:12",4.15,12456,"Switzerland"
"548212","22423","REGENCY CAKESTAND 3 TIER",4,"3/30/11 9:12",12.75,12456,"Switzerland"
"548212","22961","JAM MAKING SET PRINTED",12,"3/30/11 9:12",1.45,12456,"Switzerland"
"548212","21932","SCANDINAVIAN PAISLEY PICNIC BAG",5,"3/30/11 9:12",2.95,12456,"Switzerland"
"548212","22418","10 COLOUR SPACEBOY PEN",24,"3/30/11 9:12",0.85,12456,"Switzerland"
"548212","22492","MINI PAINT SET VINTAGE",36,"3/30/11 9:12",0.65,12456,"Switzerland"
"548212","21918","SET 12 KIDS COLOUR  CHALK STICKS",24,"3/30/11 9:12",0.42,12456,"Switzerland"
"548212","22551","PLASTERS IN TIN SPACEBOY",12,"3/30/11 9:12",1.65,12456,"Switzerland"
"548212","22554","PLASTERS IN TIN WOODLAND ANIMALS",12,"3/30/11 9:12",1.65,12456,"Switzerland"
"548212","22613","PACK OF 20 SPACEBOY NAPKINS",12,"3/30/11 9:12",0.85,12456,"Switzerland"
"548212","22534","MAGIC DRAWING SLATE SPACEBOY",24,"3/30/11 9:12",0.42,12456,"Switzerland"
"548212","22045","SPACEBOY GIFT WRAP",25,"3/30/11 9:12",0.42,12456,"Switzerland"
"548212","22857","ASSORTED EASTER GIFT TAGS",12,"3/30/11 9:12",0.85,12456,"Switzerland"
"548212","21394","RED POLKADOT BEAKER",12,"3/30/11 9:12",0.39,12456,"Switzerland"
"548212","21395","BLUE POLKADOT BEAKER",12,"3/30/11 9:12",0.39,12456,"Switzerland"
"548212","23049","RECYCLED ACAPULCO MAT RED",4,"3/30/11 9:12",8.25,12456,"Switzerland"
"548212","23052","RECYCLED ACAPULCO MAT TURQUOISE",6,"3/30/11 9:12",8.25,12456,"Switzerland"
"548212","23050","RECYCLED ACAPULCO MAT GREEN",6,"3/30/11 9:12",8.25,12456,"Switzerland"
"548212","23053","RECYCLED ACAPULCO MAT PINK",2,"3/30/11 9:12",8.25,12456,"Switzerland"
"548212","23051","RECYCLED ACAPULCO MAT BLUE",4,"3/30/11 9:12",8.25,12456,"Switzerland"
"548212","23054","RECYCLED ACAPULCO MAT LAVENDER",4,"3/30/11 9:12",8.25,12456,"Switzerland"
"548212","22467","GUMBALL COAT RACK",6,"3/30/11 9:12",2.55,12456,"Switzerland"
"548212","22595","GINGHAM HEART DECORATION",12,"3/30/11 9:12",0.85,12456,"Switzerland"
"548212","84692","BOX OF 24 COCKTAIL PARASOLS",25,"3/30/11 9:12",0.42,12456,"Switzerland"
"548212","22426","ENAMEL WASH BOWL CREAM",4,"3/30/11 9:12",3.75,12456,"Switzerland"
"548212","21683","MEDIUM MEDINA STAMPED METAL BOWL",6,"3/30/11 9:12",2.95,12456,"Switzerland"
"548212","22698","PINK REGENCY TEACUP AND SAUCER",6,"3/30/11 9:12",2.95,12456,"Switzerland"
"548212","22699","ROSES REGENCY TEACUP AND SAUCER",6,"3/30/11 9:12",2.95,12456,"Switzerland"
"548212","22697","GREEN REGENCY TEACUP AND SAUCER",6,"3/30/11 9:12",2.95,12456,"Switzerland"
"548212","POST","POSTAGE",4,"3/30/11 9:12",40,12456,"Switzerland"
"548213","22623","BOX OF VINTAGE JIGSAW BLOCKS",6,"3/30/11 9:15",4.95,15521,"United Kingdom"
"548213","21790","VINTAGE SNAP CARDS",12,"3/30/11 9:15",0.85,15521,"United Kingdom"
"548213","21891","TRADITIONAL WOODEN SKIPPING ROPE",12,"3/30/11 9:15",1.25,15521,"United Kingdom"
"548213","21889","WOODEN BOX OF DOMINOES",12,"3/30/11 9:15",1.25,15521,"United Kingdom"
"548213","21915","RED  HARMONICA IN BOX",12,"3/30/11 9:15",1.25,15521,"United Kingdom"
"548213","22559","SEASIDE FLYING DISC",12,"3/30/11 9:15",1.25,15521,"United Kingdom"
"548213","22560","TRADITIONAL MODELLING CLAY",24,"3/30/11 9:15",1.25,15521,"United Kingdom"
"548213","22622","BOX OF VINTAGE ALPHABET BLOCKS",2,"3/30/11 9:15",9.95,15521,"United Kingdom"
"548213","20749","ASSORTED COLOUR MINI CASES",2,"3/30/11 9:15",7.95,15521,"United Kingdom"
"548213","20725","LUNCH BAG RED RETROSPOT",10,"3/30/11 9:15",1.65,15521,"United Kingdom"
"548213","22382","LUNCH BAG SPACEBOY DESIGN",10,"3/30/11 9:15",1.65,15521,"United Kingdom"
"548213","84997B","CHILDRENS CUTLERY RETROSPOT RED",4,"3/30/11 9:15",4.15,15521,"United Kingdom"
"548213","84997A","CHILDRENS CUTLERY POLKADOT GREEN",4,"3/30/11 9:15",4.15,15521,"United Kingdom"
"548213","22629","SPACEBOY LUNCH BOX",12,"3/30/11 9:15",1.95,15521,"United Kingdom"
"548213","22659","LUNCH BOX I LOVE LONDON",12,"3/30/11 9:15",1.95,15521,"United Kingdom"
"548213","21238","RED RETROSPOT CUP",8,"3/30/11 9:15",0.85,15521,"United Kingdom"
"548213","21240","BLUE POLKADOT CUP",8,"3/30/11 9:15",0.85,15521,"United Kingdom"
"548213","21731","RED TOADSTOOL LED NIGHT LIGHT",12,"3/30/11 9:15",1.65,15521,"United Kingdom"
"548213","22466","FAIRY TALE COTTAGE NIGHTLIGHT",12,"3/30/11 9:15",1.95,15521,"United Kingdom"
"548213","21498","RED RETROSPOT WRAP",25,"3/30/11 9:15",0.42,15521,"United Kingdom"
"548213","22045","SPACEBOY GIFT WRAP",25,"3/30/11 9:15",0.42,15521,"United Kingdom"
"548213","22710","WRAP I LOVE LONDON",25,"3/30/11 9:15",0.42,15521,"United Kingdom"
"548213","23230","WRAP ALPHABET DESIGN",25,"3/30/11 9:15",0.42,15521,"United Kingdom"
"548213","21499","BLUE POLKADOT WRAP",25,"3/30/11 9:15",0.42,15521,"United Kingdom"
"548213","22704","WRAP RED APPLES",25,"3/30/11 9:15",0.42,15521,"United Kingdom"
"548213","22489","PACK OF 12 TRADITIONAL CRAYONS",24,"3/30/11 9:15",0.42,15521,"United Kingdom"
"548213","22491","PACK OF 12 COLOURED PENCILS",12,"3/30/11 9:15",0.85,15521,"United Kingdom"
"548213","22493","PAINT YOUR OWN CANVAS SET",12,"3/30/11 9:15",1.65,15521,"United Kingdom"
"548213","22849","BREAD BIN DINER STYLE MINT",1,"3/30/11 9:15",16.95,15521,"United Kingdom"
"548213","22714","CARD BIRTHDAY COWBOY",12,"3/30/11 9:15",0.42,15521,"United Kingdom"
"548213","22716","CARD CIRCUS PARADE",12,"3/30/11 9:15",0.42,15521,"United Kingdom"
"548213","22029","SPACEBOY BIRTHDAY CARD",12,"3/30/11 9:15",0.42,15521,"United Kingdom"
"548213","22025","RING OF ROSES BIRTHDAY CARD",12,"3/30/11 9:15",0.42,15521,"United Kingdom"
"548214","22722","SET OF 6 SPICE TINS PANTRY DESIGN",4,"3/30/11 9:17",3.95,13720,"United Kingdom"
"548214","84946","ANTIQUE SILVER T-LIGHT GLASS",12,"3/30/11 9:17",1.25,13720,"United Kingdom"
"548214","84978","HANGING HEART JAR T-LIGHT HOLDER",24,"3/30/11 9:17",1.25,13720,"United Kingdom"
"548214","84755","COLOUR GLASS T-LIGHT HOLDER HANGING",16,"3/30/11 9:17",0.65,13720,"United Kingdom"
"548214","84970L","SINGLE HEART ZINC T-LIGHT HOLDER",12,"3/30/11 9:17",0.95,13720,"United Kingdom"
"548214","72807A","SET/3 ROSE CANDLE IN JEWELLED BOX",4,"3/30/11 9:17",4.25,13720,"United Kingdom"
"548214","72807C","SET/3 VANILLA SCENTED CANDLE IN BOX",4,"3/30/11 9:17",4.25,13720,"United Kingdom"
"548214","22247","BUNNY DECORATION MAGIC GARDEN",16,"3/30/11 9:17",0.85,13720,"United Kingdom"
"548214","22248","DECORATION  PINK CHICK MAGIC GARDEN",16,"3/30/11 9:17",0.85,13720,"United Kingdom"
"548214","22285","HANGING HEN ON NEST DECORATION",12,"3/30/11 9:17",1.65,13720,"United Kingdom"
"548214","22284","HEN HOUSE DECORATION",12,"3/30/11 9:17",1.65,13720,"United Kingdom"
"548214","84836","ZINC METAL HEART DECORATION",12,"3/30/11 9:17",1.25,13720,"United Kingdom"
"548214","22178","VICTORIAN GLASS HANGING T-LIGHT",12,"3/30/11 9:17",1.25,13720,"United Kingdom"
"548214","22969","HOMEMADE JAM SCENTED CANDLES",12,"3/30/11 9:17",1.45,13720,"United Kingdom"
"548214","22460","EMBOSSED GLASS TEALIGHT HOLDER",12,"3/30/11 9:17",1.25,13720,"United Kingdom"
"548214","22229","BUNNY WOODEN PAINTED WITH FLOWER",12,"3/30/11 9:17",0.85,13720,"United Kingdom"
"548214","22228","BUNNY WOODEN PAINTED WITH BIRD",12,"3/30/11 9:17",0.85,13720,"United Kingdom"
"548215","21929","JUMBO BAG PINK VINTAGE PAISLEY",10,"3/30/11 9:19",1.95,15674,"United Kingdom"
"548215","21974","SET OF 36 PAISLEY FLOWER DOILIES",12,"3/30/11 9:19",1.45,15674,"United Kingdom"
"548215","21977","PACK OF 60 PINK PAISLEY CAKE CASES",24,"3/30/11 9:19",0.55,15674,"United Kingdom"
"548215","22386","JUMBO BAG PINK POLKADOT",10,"3/30/11 9:19",1.95,15674,"United Kingdom"
"548215","22197","SMALL POPCORN HOLDER",12,"3/30/11 9:19",0.85,15674,"United Kingdom"
"548215","84077","WORLD WAR 2 GLIDERS ASSTD DESIGNS",48,"3/30/11 9:19",0.29,15674,"United Kingdom"
"548215","84832","ZINC WILLIE WINKIE  CANDLE STICK",12,"3/30/11 9:19",0.85,15674,"United Kingdom"
"548215","47566","PARTY BUNTING",8,"3/30/11 9:19",4.95,15674,"United Kingdom"
"548215","22423","REGENCY CAKESTAND 3 TIER",3,"3/30/11 9:19",12.75,15674,"United Kingdom"
"548215","22457","NATURAL SLATE HEART CHALKBOARD",6,"3/30/11 9:19",2.95,15674,"United Kingdom"
"548215","85123A","WHITE HANGING HEART T-LIGHT HOLDER",6,"3/30/11 9:19",2.95,15674,"United Kingdom"
"548215","22698","PINK REGENCY TEACUP AND SAUCER",6,"3/30/11 9:19",2.95,15674,"United Kingdom"
"548215","22502","PICNIC BASKET WICKER SMALL",4,"3/30/11 9:19",5.95,15674,"United Kingdom"
"548215","84279B","CHERRY BLOSSOM DECORATIVE FLASK",4,"3/30/11 9:19",3.75,15674,"United Kingdom"
"548215","84279P","CHERRY BLOSSOM  DECORATIVE FLASK",4,"3/30/11 9:19",3.75,15674,"United Kingdom"
"548215","84817","DANISH ROSE DECORATIVE PLATE",6,"3/30/11 9:19",2.1,15674,"United Kingdom"
"548215","22385","JUMBO BAG SPACEBOY DESIGN",10,"3/30/11 9:19",1.95,15674,"United Kingdom"
"548215","21928","JUMBO BAG SCANDINAVIAN BLUE PAISLEY",10,"3/30/11 9:19",1.95,15674,"United Kingdom"
"548215","22784","LANTERN CREAM GAZEBO",3,"3/30/11 9:19",4.95,15674,"United Kingdom"
"548216","22807","SET OF 6 T-LIGHTS TOADSTOOLS",36,"3/30/11 9:27",2.55,12971,"United Kingdom"
"548217","85123A","WHITE HANGING HEART T-LIGHT HOLDER",32,"3/30/11 9:31",2.55,17616,"United Kingdom"
"548218","21928","JUMBO BAG SCANDINAVIAN BLUE PAISLEY",10,"3/30/11 9:36",1.95,13999,"United Kingdom"
"548218","85099B","JUMBO BAG RED RETROSPOT",20,"3/30/11 9:36",1.95,13999,"United Kingdom"
"548218","21918","SET 12 KIDS COLOUR  CHALK STICKS",24,"3/30/11 9:36",0.42,13999,"United Kingdom"
"548218","22498","WOODEN REGATTA BUNTING",6,"3/30/11 9:36",5.95,13999,"United Kingdom"
"548218","22652","TRAVEL SEWING KIT",10,"3/30/11 9:36",1.65,13999,"United Kingdom"
"548218","23232","WRAP VINTAGE PETALS  DESIGN",25,"3/30/11 9:36",0.42,13999,"United Kingdom"
"548218","84755","COLOUR GLASS T-LIGHT HOLDER HANGING",16,"3/30/11 9:36",0.65,13999,"United Kingdom"
"548218","21498","RED RETROSPOT WRAP",25,"3/30/11 9:36",0.42,13999,"United Kingdom"
"548218","22677","FRENCH BLUE METAL DOOR SIGN 2",10,"3/30/11 9:36",1.25,13999,"United Kingdom"
"548218","22678","FRENCH BLUE METAL DOOR SIGN 3",10,"3/30/11 9:36",1.25,13999,"United Kingdom"
"548218","22679","FRENCH BLUE METAL DOOR SIGN 4",10,"3/30/11 9:36",1.25,13999,"United Kingdom"
"548218","22680","FRENCH BLUE METAL DOOR SIGN 5",10,"3/30/11 9:36",1.25,13999,"United Kingdom"
"548218","22682","FRENCH BLUE METAL DOOR SIGN 7",10,"3/30/11 9:36",1.25,13999,"United Kingdom"
"548218","22683","FRENCH BLUE METAL DOOR SIGN 8",10,"3/30/11 9:36",1.25,13999,"United Kingdom"
"548218","48138","DOORMAT UNION FLAG",10,"3/30/11 9:36",6.75,13999,"United Kingdom"
"548218","21240","BLUE POLKADOT CUP",8,"3/30/11 9:36",0.85,13999,"United Kingdom"
"548219","POST","POSTAGE",1,"3/30/11 9:46",3.95,,"United Kingdom"
"548219","22719","GUMBALL MONOCHROME COAT RACK",2,"3/30/11 9:46",2.46,,"United Kingdom"
"548219","22719","GUMBALL MONOCHROME COAT RACK",2,"3/30/11 9:46",2.45,,"United Kingdom"
"548220","79321",,14,"3/30/11 9:47",0,,"United Kingdom"
"548221","85049B",,1,"3/30/11 9:47",0,,"United Kingdom"
"548222","22900","SET 2 TEA TOWELS I LOVE LONDON",100,"3/30/11 10:16",2.55,17306,"United Kingdom"
"548222","22659","LUNCH BOX I LOVE LONDON",64,"3/30/11 10:16",1.65,17306,"United Kingdom"
"548222","22616","PACK OF 12 LONDON TISSUES",144,"3/30/11 10:16",0.25,17306,"United Kingdom"
"548223","22988","SOLDIERS EGG CUP",144,"3/30/11 10:18",1.06,17306,"United Kingdom"
"548224","47593A",,2,"3/30/11 10:23",0,,"United Kingdom"
"548227","90099",,-19,"3/30/11 10:24",0,,"United Kingdom"
"548234","22384","LUNCH BAG PINK POLKADOT",20,"3/30/11 10:32",1.65,17594,"United Kingdom"
"548234","22662","LUNCH BAG DOLLY GIRL DESIGN",20,"3/30/11 10:32",1.65,17594,"United Kingdom"
"548234","22661","CHARLOTTE BAG DOLLY GIRL DESIGN",10,"3/30/11 10:32",0.85,17594,"United Kingdom"
"548234","20725","LUNCH BAG RED RETROSPOT",20,"3/30/11 10:32",1.65,17594,"United Kingdom"
"548234","20724","RED RETROSPOT CHARLOTTE BAG",10,"3/30/11 10:32",0.85,17594,"United Kingdom"
"548234","20723","STRAWBERRY CHARLOTTE BAG",10,"3/30/11 10:32",0.85,17594,"United Kingdom"
"548234","20728","LUNCH BAG CARS BLUE",20,"3/30/11 10:32",1.65,17594,"United Kingdom"
"548234","22355","CHARLOTTE BAG SUKI DESIGN",10,"3/30/11 10:32",0.85,17594,"United Kingdom"
"548234","22383","LUNCH BAG SUKI DESIGN",20,"3/30/11 10:32",1.65,17594,"United Kingdom"
"548234","22382","LUNCH BAG SPACEBOY DESIGN",20,"3/30/11 10:32",1.65,17594,"United Kingdom"
"548234","20719","WOODLAND CHARLOTTE BAG",10,"3/30/11 10:32",0.85,17594,"United Kingdom"
"548234","20726","LUNCH BAG WOODLAND",20,"3/30/11 10:32",1.65,17594,"United Kingdom"
"548234","20727","LUNCH BAG  BLACK SKULL.",20,"3/30/11 10:32",1.65,17594,"United Kingdom"
"548234","22356","CHARLOTTE BAG PINK POLKADOT",10,"3/30/11 10:32",0.85,17594,"United Kingdom"
"548242","20728","LUNCH BAG CARS BLUE",20,"3/30/11 10:34",1.65,16218,"United Kingdom"
"548242","20725","LUNCH BAG RED RETROSPOT",20,"3/30/11 10:34",1.65,16218,"United Kingdom"
"548242","20727","LUNCH BAG  BLACK SKULL.",10,"3/30/11 10:34",1.65,16218,"United Kingdom"
"548242","22383","LUNCH BAG SUKI DESIGN",20,"3/30/11 10:34",1.65,16218,"United Kingdom"
"548242","22384","LUNCH BAG PINK POLKADOT",20,"3/30/11 10:34",1.65,16218,"United Kingdom"
"548242","21232","STRAWBERRY CERAMIC TRINKET BOX",12,"3/30/11 10:34",1.25,16218,"United Kingdom"
"548242","22646","CERAMIC STRAWBERRY CAKE MONEY BANK",12,"3/30/11 10:34",1.45,16218,"United Kingdom"
"548242","22318","FIVE HEART HANGING DECORATION",12,"3/30/11 10:34",2.95,16218,"United Kingdom"
"548245","48138","DOORMAT UNION FLAG",60,"3/30/11 10:36",7.65,12823,"United Kingdom"
"548255","22192","BLUE DINER WALL CLOCK",2,"3/30/11 10:46",8.5,13078,"United Kingdom"
"548255","22193","RED DINER WALL CLOCK",2,"3/30/11 10:46",8.5,13078,"United Kingdom"
"548255","22194","BLACK DINER WALL CLOCK",2,"3/30/11 10:46",8.5,13078,"United Kingdom"
"548255","21463","MIRRORED DISCO BALL",2,"3/30/11 10:46",5.95,13078,"United Kingdom"
"548255","21464","DISCO BALL ROTATOR BATTERY OPERATED",2,"3/30/11 10:46",4.25,13078,"United Kingdom"
"548255","85152","HAND OVER THE CHOCOLATE   SIGN",12,"3/30/11 10:46",2.1,13078,"United Kingdom"
"548255","48138","DOORMAT UNION FLAG",10,"3/30/11 10:46",6.75,13078,"United Kingdom"
"548255","21755","LOVE BUILDING BLOCK WORD",3,"3/30/11 10:46",5.95,13078,"United Kingdom"
"548255","82582","AREA PATROLLED METAL SIGN",12,"3/30/11 10:46",2.1,13078,"United Kingdom"
"548255","48173C","DOORMAT BLACK FLOCK",10,"3/30/11 10:46",6.75,13078,"United Kingdom"
"548255","22041","RECORD FRAME 7"" SINGLE SIZE",6,"3/30/11 10:46",2.55,13078,"United Kingdom"
"548255","22568","FELTCRAFT CUSHION OWL",4,"3/30/11 10:46",3.75,13078,"United Kingdom"
"548255","22468","BABUSHKA LIGHTS STRING OF 10",6,"3/30/11 10:46",6.75,13078,"United Kingdom"
"548255","22028","PENNY FARTHING BIRTHDAY CARD",12,"3/30/11 10:46",0.42,13078,"United Kingdom"
"548255","22024","RAINY LADIES BIRTHDAY CARD",12,"3/30/11 10:46",0.42,13078,"United Kingdom"
"548255","21519","GIN & TONIC DIET GREETING CARD",12,"3/30/11 10:46",0.42,13078,"United Kingdom"
"548255","22349","DOG BOWL CHASING BALL DESIGN",6,"3/30/11 10:46",3.75,13078,"United Kingdom"
"548256","22335","HEART DECORATION PAINTED ZINC",24,"3/30/11 10:50",0.65,17775,"United Kingdom"
"548256","22219","LOVEBIRD HANGING DECORATION WHITE",24,"3/30/11 10:50",0.85,17775,"United Kingdom"
"548256","85061W","WHITE JEWELLED HEART DECORATION",24,"3/30/11 10:50",0.85,17775,"United Kingdom"
"548257","21867","PINK UNION JACK  LUGGAGE TAG",12,"3/30/11 10:54",1.25,13802,"United Kingdom"
"548257","21080","SET/20 RED RETROSPOT PAPER NAPKINS",96,"3/30/11 10:54",0.72,13802,"United Kingdom"
"548257","22776","SWEETHEART CAKESTAND 3 TIER",12,"3/30/11 10:54",8.5,13802,"United Kingdom"
"548257","22784","LANTERN CREAM GAZEBO",12,"3/30/11 10:54",4.25,13802,"United Kingdom"
"548257","22348","TEA BAG PLATE RED RETROSPOT",24,"3/30/11 10:54",0.85,13802,"United Kingdom"
"548257","84988","SET OF 72 PINK HEART PAPER DOILIES",96,"3/30/11 10:54",1.25,13802,"United Kingdom"
"548257","22087","PAPER BUNTING WHITE LACE",40,"3/30/11 10:54",2.55,13802,"United Kingdom"
"548257","22090","PAPER BUNTING RETROSPOT",40,"3/30/11 10:54",2.55,13802,"United Kingdom"
"548257","22055","MINI CAKE STAND  HANGING STRAWBERY",32,"3/30/11 10:54",1.45,13802,"United Kingdom"
"548257","48184","DOORMAT ENGLISH ROSE",10,"3/30/11 10:54",6.75,13802,"United Kingdom"
"548257","82583","HOT BATHS METAL SIGN",72,"3/30/11 10:54",1.85,13802,"United Kingdom"
"548257","82600","NO SINGING METAL SIGN",48,"3/30/11 10:54",1.85,13802,"United Kingdom"
"548257","37482P","CUBIC MUG PINK POLKADOT",12,"3/30/11 10:54",0.39,13802,"United Kingdom"
"548257","85159A","BLACK TEA,COFFEE,SUGAR JARS",12,"3/30/11 10:54",1.95,13802,"United Kingdom"
"548257","22423","REGENCY CAKESTAND 3 TIER",16,"3/30/11 10:54",10.95,13802,"United Kingdom"
"548257","22854","CREAM SWEETHEART EGG HOLDER",24,"3/30/11 10:54",4.25,13802,"United Kingdom"
"548257","84510A","SET OF 4 ENGLISH ROSE COASTERS",10,"3/30/11 10:54",1.25,13802,"United Kingdom"
"548257","85099B","JUMBO BAG RED RETROSPOT",200,"3/30/11 10:54",1.65,13802,"United Kingdom"
"548257","35004B","SET OF 3 BLACK FLYING DUCKS",12,"3/30/11 10:54",4.65,13802,"United Kingdom"
"548257","20725","LUNCH BAG RED RETROSPOT",100,"3/30/11 10:54",1.45,13802,"United Kingdom"
"548257","22796","PHOTO FRAME 3 CLASSIC HANGING",2,"3/30/11 10:54",9.95,13802,"United Kingdom"
"548257","20726","LUNCH BAG WOODLAND",100,"3/30/11 10:54",1.45,13802,"United Kingdom"
"548257","21232","STRAWBERRY CERAMIC TRINKET BOX",72,"3/30/11 10:54",1.06,13802,"United Kingdom"
"548257","37449","CERAMIC CAKE STAND + HANGING CAKES",8,"3/30/11 10:54",8.5,13802,"United Kingdom"
"548257","37450","CERAMIC CAKE BOWL + HANGING CAKES",18,"3/30/11 10:54",2.55,13802,"United Kingdom"
"548257","21864","UNION JACK FLAG PASSPORT COVER",6,"3/30/11 10:54",2.1,13802,"United Kingdom"
"548257","21865","PINK UNION JACK  PASSPORT COVER",6,"3/30/11 10:54",2.1,13802,"United Kingdom"
"548257","21866","UNION JACK FLAG LUGGAGE TAG",12,"3/30/11 10:54",1.25,13802,"United Kingdom"
"548258","22992","REVOLVER WOODEN RULER",12,"3/30/11 11:04",1.95,14146,"United Kingdom"
"548258","22991","GIRAFFE WOODEN RULER",12,"3/30/11 11:04",1.95,14146,"United Kingdom"
"548258","23007","SPACEBOY BABY GIFT SET",2,"3/30/11 11:04",16.95,14146,"United Kingdom"
"548258","23008","DOLLY GIRL BABY GIFT SET",2,"3/30/11 11:04",16.95,14146,"United Kingdom"
"548258","23010","CIRCUS PARADE BABY GIFT SET",2,"3/30/11 11:04",16.95,14146,"United Kingdom"
"548258","23076","ICE CREAM SUNDAE LIP GLOSS",24,"3/30/11 11:04",1.25,14146,"United Kingdom"
"548258","23078","ICE CREAM PEN LIP GLOSS",24,"3/30/11 11:04",1.25,14146,"United Kingdom"
"548258","22423","REGENCY CAKESTAND 3 TIER",6,"3/30/11 11:04",12.75,14146,"United Kingdom"
"548258","84051","ASS COLOUR GLOWING TIARAS",10,"3/30/11 11:04",0.85,14146,"United Kingdom"
"548258","22393","PAPERWEIGHT VINTAGE COLLAGE",6,"3/30/11 11:04",2.55,14146,"United Kingdom"
"548258","22389","PAPERWEIGHT SAVE THE PLANET",6,"3/30/11 11:04",2.55,14146,"United Kingdom"
"548258","22312","OFFICE MUG WARMER POLKADOT",6,"3/30/11 11:04",2.95,14146,"United Kingdom"
"548258","22314","OFFICE MUG WARMER CHOC+BLUE",6,"3/30/11 11:04",2.95,14146,"United Kingdom"
"548258","22313","OFFICE MUG WARMER PINK",6,"3/30/11 11:04",2.95,14146,"United Kingdom"
"548258","22973","CHILDREN'S CIRCUS PARADE MUG",12,"3/30/11 11:04",1.65,14146,"United Kingdom"
"548258","22972","CHILDREN'S SPACEBOY MUG",12,"3/30/11 11:04",1.65,14146,"United Kingdom"
"548258","22974","CHILDRENS DOLLY GIRL MUG",12,"3/30/11 11:04",1.65,14146,"United Kingdom"
"548258","22745","POPPY'S PLAYHOUSE BEDROOM",6,"3/30/11 11:04",2.1,14146,"United Kingdom"
"548258","22746","POPPY'S PLAYHOUSE LIVINGROOM",6,"3/30/11 11:04",2.1,14146,"United Kingdom"
"548258","22748","POPPY'S PLAYHOUSE KITCHEN",6,"3/30/11 11:04",2.1,14146,"United Kingdom"
"548258","22637","PIGGY BANK RETROSPOT",4,"3/30/11 11:04",2.55,14146,"United Kingdom"
"548258","21452","TOADSTOOL MONEY BOX",6,"3/30/11 11:04",2.95,14146,"United Kingdom"
"548258","22650","CERAMIC PIRATE CHEST MONEY BANK",12,"3/30/11 11:04",1.45,14146,"United Kingdom"
"548258","22551","PLASTERS IN TIN SPACEBOY",12,"3/30/11 11:04",1.65,14146,"United Kingdom"
"548258","22556","PLASTERS IN TIN CIRCUS PARADE",12,"3/30/11 11:04",1.65,14146,"United Kingdom"
"548258","22555","PLASTERS IN TIN STRONGMAN",12,"3/30/11 11:04",1.65,14146,"United Kingdom"
"548258","22553","PLASTERS IN TIN SKULLS",12,"3/30/11 11:04",1.65,14146,"United Kingdom"
"548258","22766","PHOTO FRAME CORNICE",8,"3/30/11 11:04",2.95,14146,"United Kingdom"
"548258","22767","TRIPLE PHOTO FRAME CORNICE",2,"3/30/11 11:04",9.95,14146,"United Kingdom"
"548258","22768","FAMILY PHOTO FRAME CORNICE",2,"3/30/11 11:04",9.95,14146,"United Kingdom"
"548259","22713","CARD I LOVE LONDON",12,"3/30/11 11:12",0.42,14099,"United Kingdom"
"548259","17038","PORCELAIN BUDAH INCENSE HOLDER",60,"3/30/11 11:12",0.1,14099,"United Kingdom"
"548259","22483","RED GINGHAM TEDDY BEAR",1,"3/30/11 11:12",2.95,14099,"United Kingdom"
"548259","84508C","BLUE CIRCLES DESIGN TEDDY",1,"3/30/11 11:12",2.55,14099,"United Kingdom"
"548259","21175","GIN + TONIC DIET METAL SIGN",4,"3/30/11 11:12",2.55,14099,"United Kingdom"
"548259","21166","COOK WITH WINE METAL SIGN",6,"3/30/11 11:12",2.08,14099,"United Kingdom"
"548259","84508B","STRIPES DESIGN TEDDY",1,"3/30/11 11:12",2.55,14099,"United Kingdom"
"548259","85152","HAND OVER THE CHOCOLATE   SIGN",12,"3/30/11 11:12",2.1,14099,"United Kingdom"
"548259","82583","HOT BATHS METAL SIGN",12,"3/30/11 11:12",2.1,14099,"United Kingdom"
"548259","82600","NO SINGING METAL SIGN",12,"3/30/11 11:12",2.1,14099,"United Kingdom"
"548259","22616","PACK OF 12 LONDON TISSUES",12,"3/30/11 11:12",0.29,14099,"United Kingdom"
"548259","21982","PACK OF 12 SUKI TISSUES",12,"3/30/11 11:12",0.29,14099,"United Kingdom"
"548259","21967","PACK OF 12 SKULL TISSUES",12,"3/30/11 11:12",0.29,14099,"United Kingdom"
"548259","21985","PACK OF 12 HEARTS DESIGN TISSUES",12,"3/30/11 11:12",0.29,14099,"United Kingdom"
"548259","22967","SET 3 SONG BIRD PAPER EGGS ASSORTED",1,"3/30/11 11:12",2.95,14099,"United Kingdom"
"548259","22957","SET 3 PAPER VINTAGE CHICK PAPER EGG",1,"3/30/11 11:12",2.95,14099,"United Kingdom"
"548259","22055","MINI CAKE STAND  HANGING STRAWBERY",3,"3/30/11 11:12",1.65,14099,"United Kingdom"
"548259","37446","MINI CAKE STAND WITH HANGING CAKES",3,"3/30/11 11:12",1.45,14099,"United Kingdom"
"548259","22412","METAL SIGN NEIGHBOURHOOD WITCH",12,"3/30/11 11:12",2.1,14099,"United Kingdom"
"548259","17096","ASSORTED LAQUERED INCENSE HOLDERS",12,"3/30/11 11:12",0.21,14099,"United Kingdom"
"548259","35095B","RED VICTORIAN FABRIC OVAL BOX",6,"3/30/11 11:12",0.42,14099,"United Kingdom"
"548259","21382","SET/4 SPRING FLOWER DECORATION",4,"3/30/11 11:12",2.95,14099,"United Kingdom"
"548259","21179","NO JUNK MAIL METAL SIGN",14,"3/30/11 11:12",1.25,14099,"United Kingdom"
"548259","22270","HAPPY EASTER HANGING DECORATION",2,"3/30/11 11:12",3.75,14099,"United Kingdom"
"548259","21908","CHOCOLATE THIS WAY METAL SIGN",4,"3/30/11 11:12",2.1,14099,"United Kingdom"
"548259","22441","GROW YOUR OWN BASIL IN ENAMEL MUG",3,"3/30/11 11:12",2.1,14099,"United Kingdom"
"548259","22443","GROW YOUR OWN HERBS SET OF 3",1,"3/30/11 11:12",7.95,14099,"United Kingdom"
"548259","22442","GROW YOUR OWN FLOWERS SET OF 3",1,"3/30/11 11:12",7.95,14099,"United Kingdom"
"548260","22698","PINK REGENCY TEACUP AND SAUCER",3,"3/30/11 11:18",2.95,15373,"United Kingdom"
"548260","22699","ROSES REGENCY TEACUP AND SAUCER",4,"3/30/11 11:18",2.95,15373,"United Kingdom"
"548260","22072","RED RETROSPOT TEA CUP AND SAUCER",4,"3/30/11 11:18",3.75,15373,"United Kingdom"
"548260","21216","SET 3 RETROSPOT TEA,COFFEE,SUGAR",5,"3/30/11 11:18",4.95,15373,"United Kingdom"
"548260","16235","RECYCLED PENCIL WITH RABBIT ERASER",2,"3/30/11 11:18",0.21,15373,"United Kingdom"
"548260","22423","REGENCY CAKESTAND 3 TIER",4,"3/30/11 11:18",12.75,15373,"United Kingdom"
"548260","82484","WOOD BLACK BOARD ANT WHITE FINISH",2,"3/30/11 11:18",7.9,15373,"United Kingdom"
"548260","22995","TRAVEL CARD WALLET SUKI",2,"3/30/11 11:18",0.42,15373,"United Kingdom"
"548260","90099","NECKLACE+BRACELET SET BLUE HIBISCUS",4,"3/30/11 11:18",2.55,15373,"United Kingdom"
"548260","22138","BAKING SET 9 PIECE RETROSPOT",1,"3/30/11 11:18",4.95,15373,"United Kingdom"
"548260","20977","36 PENCILS TUBE WOODLAND",2,"3/30/11 11:18",1.25,15373,"United Kingdom"
"548260","84375","SET OF 20 KIDS COOKIE CUTTERS",1,"3/30/11 11:18",2.1,15373,"United Kingdom"
"548260","21975","PACK OF 60 DINOSAUR CAKE CASES",2,"3/30/11 11:18",0.55,15373,"United Kingdom"
"548260","84992","72 SWEETHEART FAIRY CAKE CASES",2,"3/30/11 11:18",0.55,15373,"United Kingdom"
"548260","20978","36 PENCILS TUBE SKULLS",1,"3/30/11 11:18",1.25,15373,"United Kingdom"
"548260","20973","12 PENCIL SMALL TUBE WOODLAND",1,"3/30/11 11:18",0.65,15373,"United Kingdom"
"548260","22766","PHOTO FRAME CORNICE",4,"3/30/11 11:18",2.95,15373,"United Kingdom"
"548260","21035","SET/2 RED RETROSPOT TEA TOWELS",1,"3/30/11 11:18",3.25,15373,"United Kingdom"
"548260","21156","RETROSPOT CHILDRENS APRON",1,"3/30/11 11:18",1.95,15373,"United Kingdom"
"548260","21622","VINTAGE UNION JACK CUSHION COVER",1,"3/30/11 11:18",4.95,15373,"United Kingdom"
"548260","22659","LUNCH BOX I LOVE LONDON",1,"3/30/11 11:18",1.95,15373,"United Kingdom"
"548261","90104",,2,"3/30/11 11:19",0,,"United Kingdom"
"548267","22183","CAKE STAND VICTORIAN FILIGREE MED",18,"3/30/11 11:32",5.95,16954,"United Kingdom"
"548267","22060","LARGE CAKE STAND HANGING HEARTS",16,"3/30/11 11:32",3.95,16954,"United Kingdom"
"548267","84993A","75 GREEN PETIT FOUR CASES",24,"3/30/11 11:32",0.42,16954,"United Kingdom"
"548269","22036",,-45,"3/30/11 11:35",0,,"United Kingdom"
"548276","21788","KIDS RAIN MAC BLUE",144,"3/30/11 11:39",0.65,17863,"United Kingdom"
"548276","22139","RETROSPOT TEA SET CERAMIC 11 PC",12,"3/30/11 11:39",4.95,17863,"United Kingdom"
"548276","21452","TOADSTOOL MONEY BOX",12,"3/30/11 11:39",2.95,17863,"United Kingdom"
"548276","21915","RED  HARMONICA IN BOX",12,"3/30/11 11:39",1.25,17863,"United Kingdom"
"548276","22557","PLASTERS IN TIN VINTAGE PAISLEY",12,"3/30/11 11:39",1.65,17863,"United Kingdom"
"548276","22555","PLASTERS IN TIN STRONGMAN",12,"3/30/11 11:39",1.65,17863,"United Kingdom"
"548276","21509","COWBOYS AND INDIANS BIRTHDAY CARD",24,"3/30/11 11:39",0.42,17863,"United Kingdom"
"548276","21507","ELEPHANT, BIRTHDAY CARD,",24,"3/30/11 11:39",0.42,17863,"United Kingdom"
"548276","22027","TEA PARTY BIRTHDAY CARD",24,"3/30/11 11:39",0.42,17863,"United Kingdom"
"548276","22716","CARD CIRCUS PARADE",24,"3/30/11 11:39",0.42,17863,"United Kingdom"
"548276","22714","CARD BIRTHDAY COWBOY",24,"3/30/11 11:39",0.42,17863,"United Kingdom"
"548276","20726","LUNCH BAG WOODLAND",10,"3/30/11 11:39",1.65,17863,"United Kingdom"
"548276","21561","DINOSAUR LUNCH BOX WITH CUTLERY",12,"3/30/11 11:39",2.55,17863,"United Kingdom"
"548276","21559","STRAWBERRY LUNCH BOX WITH CUTLERY",12,"3/30/11 11:39",2.55,17863,"United Kingdom"
"548276","22630","DOLLY GIRL LUNCH BOX",12,"3/30/11 11:39",1.95,17863,"United Kingdom"
"548276","22659","LUNCH BOX I LOVE LONDON",24,"3/30/11 11:39",1.95,17863,"United Kingdom"
"548276","22662","LUNCH BAG DOLLY GIRL DESIGN",10,"3/30/11 11:39",1.65,17863,"United Kingdom"
"548276","22631","CIRCUS PARADE LUNCH BOX",12,"3/30/11 11:39",1.95,17863,"United Kingdom"
"548286","10002",,180,"3/30/11 11:47",0,,"United Kingdom"
"548289","22302","COFFEE MUG PEARS  DESIGN",6,"3/30/11 11:48",2.55,13988,"United Kingdom"
"548289","22303","COFFEE MUG APPLES DESIGN",6,"3/30/11 11:48",2.55,13988,"United Kingdom"
"548289","22349","DOG BOWL CHASING BALL DESIGN",6,"3/30/11 11:48",3.75,13988,"United Kingdom"
"548289","22411","JUMBO SHOPPER VINTAGE RED PAISLEY",10,"3/30/11 11:48",1.95,13988,"United Kingdom"
"548289","22245","HOOK, 1 HANGER ,MAGIC GARDEN",12,"3/30/11 11:48",0.85,13988,"United Kingdom"
"548289","84536A","ENGLISH ROSE NOTEBOOK A7 SIZE",16,"3/30/11 11:48",0.42,13988,"United Kingdom"
"548289","22895","SET OF 2 TEA TOWELS APPLE AND PEARS",6,"3/30/11 11:48",2.95,13988,"United Kingdom"
"548289","21896","POTTING SHED TWINE",6,"3/30/11 11:48",2.1,13988,"United Kingdom"
"548289","22487","WHITE WOOD GARDEN PLANT LADDER",2,"3/30/11 11:48",9.95,13988,"United Kingdom"
"548289","22916","HERB MARKER THYME",12,"3/30/11 11:48",0.65,13988,"United Kingdom"
"548289","22917","HERB MARKER ROSEMARY",12,"3/30/11 11:48",0.65,13988,"United Kingdom"
"548289","22920","HERB MARKER BASIL",12,"3/30/11 11:48",0.65,13988,"United Kingdom"
"548289","22918","HERB MARKER PARSLEY",12,"3/30/11 11:48",0.65,13988,"United Kingdom"
"548289","22921","HERB MARKER CHIVES",12,"3/30/11 11:48",0.65,13988,"United Kingdom"
"548289","22969","HOMEMADE JAM SCENTED CANDLES",24,"3/30/11 11:48",1.45,13988,"United Kingdom"
"548289","85172","HYACINTH BULB T-LIGHT CANDLES",16,"3/30/11 11:48",0.42,13988,"United Kingdom"
"548289","21136","PAINTED METAL PEARS ASSORTED",8,"3/30/11 11:48",1.69,13988,"United Kingdom"
"548289","84879","ASSORTED COLOUR BIRD ORNAMENT",8,"3/30/11 11:48",1.69,13988,"United Kingdom"
"548289","22427","ENAMEL FLOWER JUG CREAM",3,"3/30/11 11:48",5.95,13988,"United Kingdom"
"548289","22896","PEG BAG APPLES DESIGN",6,"3/30/11 11:48",2.55,13988,"United Kingdom"
"548289","21078","SET/20 STRAWBERRY PAPER NAPKINS",12,"3/30/11 11:48",0.85,13988,"United Kingdom"
"548289","21232","STRAWBERRY CERAMIC TRINKET BOX",12,"3/30/11 11:48",1.25,13988,"United Kingdom"
"548289","22328","ROUND SNACK BOXES SET OF 4 FRUITS",6,"3/30/11 11:48",2.95,13988,"United Kingdom"
"548289","20749","ASSORTED COLOUR MINI CASES",2,"3/30/11 11:48",7.95,13988,"United Kingdom"
"548289","22500","SET OF 2 TINS JARDIN DE PROVENCE",4,"3/30/11 11:48",4.95,13988,"United Kingdom"
"548289","22721","SET OF 3 CAKE TINS SKETCHBOOK",3,"3/30/11 11:48",4.95,13988,"United Kingdom"
"548289","22665","RECIPE BOX BLUE SKETCHBOOK DESIGN",6,"3/30/11 11:48",2.95,13988,"United Kingdom"
"548289","22722","SET OF 6 SPICE TINS PANTRY DESIGN",4,"3/30/11 11:48",3.95,13988,"United Kingdom"
"548289","22989","SET 2 PANTRY DESIGN TEA TOWELS",6,"3/30/11 11:48",3.25,13988,"United Kingdom"
"548289","37482P","CUBIC MUG PINK POLKADOT",12,"3/30/11 11:48",0.39,13988,"United Kingdom"
"548289","84510A","SET OF 4 ENGLISH ROSE COASTERS",10,"3/30/11 11:48",1.25,13988,"United Kingdom"
"548289","84509A","SET OF 4 ENGLISH ROSE PLACEMATS",4,"3/30/11 11:48",3.75,13988,"United Kingdom"
"548289","16161P","WRAP ENGLISH ROSE",25,"3/30/11 11:48",0.42,13988,"United Kingdom"
"548289","21389","IVORY HANGING DECORATION  BIRD",12,"3/30/11 11:48",0.85,13988,"United Kingdom"
"548289","21385","IVORY HANGING DECORATION  HEART",24,"3/30/11 11:48",0.85,13988,"United Kingdom"
"548289","16169M","WRAP DAISY CARPET",25,"3/30/11 11:48",0.42,13988,"United Kingdom"
"548289","22908","PACK OF 20 NAPKINS RED APPLES",12,"3/30/11 11:48",0.85,13988,"United Kingdom"
"548289","72760B","VINTAGE CREAM 3 BASKET CAKE STAND",2,"3/30/11 11:48",9.95,13988,"United Kingdom"
"548289","22480","RED TEA TOWEL CLASSIC DESIGN",12,"3/30/11 11:48",1.25,13988,"United Kingdom"
"548289","21868","POTTING SHED TEA MUG",12,"3/30/11 11:48",1.25,13988,"United Kingdom"
"548289","22485","SET OF 2 WOODEN MARKET CRATES",2,"3/30/11 11:48",12.75,13988,"United Kingdom"
"548289","82552","WASHROOM METAL SIGN",12,"3/30/11 11:48",1.45,13988,"United Kingdom"
"548289","82551","LAUNDRY 15C METAL SIGN",12,"3/30/11 11:48",1.45,13988,"United Kingdom"
"548293","21928","JUMBO BAG SCANDINAVIAN BLUE PAISLEY",100,"3/30/11 11:51",1.65,13798,"United Kingdom"
"548293","84987","SET OF 36 TEATIME PAPER DOILIES",144,"3/30/11 11:51",1.25,13798,"United Kingdom"
"548293","21733","RED HANGING HEART T-LIGHT HOLDER",32,"3/30/11 11:51",2.55,13798,"United Kingdom"
"548293","21165","BEWARE OF THE CAT METAL SIGN",48,"3/30/11 11:51",1.45,13798,"United Kingdom"
"548293","20711","JUMBO BAG TOYS",100,"3/30/11 11:51",1.65,13798,"United Kingdom"
"548293","20676","RED RETROSPOT BOWL",72,"3/30/11 11:51",1.06,13798,"United Kingdom"
"548293","37450","CERAMIC CAKE BOWL + HANGING CAKES",18,"3/30/11 11:51",2.55,13798,"United Kingdom"
"548293","37446","MINI CAKE STAND WITH HANGING CAKES",32,"3/30/11 11:51",1.25,13798,"United Kingdom"
"548293","48185","DOORMAT FAIRY CAKE",10,"3/30/11 11:51",6.75,13798,"United Kingdom"
"548293","35924","HANGING FAIRY CAKE DECORATION",72,"3/30/11 11:51",1.69,13798,"United Kingdom"
"C548307","21714","CITRONELLA CANDLE GARDEN POT",-6,"3/30/11 11:59",1.25,17314,"United Kingdom"
"548308","22431","WATERING CAN BLUE ELEPHANT",2,"3/30/11 12:00",1.95,17220,"United Kingdom"
"548308","22432","WATERING CAN PINK BUNNY",2,"3/30/11 12:00",1.95,17220,"United Kingdom"
"548308","10125","MINI FUNKY DESIGN TAPES",4,"3/30/11 12:00",0.85,17220,"United Kingdom"
"548308","22433","WATERING CAN GREEN DINOSAUR",2,"3/30/11 12:00",1.95,17220,"United Kingdom"
"548308","21383","PACK OF 12 STICKY BUNNIES",6,"3/30/11 12:00",0.65,17220,"United Kingdom"
"548308","22148","EASTER CRAFT 4 CHICKS",4,"3/30/11 12:00",1.95,17220,"United Kingdom"
"548308","22743","MAKE YOUR OWN FLOWERPOWER CARD KIT",3,"3/30/11 12:00",2.95,17220,"United Kingdom"
"548308","22744","MAKE YOUR OWN MONSOON CARD KIT",2,"3/30/11 12:00",2.95,17220,"United Kingdom"
"548308","23128","FELTCRAFT BOY JEAN-PAUL KIT",1,"3/30/11 12:00",4.95,17220,"United Kingdom"
"548308","23126","FELTCRAFT GIRL AMELIE KIT",1,"3/30/11 12:00",4.95,17220,"United Kingdom"
"548308","23127","FELTCRAFT GIRL NICOLE KIT",1,"3/30/11 12:00",4.95,17220,"United Kingdom"
"548308","20972","PINK CREAM FELT CRAFT TRINKET BOX",4,"3/30/11 12:00",1.25,17220,"United Kingdom"
"548308","22749","FELTCRAFT PRINCESS CHARLOTTE DOLL",1,"3/30/11 12:00",3.75,17220,"United Kingdom"
"548308","22750","FELTCRAFT PRINCESS LOLA DOLL",1,"3/30/11 12:00",3.75,17220,"United Kingdom"
"548308","22526","WHEELBARROW FOR CHILDREN",2,"3/30/11 12:00",12.75,17220,"United Kingdom"
"548308","22991","GIRAFFE WOODEN RULER",3,"3/30/11 12:00",1.95,17220,"United Kingdom"
"548308","23159","SET OF 5 PANCAKE DAY MAGNETS",3,"3/30/11 12:00",2.08,17220,"United Kingdom"
"548308","23154","SET OF 4 JAM JAR MAGNETS",2,"3/30/11 12:00",2.08,17220,"United Kingdom"
"548308","23156","SET OF 5 MINI GROCERY MAGNETS",2,"3/30/11 12:00",2.08,17220,"United Kingdom"
"548308","21833","CAMOUFLAGE LED TORCH",6,"3/30/11 12:00",1.69,17220,"United Kingdom"
"548308","22521","CHILDS GARDEN TROWEL PINK",3,"3/30/11 12:00",0.85,17220,"United Kingdom"
"548308","22522","CHILDS GARDEN FORK BLUE",3,"3/30/11 12:00",0.85,17220,"United Kingdom"
"548308","22520","CHILDS GARDEN TROWEL BLUE",3,"3/30/11 12:00",0.85,17220,"United Kingdom"
"548308","22523","CHILDS GARDEN FORK PINK",3,"3/30/11 12:00",0.85,17220,"United Kingdom"
"548308","21718","RED METAL BEACH SPADE",3,"3/30/11 12:00",1.25,17220,"United Kingdom"
"548308","22519","CHILDS GARDEN BRUSH PINK",1,"3/30/11 12:00",2.1,17220,"United Kingdom"
"548308","22518","CHILDS GARDEN BRUSH BLUE",1,"3/30/11 12:00",2.1,17220,"United Kingdom"
"548308","22516","CHILDS GARDEN RAKE BLUE",1,"3/30/11 12:00",2.1,17220,"United Kingdom"
"548308","22517","CHILDS GARDEN RAKE PINK",1,"3/30/11 12:00",2.1,17220,"United Kingdom"
"548308","22978","PANTRY ROLLING PIN",3,"3/30/11 12:00",3.75,17220,"United Kingdom"
"548308","21084","SET/6 COLLAGE PAPER CUPS",4,"3/30/11 12:00",0.65,17220,"United Kingdom"
"548308","22982","PANTRY PASTRY BRUSH",6,"3/30/11 12:00",1.25,17220,"United Kingdom"
"548308","22981","PANTRY APPLE CORER",4,"3/30/11 12:00",1.45,17220,"United Kingdom"
"548308","22346","PARTY PIZZA DISH GREEN POLKADOT",6,"3/30/11 12:00",0.85,17220,"United Kingdom"
"548308","22343","PARTY PIZZA DISH RED RETROSPOT",6,"3/30/11 12:00",0.85,17220,"United Kingdom"
"548308","22988","SOLDIERS EGG CUP",12,"3/30/11 12:00",1.25,17220,"United Kingdom"
"548308","22970","LONDON BUS COFFEE MUG",6,"3/30/11 12:00",2.55,17220,"United Kingdom"
"548308","22971","QUEENS GUARD COFFEE MUG",6,"3/30/11 12:00",2.55,17220,"United Kingdom"
"548308","21122","SET/10 PINK POLKADOT PARTY CANDLES",6,"3/30/11 12:00",1.25,17220,"United Kingdom"
"548308","21124","SET/10 BLUE POLKADOT PARTY CANDLES",5,"3/30/11 12:00",1.25,17220,"United Kingdom"
"548308","21121","SET/10 RED POLKADOT PARTY CANDLES",7,"3/30/11 12:00",1.25,17220,"United Kingdom"
"548308","21949","SET OF 6 STRAWBERRY CHOPSTICKS",4,"3/30/11 12:00",1.25,17220,"United Kingdom"
"548308","22905","CALENDAR IN SEASON DESIGN",3,"3/30/11 12:00",2.95,17220,"United Kingdom"
"548308","22501","PICNIC BASKET WICKER LARGE",2,"3/30/11 12:00",9.95,17220,"United Kingdom"
"548308","22904","CALENDAR PAPER CUT DESIGN",3,"3/30/11 12:00",2.95,17220,"United Kingdom"
"548308","22840","ROUND CAKE TIN VINTAGE RED",1,"3/30/11 12:00",7.95,17220,"United Kingdom"
"548308","22933","BAKING MOULD EASTER EGG MILK CHOC",3,"3/30/11 12:00",2.95,17220,"United Kingdom"
"548308","22841","ROUND CAKE TIN VINTAGE GREEN",1,"3/30/11 12:00",7.95,17220,"United Kingdom"
"548308","22457","NATURAL SLATE HEART CHALKBOARD",2,"3/30/11 12:00",2.95,17220,"United Kingdom"
"548308","22185","SLATE TILE NATURAL HANGING",5,"3/30/11 12:00",1.65,17220,"United Kingdom"
"548308","21090","SET/6 COLLAGE PAPER PLATES",4,"3/30/11 12:00",0.85,17220,"United Kingdom"
"548308","21086","SET/6 RED SPOTTY PAPER CUPS",2,"3/30/11 12:00",0.65,17220,"United Kingdom"
"548308","21086","SET/6 RED SPOTTY PAPER CUPS",1,"3/30/11 12:00",0.65,17220,"United Kingdom"
"548308","21086","SET/6 RED SPOTTY PAPER CUPS",1,"3/30/11 12:00",0.65,17220,"United Kingdom"
"548308","21086","SET/6 RED SPOTTY PAPER CUPS",2,"3/30/11 12:00",0.65,17220,"United Kingdom"
"548308","21094","SET/6 RED SPOTTY PAPER PLATES",6,"3/30/11 12:00",0.85,17220,"United Kingdom"
"548308","21080","SET/20 RED RETROSPOT PAPER NAPKINS",6,"3/30/11 12:00",0.85,17220,"United Kingdom"
"548308","22071","SMALL WHITE RETROSPOT MUG IN BOX",3,"3/30/11 12:00",3.75,17220,"United Kingdom"
"548308","22070","SMALL RED RETROSPOT MUG IN BOX",3,"3/30/11 12:00",3.75,17220,"United Kingdom"
"548308","22894","TABLECLOTH RED APPLES DESIGN",3,"3/30/11 12:00",9.95,17220,"United Kingdom"
"548308","22367","CHILDRENS APRON SPACEBOY DESIGN",2,"3/30/11 12:00",1.95,17220,"United Kingdom"
"548308","47591D","PINK FAIRY CAKE CHILDRENS APRON",2,"3/30/11 12:00",1.95,17220,"United Kingdom"
"548308","22898","CHILDRENS APRON APPLES DESIGN",1,"3/30/11 12:00",1.95,17220,"United Kingdom"
"548308","22898","CHILDRENS APRON APPLES DESIGN",2,"3/30/11 12:00",1.95,17220,"United Kingdom"
"548309","16045","POPART WOODEN PENCILS ASST",100,"3/30/11 12:02",0.12,16657,"United Kingdom"
"548309","16237","SLEEPING CAT ERASERS",1,"3/30/11 12:02",0.21,16657,"United Kingdom"
"548309","16236","KITTY PENCIL ERASERS",1,"3/30/11 12:02",0.21,16657,"United Kingdom"
"548309","16238","PARTY TIME PENCIL ERASERS",1,"3/30/11 12:02",0.21,16657,"United Kingdom"
"548309","10120","DOGGY RUBBER",1,"3/30/11 12:02",0.21,16657,"United Kingdom"
"548309","20914","SET/5 RED RETROSPOT LID GLASS BOWLS",1,"3/30/11 12:02",2.95,16657,"United Kingdom"
"548309","16235","RECYCLED PENCIL WITH RABBIT ERASER",1,"3/30/11 12:02",0.21,16657,"United Kingdom"
"548309","22045","SPACEBOY GIFT WRAP",25,"3/30/11 12:02",0.42,16657,"United Kingdom"
"548309","21497","FANCY FONTS BIRTHDAY WRAP",25,"3/30/11 12:02",0.42,16657,"United Kingdom"
"548309","21498","RED RETROSPOT WRAP",25,"3/30/11 12:02",0.42,16657,"United Kingdom"
"548309","22586","FELTCRAFT HAIRBAND PINK AND BLUE",1,"3/30/11 12:02",0.85,16657,"United Kingdom"
"548309","22587","FELTCRAFT HAIRBAND RED AND BLUE",2,"3/30/11 12:02",0.85,16657,"United Kingdom"
"548309","22399","MAGNETS PACK OF 4 CHILDHOOD MEMORY",1,"3/30/11 12:02",1.25,16657,"United Kingdom"
"548309","84997B","CHILDRENS CUTLERY RETROSPOT RED",1,"3/30/11 12:02",4.15,16657,"United Kingdom"
"548309","22556","PLASTERS IN TIN CIRCUS PARADE",1,"3/30/11 12:02",1.65,16657,"United Kingdom"
"548309","22616","PACK OF 12 LONDON TISSUES",12,"3/30/11 12:02",0.29,16657,"United Kingdom"
"548309","21121","SET/10 RED POLKADOT PARTY CANDLES",1,"3/30/11 12:02",1.25,16657,"United Kingdom"
"548309","20975","12 PENCILS SMALL TUBE RED RETROSPOT",1,"3/30/11 12:02",0.65,16657,"United Kingdom"
"548309","22084","PAPER CHAIN KIT EMPIRE",1,"3/30/11 12:02",2.95,16657,"United Kingdom"
"548309","22992","REVOLVER WOODEN RULER",1,"3/30/11 12:02",1.95,16657,"United Kingdom"
"548309","22991","GIRAFFE WOODEN RULER",1,"3/30/11 12:02",1.95,16657,"United Kingdom"
"548309","22331","WOODLAND PARTY BAG + STICKER SET",1,"3/30/11 12:02",1.65,16657,"United Kingdom"
"548309","22333","RETROSPOT PARTY BAG + STICKER SET",1,"3/30/11 12:02",1.65,16657,"United Kingdom"
"548309","47599B","BLUE PARTY BAGS",1,"3/30/11 12:02",2.1,16657,"United Kingdom"
"548309","47599A","PINK PARTY BAGS",1,"3/30/11 12:02",2.1,16657,"United Kingdom"
"548309","22319","HAIRCLIPS FORTIES FABRIC ASSORTED",12,"3/30/11 12:02",0.65,16657,"United Kingdom"
"548309","16012","FOOD/DRINK SPONGE STICKERS",24,"3/30/11 12:02",0.21,16657,"United Kingdom"
"548309","22951","60 CAKE CASES DOLLY GIRL DESIGN",1,"3/30/11 12:02",0.55,16657,"United Kingdom"
"548309","21212","PACK OF 72 RETROSPOT CAKE CASES",1,"3/30/11 12:02",0.55,16657,"United Kingdom"
"548309","21976","PACK OF 60 MUSHROOM CAKE CASES",1,"3/30/11 12:02",0.55,16657,"United Kingdom"
"548309","22659","LUNCH BOX I LOVE LONDON",1,"3/30/11 12:02",1.95,16657,"United Kingdom"
"548309","22900","SET 2 TEA TOWELS I LOVE LONDON",2,"3/30/11 12:02",3.25,16657,"United Kingdom"
"548309","21719","LOVELY BONBON STICKER SHEET",2,"3/30/11 12:02",0.85,16657,"United Kingdom"
"548309","21724","PANDA AND BUNNIES STICKER SHEET",2,"3/30/11 12:02",0.85,16657,"United Kingdom"
"548309","21722","SWEET PUDDING STICKER SHEET",2,"3/30/11 12:02",0.85,16657,"United Kingdom"
"548309","20758","ABSTRACT CIRCLES POCKET BOOK",1,"3/30/11 12:02",0.85,16657,"United Kingdom"
"548309","20974","12 PENCILS SMALL TUBE SKULL",1,"3/30/11 12:02",0.65,16657,"United Kingdom"
"548309","21121","SET/10 RED POLKADOT PARTY CANDLES",1,"3/30/11 12:02",1.25,16657,"United Kingdom"
"548309","22551","PLASTERS IN TIN SPACEBOY",1,"3/30/11 12:02",1.65,16657,"United Kingdom"
"548309","22077","6 RIBBONS RUSTIC CHARM",1,"3/30/11 12:02",1.65,16657,"United Kingdom"
"548309","22659","LUNCH BOX I LOVE LONDON",1,"3/30/11 12:02",1.95,16657,"United Kingdom"
"548309","21791","VINTAGE HEADS AND TAILS CARD GAME",1,"3/30/11 12:02",1.25,16657,"United Kingdom"
"548309","21034","REX CASH+CARRY JUMBO SHOPPER",1,"3/30/11 12:02",0.95,16657,"United Kingdom"
"548309","22555","PLASTERS IN TIN STRONGMAN",1,"3/30/11 12:02",1.65,16657,"United Kingdom"
"548309","84596B","SMALL DOLLY MIX DESIGN ORANGE BOWL",2,"3/30/11 12:02",0.42,16657,"United Kingdom"
"548309","22705","WRAP GREEN PEARS",25,"3/30/11 12:02",0.42,16657,"United Kingdom"
"548309","22711","WRAP CIRCUS PARADE",25,"3/30/11 12:02",0.42,16657,"United Kingdom"
"548309","22704","WRAP RED APPLES",25,"3/30/11 12:02",0.42,16657,"United Kingdom"
"548309","22045","SPACEBOY GIFT WRAP",25,"3/30/11 12:02",0.42,16657,"United Kingdom"
"548309","21319","GLASS CHALICE GREEN  SMALL",1,"3/30/11 12:02",1.65,16657,"United Kingdom"
"548309","71459","HANGING JAM JAR T-LIGHT HOLDER",12,"3/30/11 12:02",0.85,16657,"United Kingdom"
"548309","22423","REGENCY CAKESTAND 3 TIER",1,"3/30/11 12:02",12.75,16657,"United Kingdom"
"548309","84596B","SMALL DOLLY MIX DESIGN ORANGE BOWL",2,"3/30/11 12:02",0.42,16657,"United Kingdom"
"548309","22439","6 ROCKET BALLOONS",10,"3/30/11 12:02",0.65,16657,"United Kingdom"
"548309","22077","6 RIBBONS RUSTIC CHARM",1,"3/30/11 12:02",1.65,16657,"United Kingdom"
"548309","21122","SET/10 PINK POLKADOT PARTY CANDLES",1,"3/30/11 12:02",1.25,16657,"United Kingdom"
"548309","21719","LOVELY BONBON STICKER SHEET",3,"3/30/11 12:02",0.85,16657,"United Kingdom"
"548309","21172","PARTY METAL SIGN",1,"3/30/11 12:02",1.45,16657,"United Kingdom"
"548309","10125","MINI FUNKY DESIGN TAPES",1,"3/30/11 12:02",0.85,16657,"United Kingdom"
"548309","21121","SET/10 RED POLKADOT PARTY CANDLES",1,"3/30/11 12:02",1.25,16657,"United Kingdom"
"548309","10120","DOGGY RUBBER",1,"3/30/11 12:02",0.21,16657,"United Kingdom"
"548309","22082","RIBBON REEL STRIPES DESIGN",1,"3/30/11 12:02",1.65,16657,"United Kingdom"
"548309","21124","SET/10 BLUE POLKADOT PARTY CANDLES",1,"3/30/11 12:02",1.25,16657,"United Kingdom"
"548309","22616","PACK OF 12 LONDON TISSUES",12,"3/30/11 12:02",0.29,16657,"United Kingdom"
"548309","21880","RED RETROSPOT TAPE",1,"3/30/11 12:02",0.65,16657,"United Kingdom"
"548309","21931","JUMBO STORAGE BAG SUKI",1,"3/30/11 12:02",2.08,16657,"United Kingdom"
"548309","22090","PAPER BUNTING RETROSPOT",1,"3/30/11 12:02",2.95,16657,"United Kingdom"
"548309","22087","PAPER BUNTING WHITE LACE",1,"3/30/11 12:02",2.95,16657,"United Kingdom"
"548309","16012","FOOD/DRINK SPONGE STICKERS",24,"3/30/11 12:02",0.21,16657,"United Kingdom"
"548309","22148","EASTER CRAFT 4 CHICKS",1,"3/30/11 12:02",1.95,16657,"United Kingdom"
"548309","23177","TREASURE ISLAND BOOK BOX",1,"3/30/11 12:02",2.25,16657,"United Kingdom"
"548309","20803","SMALL PINK GLASS SUNDAE DISH",1,"3/30/11 12:02",1.65,16657,"United Kingdom"
"548309","21318","GLASS CHALICE BLUE SMALL",1,"3/30/11 12:02",1.65,16657,"United Kingdom"
"548309","22030","SWALLOWS GREETING CARD",12,"3/30/11 12:02",0.42,16657,"United Kingdom"
"548309","84997A","CHILDRENS CUTLERY POLKADOT GREEN",2,"3/30/11 12:02",4.15,16657,"United Kingdom"
"548309","21034","REX CASH+CARRY JUMBO SHOPPER",1,"3/30/11 12:02",0.95,16657,"United Kingdom"
"548310","21750","LARGE SKULL WINDMILL",4,"3/30/11 12:04",2.1,,"United Kingdom"
"548310","22139","RETROSPOT TEA SET CERAMIC 11 PC",1,"3/30/11 12:04",4.95,,"United Kingdom"
"548310","22398","MAGNETS PACK OF 4 SWALLOWS",1,"3/30/11 12:04",1.25,,"United Kingdom"
"548310","22399","MAGNETS PACK OF 4 CHILDHOOD MEMORY",1,"3/30/11 12:04",1.25,,"United Kingdom"
"548310","15036","ASSORTED COLOURS SILK FAN",12,"3/30/11 12:04",0.83,,"United Kingdom"
"548310","22924","FRIDGE MAGNETS LA VIE EN ROSE",6,"3/30/11 12:04",0.85,,"United Kingdom"
"548310","22324","BLUE POLKADOT KIDS BAG",4,"3/30/11 12:04",1.95,,"United Kingdom"
"548310","47566","PARTY BUNTING",1,"3/30/11 12:04",4.95,,"United Kingdom"
"548310","47590B","PINK HAPPY BIRTHDAY BUNTING",1,"3/30/11 12:04",5.45,,"United Kingdom"
"548310","47590A","BLUE HAPPY BIRTHDAY BUNTING",1,"3/30/11 12:04",5.45,,"United Kingdom"
"548310","21579","LOLITA  DESIGN  COTTON TOTE BAG",3,"3/30/11 12:04",2.25,,"United Kingdom"
"548310","21577","SAVE THE PLANET COTTON TOTE BAG",4,"3/30/11 12:04",2.25,,"United Kingdom"
"548310","22779","WOODEN OWLS LIGHT GARLAND",1,"3/30/11 12:04",4.25,,"United Kingdom"
"548310","22780","LIGHT GARLAND BUTTERFILES PINK",2,"3/30/11 12:04",4.25,,"United Kingdom"
"548310","21934","SKULL SHOULDER BAG",10,"3/30/11 12:04",1.65,,"United Kingdom"
"548310","21935","SUKI  SHOULDER BAG",10,"3/30/11 12:04",1.65,,"United Kingdom"
"548310","84856S","SMALL TAHITI BEACH BAG",4,"3/30/11 12:04",4.65,,"United Kingdom"
"548310","84857C","PINK MONTE CARLO HANDBAG",2,"3/30/11 12:04",8.5,,"United Kingdom"
"548310","22278","OVERNIGHT BAG VINTAGE ROSE PAISLEY",2,"3/30/11 12:04",4.95,,"United Kingdom"
"548310","35004G","SET OF 3 GOLD FLYING DUCKS",1,"3/30/11 12:04",6.35,,"United Kingdom"
"548310","21071","VINTAGE BILLBOARD DRINK ME MUG",1,"3/30/11 12:04",1.25,,"United Kingdom"
"548310","22502","PICNIC BASKET WICKER SMALL",5,"3/30/11 12:04",5.95,,"United Kingdom"
"548310","20821","GOLDIE LOOKING MIRROR",1,"3/30/11 12:04",4.95,,"United Kingdom"
"548310","22191","IVORY DINER WALL CLOCK",1,"3/30/11 12:04",8.5,,"United Kingdom"
"548311","21975","PACK OF 60 DINOSAUR CAKE CASES",24,"3/30/11 12:05",0.55,13728,"United Kingdom"
"548311","21977","PACK OF 60 PINK PAISLEY CAKE CASES",24,"3/30/11 12:05",0.55,13728,"United Kingdom"
"548311","22309","TEA COSY RED  STRIPE",6,"3/30/11 12:05",2.55,13728,"United Kingdom"
"548311","21874","GIN AND TONIC MUG",12,"3/30/11 12:05",1.25,13728,"United Kingdom"
"548311","21870","I CAN ONLY PLEASE ONE PERSON MUG",12,"3/30/11 12:05",1.25,13728,"United Kingdom"
"548311","48173C","DOORMAT BLACK FLOCK",2,"3/30/11 12:05",7.95,13728,"United Kingdom"
"548311","48187","DOORMAT NEW ENGLAND",2,"3/30/11 12:05",7.95,13728,"United Kingdom"
"548311","20685","DOORMAT RED RETROSPOT",2,"3/30/11 12:05",7.95,13728,"United Kingdom"
"548311","22691","DOORMAT WELCOME SUNRISE",2,"3/30/11 12:05",7.95,13728,"United Kingdom"
"548311","48194","DOORMAT HEARTS",2,"3/30/11 12:05",7.95,13728,"United Kingdom"
"548311","48188","DOORMAT WELCOME PUPPIES",2,"3/30/11 12:05",7.95,13728,"United Kingdom"
"548311","48111","DOORMAT 3 SMILEY CATS",2,"3/30/11 12:05",7.95,13728,"United Kingdom"
"548312","84836","ZINC METAL HEART DECORATION",6,"3/30/11 12:12",1.25,16059,"United Kingdom"
"548312","22917","HERB MARKER ROSEMARY",2,"3/30/11 12:12",0.65,16059,"United Kingdom"
"548312","22916","HERB MARKER THYME",2,"3/30/11 12:12",0.65,16059,"United Kingdom"
"548312","22921","HERB MARKER CHIVES",2,"3/30/11 12:12",0.65,16059,"United Kingdom"
"548312","22919","HERB MARKER MINT",2,"3/30/11 12:12",0.65,16059,"United Kingdom"
"548312","22920","HERB MARKER BASIL",2,"3/30/11 12:12",0.65,16059,"United Kingdom"
"548312","22918","HERB MARKER PARSLEY",2,"3/30/11 12:12",0.65,16059,"United Kingdom"
"548312","84970L","SINGLE HEART ZINC T-LIGHT HOLDER",12,"3/30/11 12:12",0.95,16059,"United Kingdom"
"548312","22776","SWEETHEART CAKESTAND 3 TIER",1,"3/30/11 12:12",9.95,16059,"United Kingdom"
"548312","84970S","HANGING HEART ZINC T-LIGHT HOLDER",12,"3/30/11 12:12",0.85,16059,"United Kingdom"
"548312","22799","SWEETHEART WIRE FRUIT BOWL",1,"3/30/11 12:12",8.5,16059,"United Kingdom"
"548312","22283","6 EGG HOUSE PAINTED WOOD",1,"3/30/11 12:12",7.95,16059,"United Kingdom"
"548312","22854","CREAM SWEETHEART EGG HOLDER",3,"3/30/11 12:12",4.95,16059,"United Kingdom"
"548312","84375","SET OF 20 KIDS COOKIE CUTTERS",2,"3/30/11 12:12",2.1,16059,"United Kingdom"
"548312","84380","SET OF 3 BUTTERFLY COOKIE CUTTERS",2,"3/30/11 12:12",1.25,16059,"United Kingdom"
"548312","22961","JAM MAKING SET PRINTED",1,"3/30/11 12:12",1.45,16059,"United Kingdom"
"548312","22561","WOODEN SCHOOL COLOURING SET",2,"3/30/11 12:12",1.65,16059,"United Kingdom"
"548312","22907","PACK OF 20 NAPKINS PANTRY DESIGN",6,"3/30/11 12:12",0.85,16059,"United Kingdom"
"548312","22993","SET OF 4 PANTRY JELLY MOULDS",4,"3/30/11 12:12",1.25,16059,"United Kingdom"
"548312","22720","SET OF 3 CAKE TINS PANTRY DESIGN",3,"3/30/11 12:12",4.95,16059,"United Kingdom"
"548312","22722","SET OF 6 SPICE TINS PANTRY DESIGN",3,"3/30/11 12:12",3.95,16059,"United Kingdom"
"548312","22457","NATURAL SLATE HEART CHALKBOARD",5,"3/30/11 12:12",2.95,16059,"United Kingdom"
"548312","22456","NATURAL SLATE CHALKBOARD LARGE",2,"3/30/11 12:12",4.95,16059,"United Kingdom"
"548312","22766","PHOTO FRAME CORNICE",6,"3/30/11 12:12",2.95,16059,"United Kingdom"
"548312","84978","HANGING HEART JAR T-LIGHT HOLDER",12,"3/30/11 12:12",1.25,16059,"United Kingdom"
"548312","85123A","WHITE HANGING HEART T-LIGHT HOLDER",4,"3/30/11 12:12",2.95,16059,"United Kingdom"
"548312","22804","CANDLEHOLDER PINK HANGING HEART",4,"3/30/11 12:12",2.95,16059,"United Kingdom"
"548312","22784","LANTERN CREAM GAZEBO",2,"3/30/11 12:12",4.95,16059,"United Kingdom"
"548312","85066","CREAM SWEETHEART MINI CHEST",1,"3/30/11 12:12",12.75,16059,"United Kingdom"
"548312","22668","PINK BABY BUNTING",1,"3/30/11 12:12",2.95,16059,"United Kingdom"
"548312","21470","FLOWER VINE RAFFIA FOOD COVER",1,"3/30/11 12:12",3.75,16059,"United Kingdom"
"548312","22171","3 HOOK PHOTO SHELF ANTIQUE WHITE",1,"3/30/11 12:12",8.5,16059,"United Kingdom"
"548312","22170","PICTURE FRAME WOOD TRIPLE PORTRAIT",1,"3/30/11 12:12",6.75,16059,"United Kingdom"
"548312","21408","SPOTTY PINK DUCK DOORSTOP",4,"3/30/11 12:12",4.25,16059,"United Kingdom"
"548312","22508","DOORSTOP RETROSPOT HEART",4,"3/30/11 12:12",3.75,16059,"United Kingdom"
"548312","21411","GINGHAM HEART  DOORSTOP RED",4,"3/30/11 12:12",4.25,16059,"United Kingdom"
"548312","21380","WOODEN HAPPY BIRTHDAY GARLAND",2,"3/30/11 12:12",2.95,16059,"United Kingdom"
"548312","22668","PINK BABY BUNTING",1,"3/30/11 12:12",2.95,16059,"United Kingdom"
"548312","22669","RED BABY BUNTING",1,"3/30/11 12:12",2.95,16059,"United Kingdom"
"548312","47566","PARTY BUNTING",2,"3/30/11 12:12",4.95,16059,"United Kingdom"
"548312","47566B","TEA TIME PARTY BUNTING",2,"3/30/11 12:12",4.95,16059,"United Kingdom"
"548312","85088","CANDY SPOT HAND BAG",1,"3/30/11 12:12",2.1,16059,"United Kingdom"
"548312","20967","GREY FLORAL FELTCRAFT SHOULDER BAG",1,"3/30/11 12:12",3.75,16059,"United Kingdom"
"548312","20969","RED FLORAL FELTCRAFT SHOULDER BAG",1,"3/30/11 12:12",3.75,16059,"United Kingdom"
"548312","22499","WOODEN UNION JACK BUNTING",3,"3/30/11 12:12",5.95,16059,"United Kingdom"
"548312","22483","RED GINGHAM TEDDY BEAR",3,"3/30/11 12:12",2.95,16059,"United Kingdom"
"548312","84584","PINK GINGHAM CAT WITH SCARF",3,"3/30/11 12:12",2.55,16059,"United Kingdom"
"548312","22692","DOORMAT WELCOME TO OUR HOME",1,"3/30/11 12:12",7.95,16059,"United Kingdom"
"548313","21843","RED RETROSPOT CAKE STAND",2,"3/30/11 12:15",10.95,15353,"United Kingdom"
"548313","22507","MEMO BOARD RETROSPOT  DESIGN",1,"3/30/11 12:15",4.95,15353,"United Kingdom"
"548313","84218","BOX/12 CHICK & EGG IN BASKET",1,"3/30/11 12:15",1.95,15353,"United Kingdom"
"548313","21623","VINTAGE UNION JACK MEMOBOARD",1,"3/30/11 12:15",9.95,15353,"United Kingdom"
"548313","22501","PICNIC BASKET WICKER LARGE",1,"3/30/11 12:15",9.95,15353,"United Kingdom"
"548313","22502","PICNIC BASKET WICKER SMALL",1,"3/30/11 12:15",5.95,15353,"United Kingdom"
"548313","22084","PAPER CHAIN KIT EMPIRE",6,"3/30/11 12:15",2.95,15353,"United Kingdom"
"548313","22426","ENAMEL WASH BOWL CREAM",3,"3/30/11 12:15",3.75,15353,"United Kingdom"
"548313","22967","SET 3 SONG BIRD PAPER EGGS ASSORTED",3,"3/30/11 12:15",2.95,15353,"United Kingdom"
"548313","22720","SET OF 3 CAKE TINS PANTRY DESIGN",3,"3/30/11 12:15",4.95,15353,"United Kingdom"
"548313","21034","REX CASH+CARRY JUMBO SHOPPER",1,"3/30/11 12:15",0.95,15353,"United Kingdom"
"548313","85014B","RED RETROSPOT UMBRELLA",2,"3/30/11 12:15",5.95,15353,"United Kingdom"
"548313","15056N","EDWARDIAN PARASOL NATURAL",2,"3/30/11 12:15",5.95,15353,"United Kingdom"
"548313","84792","ENCHANTED BIRD COATHANGER 5 HOOK",2,"3/30/11 12:15",4.65,15353,"United Kingdom"
"548313","22960","JAM MAKING SET WITH JARS",2,"3/30/11 12:15",4.25,15353,"United Kingdom"
"548313","22502","PICNIC BASKET WICKER SMALL",1,"3/30/11 12:15",5.95,15353,"United Kingdom"
"548313","21977","PACK OF 60 PINK PAISLEY CAKE CASES",24,"3/30/11 12:15",0.55,15353,"United Kingdom"
"548313","21212","PACK OF 72 RETROSPOT CAKE CASES",24,"3/30/11 12:15",0.55,15353,"United Kingdom"
"548313","22138","BAKING SET 9 PIECE RETROSPOT",3,"3/30/11 12:15",4.95,15353,"United Kingdom"
"548313","22423","REGENCY CAKESTAND 3 TIER",5,"3/30/11 12:15",12.75,15353,"United Kingdom"
"548313","22430","ENAMEL WATERING CAN CREAM",2,"3/30/11 12:15",4.95,15353,"United Kingdom"
"548313","22993","SET OF 4 PANTRY JELLY MOULDS",1,"3/30/11 12:15",1.25,15353,"United Kingdom"
"548313","21210","SET OF 72 RETROSPOT PAPER  DOILIES",2,"3/30/11 12:15",1.45,15353,"United Kingdom"
"548313","21974","SET OF 36 PAISLEY FLOWER DOILIES",2,"3/30/11 12:15",1.45,15353,"United Kingdom"
"548313","22951","60 CAKE CASES DOLLY GIRL DESIGN",12,"3/30/11 12:15",0.55,15353,"United Kingdom"
"548313","47580","TEA TIME DES TEA COSY",3,"3/30/11 12:15",2.55,15353,"United Kingdom"
"548313","22989","SET 2 PANTRY DESIGN TEA TOWELS",3,"3/30/11 12:15",3.25,15353,"United Kingdom"
"548313","22398","MAGNETS PACK OF 4 SWALLOWS",4,"3/30/11 12:15",1.25,15353,"United Kingdom"
"548313","20998","ROSE DU SUD OVEN GLOVE",3,"3/30/11 12:15",2.95,15353,"United Kingdom"
"548313","21975","PACK OF 60 DINOSAUR CAKE CASES",12,"3/30/11 12:15",0.55,15353,"United Kingdom"
"548313","22993","SET OF 4 PANTRY JELLY MOULDS",2,"3/30/11 12:15",1.25,15353,"United Kingdom"
"548313","84375","SET OF 20 KIDS COOKIE CUTTERS",6,"3/30/11 12:15",2.1,15353,"United Kingdom"
"548313","22403","MAGNETS PACK OF 4 VINTAGE LABELS",3,"3/30/11 12:15",1.25,15353,"United Kingdom"
"548313","22402","MAGNETS PACK OF 4 VINTAGE COLLAGE",4,"3/30/11 12:15",1.25,15353,"United Kingdom"
"548313","22400","MAGNETS PACK OF 4 HOME SWEET HOME",4,"3/30/11 12:15",1.25,15353,"United Kingdom"
"548313","23000","TRAVEL CARD WALLET TRANSPORT",4,"3/30/11 12:15",0.42,15353,"United Kingdom"
"548313","22998","TRAVEL CARD WALLET KEEP CALM",3,"3/30/11 12:15",0.42,15353,"United Kingdom"
"548313","22999","TRAVEL CARD WALLET RETRO PETALS",4,"3/30/11 12:15",0.42,15353,"United Kingdom"
"548313","22499","WOODEN UNION JACK BUNTING",6,"3/30/11 12:15",5.95,15353,"United Kingdom"
"548313","22406","MONEY BOX KINGS CHOICE DESIGN",2,"3/30/11 12:15",1.25,15353,"United Kingdom"
"548313","20828","GLITTER BUTTERFLY CLIPS",3,"3/30/11 12:15",2.55,15353,"United Kingdom"
"548313","23194","GYMKHANA TREASURE BOOK BOX",2,"3/30/11 12:15",2.25,15353,"United Kingdom"
"548313","23177","TREASURE ISLAND BOOK BOX",2,"3/30/11 12:15",2.25,15353,"United Kingdom"
"548313","22090","PAPER BUNTING RETROSPOT",6,"3/30/11 12:15",2.95,15353,"United Kingdom"
"548313","22562","MONSTERS STENCIL CRAFT",6,"3/30/11 12:15",1.25,15353,"United Kingdom"
"548313","22563","HAPPY STENCIL CRAFT",6,"3/30/11 12:15",1.25,15353,"United Kingdom"
"548313","22564","ALPHABET STENCIL CRAFT",6,"3/30/11 12:15",1.25,15353,"United Kingdom"
"548313","22979","PANTRY WASHING UP BRUSH",6,"3/30/11 12:15",1.45,15353,"United Kingdom"
"548313","21034","REX CASH+CARRY JUMBO SHOPPER",1,"3/30/11 12:15",0.95,15353,"United Kingdom"
"548313","22410","MONEY BOX HOUSEKEEPING DESIGN",2,"3/30/11 12:15",1.25,15353,"United Kingdom"
"548313","22409","MONEY BOX BISCUITS DESIGN",2,"3/30/11 12:15",1.25,15353,"United Kingdom"
"548314","22969","HOMEMADE JAM SCENTED CANDLES",12,"3/30/11 12:24",1.45,16949,"United Kingdom"
"548314","22859","EASTER TIN BUNNY BOUQUET",6,"3/30/11 12:24",1.65,16949,"United Kingdom"
"548314","22283","6 EGG HOUSE PAINTED WOOD",2,"3/30/11 12:24",7.95,16949,"United Kingdom"
"548314","22668","PINK BABY BUNTING",5,"3/30/11 12:24",2.95,16949,"United Kingdom"
"548314","47566","PARTY BUNTING",4,"3/30/11 12:24",4.95,16949,"United Kingdom"
"548314","22023","EMPIRE BIRTHDAY CARD",12,"3/30/11 12:24",0.42,16949,"United Kingdom"
"548314","21643","ASSORTED TUTTI FRUTTI MIRROR",12,"3/30/11 12:24",1.25,16949,"United Kingdom"
"548314","22557","PLASTERS IN TIN VINTAGE PAISLEY",12,"3/30/11 12:24",1.65,16949,"United Kingdom"
"548314","22651","GENTLEMAN SHIRT REPAIR KIT",12,"3/30/11 12:24",0.85,16949,"United Kingdom"
"548315","84879","ASSORTED COLOUR BIRD ORNAMENT",8,"3/30/11 12:34",1.69,16019,"United Kingdom"
"548315","84945","MULTI COLOUR SILVER T-LIGHT HOLDER",12,"3/30/11 12:34",0.85,16019,"United Kingdom"
"548315","21832","CHOCOLATE CALCULATOR",12,"3/30/11 12:34",1.65,16019,"United Kingdom"
"548315","22605","WOODEN CROQUET GARDEN SET",4,"3/30/11 12:34",12.75,16019,"United Kingdom"
"548315","20749","ASSORTED COLOUR MINI CASES",2,"3/30/11 12:34",7.95,16019,"United Kingdom"
"548315","22423","REGENCY CAKESTAND 3 TIER",16,"3/30/11 12:34",10.95,16019,"United Kingdom"
"548315","82494L","WOODEN FRAME ANTIQUE WHITE",6,"3/30/11 12:34",2.95,16019,"United Kingdom"
"548316","22622","BOX OF VINTAGE ALPHABET BLOCKS",24,"3/30/11 12:35",9.95,17929,"United Kingdom"
"548317","22084","PAPER CHAIN KIT EMPIRE",6,"3/30/11 12:43",2.95,18179,"United Kingdom"
"548317","16156S","WRAP PINK FAIRY CAKES",25,"3/30/11 12:43",0.42,18179,"United Kingdom"
"548317","16161U","WRAP SUKI AND FRIENDS",25,"3/30/11 12:43",0.42,18179,"United Kingdom"
"548317","22051","BLUE SCANDINAVIAN PAISLEY WRAP",25,"3/30/11 12:43",0.42,18179,"United Kingdom"
"548317","23232","WRAP VINTAGE PETALS  DESIGN",25,"3/30/11 12:43",0.42,18179,"United Kingdom"
"548317","22993","SET OF 4 PANTRY JELLY MOULDS",12,"3/30/11 12:43",1.25,18179,"United Kingdom"
"548317","23077","DOUGHNUT LIP GLOSS",20,"3/30/11 12:43",1.25,18179,"United Kingdom"
"548317","23155","KNICKERBOCKERGLORY MAGNET ASSORTED",12,"3/30/11 12:43",0.83,18179,"United Kingdom"
"548317","22196","SMALL HEART MEASURING SPOONS",12,"3/30/11 12:43",0.85,18179,"United Kingdom"
"548317","22841","ROUND CAKE TIN VINTAGE GREEN",2,"3/30/11 12:43",7.95,18179,"United Kingdom"
"548317","22938","CUPCAKE LACE PAPER SET 6",12,"3/30/11 12:43",1.95,18179,"United Kingdom"
"548317","21212","PACK OF 72 RETROSPOT CAKE CASES",24,"3/30/11 12:43",0.55,18179,"United Kingdom"
"548317","84461","12 PINK HEN+CHICKS IN BASKET",6,"3/30/11 12:43",2.55,18179,"United Kingdom"
"548317","22957","SET 3 PAPER VINTAGE CHICK PAPER EGG",6,"3/30/11 12:43",2.95,18179,"United Kingdom"
"548317","47566","PARTY BUNTING",4,"3/30/11 12:43",4.95,18179,"United Kingdom"
"548317","22668","PINK BABY BUNTING",5,"3/30/11 12:43",2.95,18179,"United Kingdom"
"548317","22669","RED BABY BUNTING",5,"3/30/11 12:43",2.95,18179,"United Kingdom"
"548317","84212","ASSORTED FLOWER COLOUR ""LEIS""",24,"3/30/11 12:43",0.65,18179,"United Kingdom"
"548318","47591D","PINK FAIRY CAKE CHILDRENS APRON",8,"3/30/11 12:45",1.95,13113,"United Kingdom"
"548318","21217","RED RETROSPOT ROUND CAKE TINS",12,"3/30/11 12:45",8.95,13113,"United Kingdom"
"548318","22087","PAPER BUNTING WHITE LACE",40,"3/30/11 12:45",2.55,13113,"United Kingdom"
"548318","47566","PARTY BUNTING",50,"3/30/11 12:45",4.15,13113,"United Kingdom"
"548318","84750B","BLACK SMALL GLASS CAKE STAND",8,"3/30/11 12:45",1.95,13113,"United Kingdom"
"548318","22055","MINI CAKE STAND  HANGING STRAWBERY",5,"3/30/11 12:45",0,13113,"United Kingdom"
"548318","22055","MINI CAKE STAND  HANGING STRAWBERY",3,"3/30/11 12:45",1.65,13113,"United Kingdom"
"548319","22843","BISCUIT TIN VINTAGE GREEN",2,"3/30/11 12:48",6.75,14180,"United Kingdom"
"548319","22848","BREAD BIN DINER STYLE PINK",1,"3/30/11 12:48",16.95,14180,"United Kingdom"
"548319","21754","HOME BUILDING BLOCK WORD",3,"3/30/11 12:48",5.95,14180,"United Kingdom"
"548319","22120","WELCOME  WOODEN BLOCK LETTERS",3,"3/30/11 12:48",9.95,14180,"United Kingdom"
"548319","22180","RETROSPOT LAMP",1,"3/30/11 12:48",9.95,14180,"United Kingdom"
"548319","22168","ORGANISER WOOD ANTIQUE WHITE",2,"3/30/11 12:48",8.5,14180,"United Kingdom"
"548319","22487","WHITE WOOD GARDEN PLANT LADDER",1,"3/30/11 12:48",9.95,14180,"United Kingdom"
"548319","84968F","SET OF 16 VINTAGE SKY BLUE CUTLERY",1,"3/30/11 12:48",12.75,14180,"United Kingdom"
"548319","84968A","SET OF 16 VINTAGE ROSE CUTLERY",2,"3/30/11 12:48",12.75,14180,"United Kingdom"
"548319","85159A","BLACK TEA,COFFEE,SUGAR JARS",12,"3/30/11 12:48",1.95,14180,"United Kingdom"
"548319","84968E","SET OF 16 VINTAGE BLACK CUTLERY",1,"3/30/11 12:48",12.75,14180,"United Kingdom"
"548319","22425","ENAMEL COLANDER CREAM",3,"3/30/11 12:48",4.95,14180,"United Kingdom"
"548319","21843","RED RETROSPOT CAKE STAND",1,"3/30/11 12:48",10.95,14180,"United Kingdom"
"548319","22072","RED RETROSPOT TEA CUP AND SAUCER",4,"3/30/11 12:48",3.75,14180,"United Kingdom"
"548319","21781","MA CAMPAGNE CUTLERY BOX",1,"3/30/11 12:48",14.95,14180,"United Kingdom"
"548320","22489","PACK OF 12 TRADITIONAL CRAYONS",40,"3/30/11 12:54",0.42,12709,"Germany"
"548320","21210","SET OF 72 RETROSPOT PAPER  DOILIES",30,"3/30/11 12:54",1.45,12709,"Germany"
"548320","22423","REGENCY CAKESTAND 3 TIER",16,"3/30/11 12:54",10.95,12709,"Germany"
"548320","21916","SET 12 RETRO WHITE CHALK STICKS",30,"3/30/11 12:54",0.42,12709,"Germany"
"548320","21452","TOADSTOOL MONEY BOX",20,"3/30/11 12:54",2.95,12709,"Germany"
"548320","22467","GUMBALL COAT RACK",36,"3/30/11 12:54",2.1,12709,"Germany"
"548320","POST","POSTAGE",2,"3/30/11 12:54",18,12709,"Germany"
"548321","48184","DOORMAT ENGLISH ROSE",1,"3/30/11 12:55",7.95,,"United Kingdom"
"548321","84968E","SET OF 16 VINTAGE BLACK CUTLERY",3,"3/30/11 12:55",12.75,,"United Kingdom"
"548322","21686","MEDINA STAMPED METAL STOOL",1,"3/30/11 13:00",5,,"United Kingdom"
"548322","21832","CHOCOLATE CALCULATOR",1,"3/30/11 13:00",1.65,,"United Kingdom"
"548322","21065","BOOM BOX SPEAKER GIRLS",1,"3/30/11 13:00",5.95,,"United Kingdom"
"548322","21163","DO NOT TOUCH MY STUFF DOOR HANGER",1,"3/30/11 13:00",1.45,,"United Kingdom"
"548322","23154","SET OF 4 JAM JAR MAGNETS",1,"3/30/11 13:00",2.08,,"United Kingdom"
"548323","22066","LOVE HEART TRINKET POT",48,"3/30/11 13:00",0.39,15424,"United Kingdom"
"548323","22123","PING MICROWAVE APRON",12,"3/30/11 13:00",1.95,15424,"United Kingdom"
"548323","62086A","PINK RETRO BIG FLOWER BAG",6,"3/30/11 13:00",1.95,15424,"United Kingdom"
"548323","84313C","ORANGE TV TRAY TABLE",6,"3/30/11 13:00",1.95,15424,"United Kingdom"
"548323","84568","GIRLS ALPHABET IRON ON PATCHES",288,"3/30/11 13:00",0.21,15424,"United Kingdom"
"548323","20971","PINK BLUE FELT CRAFT TRINKET BOX",12,"3/30/11 13:00",1.25,15424,"United Kingdom"
"548323","22273","FELTCRAFT DOLL MOLLY",6,"3/30/11 13:00",2.95,15424,"United Kingdom"
"548323","23126","FELTCRAFT GIRL AMELIE KIT",4,"3/30/11 13:00",4.95,15424,"United Kingdom"
"548323","22750","FELTCRAFT PRINCESS LOLA DOLL",4,"3/30/11 13:00",3.75,15424,"United Kingdom"
"548324","22621","TRADITIONAL KNITTING NANCY",144,"3/30/11 13:01",1.25,13316,"United Kingdom"
"548324","20972","PINK CREAM FELT CRAFT TRINKET BOX",144,"3/30/11 13:01",1.06,13316,"United Kingdom"
"548324","22271","FELTCRAFT DOLL ROSIE",48,"3/30/11 13:01",2.55,13316,"United Kingdom"
"548324","22273","FELTCRAFT DOLL MOLLY",48,"3/30/11 13:01",2.55,13316,"United Kingdom"
"548324","22570","FELTCRAFT CUSHION RABBIT",24,"3/30/11 13:01",3.39,13316,"United Kingdom"
"548324","22568","FELTCRAFT CUSHION OWL",48,"3/30/11 13:01",3.39,13316,"United Kingdom"
"548324","22569","FELTCRAFT CUSHION BUTTERFLY",48,"3/30/11 13:01",3.39,13316,"United Kingdom"
"548324","22968","ROSE COTTAGE KEEPSAKE BOX",8,"3/30/11 13:01",8.5,13316,"United Kingdom"
"548324","22749","FELTCRAFT PRINCESS CHARLOTTE DOLL",48,"3/30/11 13:01",3.39,13316,"United Kingdom"
"548324","22750","FELTCRAFT PRINCESS LOLA DOLL",48,"3/30/11 13:01",3.39,13316,"United Kingdom"
"548324","84568","GIRLS ALPHABET IRON ON PATCHES",1440,"3/30/11 13:01",0.17,13316,"United Kingdom"
"548325","21094","SET/6 RED SPOTTY PAPER PLATES",24,"3/30/11 13:01",0.85,13509,"United Kingdom"
"548325","21080","SET/20 RED RETROSPOT PAPER NAPKINS",24,"3/30/11 13:01",0.85,13509,"United Kingdom"
"548325","21086","SET/6 RED SPOTTY PAPER CUPS",24,"3/30/11 13:01",0.65,13509,"United Kingdom"
"548325","21829","DINOSAUR KEYRINGS ASSORTED",36,"3/30/11 13:01",0.21,13509,"United Kingdom"
"548325","22090","PAPER BUNTING RETROSPOT",6,"3/30/11 13:01",2.95,13509,"United Kingdom"
"548325","21242","RED RETROSPOT PLATE",16,"3/30/11 13:01",1.69,13509,"United Kingdom"
"548325","21243","PINK  POLKADOT PLATE",16,"3/30/11 13:01",1.69,13509,"United Kingdom"
"548325","21244","BLUE POLKADOT PLATE",16,"3/30/11 13:01",1.69,13509,"United Kingdom"
"548325","21833","CAMOUFLAGE LED TORCH",36,"3/30/11 13:01",1.69,13509,"United Kingdom"
"548325","16259","PIECE OF CAMO STATIONERY SET",108,"3/30/11 13:01",0.21,13509,"United Kingdom"
"548325","21245","GREEN POLKADOT PLATE",16,"3/30/11 13:01",1.69,13509,"United Kingdom"
"548325","22537","MAGIC DRAWING SLATE DINOSAUR",24,"3/30/11 13:01",0.42,13509,"United Kingdom"
"548325","22531","MAGIC DRAWING SLATE CIRCUS PARADE",24,"3/30/11 13:01",0.42,13509,"United Kingdom"
"548325","20674","GREEN POLKADOT BOWL",8,"3/30/11 13:01",1.25,13509,"United Kingdom"
"548325","20677","PINK POLKADOT BOWL",8,"3/30/11 13:01",1.25,13509,"United Kingdom"
"548326","82616C","MIDNIGHT GLAMOUR SCARF KNITTING KIT",24,"3/30/11 13:02",1.25,15424,"United Kingdom"
"548326","85078","SCANDINAVIAN 3 HEARTS NAPKIN RING",24,"3/30/11 13:02",0.19,15424,"United Kingdom"
"548326","85019B","BLOSSOM  IMAGES NOTEBOOK SET",24,"3/30/11 13:02",1.25,15424,"United Kingdom"
"548326","85019C","CURIOUS  IMAGES NOTEBOOK SET",24,"3/30/11 13:02",1.25,15424,"United Kingdom"
"548326","85017B","ENVELOPE 50 BLOSSOM IMAGES",12,"3/30/11 13:02",0.85,15424,"United Kingdom"
"548326","84596B","SMALL DOLLY MIX DESIGN ORANGE BOWL",24,"3/30/11 13:02",0.42,15424,"United Kingdom"
"548326","82616B","FRAPPUCINO SCARF KNITTING KIT",24,"3/30/11 13:02",1.25,15424,"United Kingdom"
"548326","22960","JAM MAKING SET WITH JARS",12,"3/30/11 13:02",3.75,15424,"United Kingdom"
"548327","M","Manual",1,"3/30/11 13:05",1.65,16788,"United Kingdom"
"548327","22978","PANTRY ROLLING PIN",1,"3/30/11 13:05",3.75,16788,"United Kingdom"
"548327","23230","WRAP ALPHABET DESIGN",25,"3/30/11 13:05",0.42,16788,"United Kingdom"
"548327","16156S","WRAP PINK FAIRY CAKES",25,"3/30/11 13:05",0.42,16788,"United Kingdom"
"548327","85167B","BLACK GRAND BAROQUE PHOTO FRAME",2,"3/30/11 13:05",4.25,16788,"United Kingdom"
"548327","22993","SET OF 4 PANTRY JELLY MOULDS",1,"3/30/11 13:05",1.25,16788,"United Kingdom"
"548327","22989","SET 2 PANTRY DESIGN TEA TOWELS",2,"3/30/11 13:05",3.25,16788,"United Kingdom"
"548327","22990","COTTON APRON PANTRY DESIGN",2,"3/30/11 13:05",4.95,16788,"United Kingdom"
"548327","22982","PANTRY PASTRY BRUSH",3,"3/30/11 13:05",1.25,16788,"United Kingdom"
"548327","22429","ENAMEL MEASURING JUG CREAM",1,"3/30/11 13:05",4.25,16788,"United Kingdom"
"548327","20971","PINK BLUE FELT CRAFT TRINKET BOX",4,"3/30/11 13:05",1.25,16788,"United Kingdom"
"548327","20972","PINK CREAM FELT CRAFT TRINKET BOX",4,"3/30/11 13:05",1.25,16788,"United Kingdom"
"548327","47599A","PINK PARTY BAGS",2,"3/30/11 13:05",2.1,16788,"United Kingdom"
"548327","47566","PARTY BUNTING",2,"3/30/11 13:05",4.95,16788,"United Kingdom"
"548327","84989A","75 GREEN FAIRY CAKE CASES",1,"3/30/11 13:05",0.55,16788,"United Kingdom"
"548327","21967","PACK OF 12 SKULL TISSUES",1,"3/30/11 13:05",0.29,16788,"United Kingdom"
"548327","21985","PACK OF 12 HEARTS DESIGN TISSUES",1,"3/30/11 13:05",0.29,16788,"United Kingdom"
"548327","22804","CANDLEHOLDER PINK HANGING HEART",10,"3/30/11 13:05",2.95,16788,"United Kingdom"
"548327","85123A","WHITE HANGING HEART T-LIGHT HOLDER",10,"3/30/11 13:05",2.95,16788,"United Kingdom"
"548327","22666","RECIPE BOX PANTRY YELLOW DESIGN",1,"3/30/11 13:05",2.95,16788,"United Kingdom"
"548327","22427","ENAMEL FLOWER JUG CREAM",1,"3/30/11 13:05",5.95,16788,"United Kingdom"
"548327","22960","JAM MAKING SET WITH JARS",1,"3/30/11 13:05",4.25,16788,"United Kingdom"
"548327","35638A","PINK AND BLACK STRING CURTAIN",1,"3/30/11 13:05",5.95,16788,"United Kingdom"
"548327","84755","COLOUR GLASS T-LIGHT HOLDER HANGING",8,"3/30/11 13:05",0.65,16788,"United Kingdom"
"548327","71459","HANGING JAM JAR T-LIGHT HOLDER",12,"3/30/11 13:05",0.85,16788,"United Kingdom"
"548327","21231","SWEETHEART CERAMIC TRINKET BOX",4,"3/30/11 13:05",1.25,16788,"United Kingdom"
"548327","22645","CERAMIC HEART FAIRY CAKE MONEY BANK",4,"3/30/11 13:05",1.45,16788,"United Kingdom"
"548327","22646","CERAMIC STRAWBERRY CAKE MONEY BANK",4,"3/30/11 13:05",1.45,16788,"United Kingdom"
"548327","23126","FELTCRAFT GIRL AMELIE KIT",1,"3/30/11 13:05",4.95,16788,"United Kingdom"
"548327","23128","FELTCRAFT BOY JEAN-PAUL KIT",1,"3/30/11 13:05",4.95,16788,"United Kingdom"
"548327","23127","FELTCRAFT GIRL NICOLE KIT",1,"3/30/11 13:05",4.95,16788,"United Kingdom"
"548327","22305","COFFEE MUG PINK PAISLEY DESIGN",1,"3/30/11 13:05",2.55,16788,"United Kingdom"
"548327","22302","COFFEE MUG PEARS  DESIGN",1,"3/30/11 13:05",2.55,16788,"United Kingdom"
"548327","22304","COFFEE MUG BLUE PAISLEY DESIGN",1,"3/30/11 13:05",2.55,16788,"United Kingdom"
"548327","22303","COFFEE MUG APPLES DESIGN",1,"3/30/11 13:05",2.55,16788,"United Kingdom"
"548327","21730","GLASS STAR FROSTED T-LIGHT HOLDER",2,"3/30/11 13:05",4.95,16788,"United Kingdom"
"548327","22966","GINGERBREAD MAN COOKIE CUTTER",1,"3/30/11 13:05",1.25,16788,"United Kingdom"
"548327","21215","IVORY PAPER CUP CAKE CASES",1,"3/30/11 13:05",0.55,16788,"United Kingdom"
"548327","21977","PACK OF 60 PINK PAISLEY CAKE CASES",1,"3/30/11 13:05",0.55,16788,"United Kingdom"
"548327","22421","LIPSTICK PEN FUSCHIA",2,"3/30/11 13:05",0.42,16788,"United Kingdom"
"548327","22420","LIPSTICK PEN BABY PINK",2,"3/30/11 13:05",0.42,16788,"United Kingdom"
"548327","21984","PACK OF 12 PINK PAISLEY TISSUES",1,"3/30/11 13:05",0.29,16788,"United Kingdom"
"548327","21982","PACK OF 12 SUKI TISSUES",1,"3/30/11 13:05",0.29,16788,"United Kingdom"
"548327","22720","SET OF 3 CAKE TINS PANTRY DESIGN",1,"3/30/11 13:05",4.95,16788,"United Kingdom"
"548327","84991","60 TEATIME FAIRY CAKE CASES",1,"3/30/11 13:05",0.55,16788,"United Kingdom"
"548327","21982","PACK OF 12 SUKI TISSUES",1,"3/30/11 13:05",0.29,16788,"United Kingdom"
"548327","21980","PACK OF 12 RED RETROSPOT TISSUES",1,"3/30/11 13:05",0.29,16788,"United Kingdom"
"548327","21985","PACK OF 12 HEARTS DESIGN TISSUES",1,"3/30/11 13:05",0.29,16788,"United Kingdom"
"548327","22098","BOUDOIR SQUARE TISSUE BOX",2,"3/30/11 13:05",1.25,16788,"United Kingdom"
"548327","21980","PACK OF 12 RED RETROSPOT TISSUES",1,"3/30/11 13:05",0.29,16788,"United Kingdom"
"548327","21967","PACK OF 12 SKULL TISSUES",1,"3/30/11 13:05",0.29,16788,"United Kingdom"
"548327","21983","PACK OF 12 BLUE PAISLEY TISSUES",2,"3/30/11 13:05",0.29,16788,"United Kingdom"
"548327","21984","PACK OF 12 PINK PAISLEY TISSUES",1,"3/30/11 13:05",0.29,16788,"United Kingdom"
"548327","84380","SET OF 3 BUTTERFLY COOKIE CUTTERS",1,"3/30/11 13:05",1.25,16788,"United Kingdom"
"548327","21469","POLKA DOT RAFFIA FOOD COVER",1,"3/30/11 13:05",3.75,16788,"United Kingdom"
"548327","21465","PINK FLOWER CROCHET FOOD COVER",1,"3/30/11 13:05",3.75,16788,"United Kingdom"
"548327","22965","3 TRADITIONAl BISCUIT CUTTERS  SET",1,"3/30/11 13:05",2.1,16788,"United Kingdom"
"548327","22966","GINGERBREAD MAN COOKIE CUTTER",1,"3/30/11 13:05",1.25,16788,"United Kingdom"
"548327","22722","SET OF 6 SPICE TINS PANTRY DESIGN",1,"3/30/11 13:05",3.95,16788,"United Kingdom"
"548327","22385","JUMBO BAG SPACEBOY DESIGN",2,"3/30/11 13:05",2.08,16788,"United Kingdom"
"548327","85099F","JUMBO BAG STRAWBERRY",2,"3/30/11 13:05",2.08,16788,"United Kingdom"
"548327","21930","JUMBO STORAGE BAG SKULLS",2,"3/30/11 13:05",2.08,16788,"United Kingdom"
"548327","22411","JUMBO SHOPPER VINTAGE RED PAISLEY",2,"3/30/11 13:05",2.08,16788,"United Kingdom"
"548327","21929","JUMBO BAG PINK VINTAGE PAISLEY",2,"3/30/11 13:05",2.08,16788,"United Kingdom"
"548327","22385","JUMBO BAG SPACEBOY DESIGN",1,"3/30/11 13:05",2.08,16788,"United Kingdom"
"548327","85099C","JUMBO  BAG BAROQUE BLACK WHITE",2,"3/30/11 13:05",2.08,16788,"United Kingdom"
"548327","21928","JUMBO BAG SCANDINAVIAN BLUE PAISLEY",2,"3/30/11 13:05",2.08,16788,"United Kingdom"
"548327","21931","JUMBO STORAGE BAG SUKI",2,"3/30/11 13:05",2.08,16788,"United Kingdom"
"548328","21527",,-21,"3/30/11 13:11",0,,"United Kingdom"
"548329","82581","TOILET METAL SIGN",250,"3/30/11 13:14",0.42,16584,"United Kingdom"
"548329","21745","GAOLERS KEYS DECORATIVE GARDEN",4,"3/30/11 13:14",3.75,16584,"United Kingdom"
"548329","21917","SET 12 KIDS  WHITE CHALK STICKS",24,"3/30/11 13:14",0.42,16584,"United Kingdom"
"548329","21876","POTTERING MUG",12,"3/30/11 13:14",1.25,16584,"United Kingdom"
"548329","21868","POTTING SHED TEA MUG",12,"3/30/11 13:14",1.25,16584,"United Kingdom"
"548329","22665","RECIPE BOX BLUE SKETCHBOOK DESIGN",24,"3/30/11 13:14",2.55,16584,"United Kingdom"
"548329","22667","RECIPE BOX RETROSPOT",24,"3/30/11 13:14",2.55,16584,"United Kingdom"
"548329","22666","RECIPE BOX PANTRY YELLOW DESIGN",24,"3/30/11 13:14",2.55,16584,"United Kingdom"
"548329","82583","HOT BATHS METAL SIGN",12,"3/30/11 13:14",2.1,16584,"United Kingdom"
"548329","21755","LOVE BUILDING BLOCK WORD",18,"3/30/11 13:14",5.45,16584,"United Kingdom"
"548329","82599","FANNY'S REST STOPMETAL SIGN",12,"3/30/11 13:14",2.1,16584,"United Kingdom"
"548329","82600","NO SINGING METAL SIGN",12,"3/30/11 13:14",2.1,16584,"United Kingdom"
"548329","21174","POTTERING IN THE SHED METAL SIGN",12,"3/30/11 13:14",2.08,16584,"United Kingdom"
"548329","21169","YOU'RE CONFUSING ME METAL SIGN",48,"3/30/11 13:14",1.45,16584,"United Kingdom"
"548330","85184C","S/4 VALENTINE DECOUPAGE HEART BOX",2,"3/30/11 13:26",2.95,14810,"United Kingdom"
"548330","37482P","CUBIC MUG PINK POLKADOT",6,"3/30/11 13:26",0.39,14810,"United Kingdom"
"548330","82494L","WOODEN FRAME ANTIQUE WHITE",4,"3/30/11 13:26",2.95,14810,"United Kingdom"
"548330","82482","WOODEN PICTURE FRAME WHITE FINISH",3,"3/30/11 13:26",2.55,14810,"United Kingdom"
"548330","21928","JUMBO BAG SCANDINAVIAN BLUE PAISLEY",6,"3/30/11 13:26",2.08,14810,"United Kingdom"
"548330","85099F","JUMBO BAG STRAWBERRY",8,"3/30/11 13:26",2.08,14810,"United Kingdom"
"548330","21931","JUMBO STORAGE BAG SUKI",6,"3/30/11 13:26",2.08,14810,"United Kingdom"
"548330","22982","PANTRY PASTRY BRUSH",1,"3/30/11 13:26",1.25,14810,"United Kingdom"
"548330","21937","STRAWBERRY   PICNIC BAG",3,"3/30/11 13:26",2.95,14810,"United Kingdom"
"548330","21936","RED RETROSPOT PICNIC BAG",2,"3/30/11 13:26",2.95,14810,"United Kingdom"
"548330","21932","SCANDINAVIAN PAISLEY PICNIC BAG",2,"3/30/11 13:26",2.95,14810,"United Kingdom"
"548330","22727","ALARM CLOCK BAKELIKE RED",1,"3/30/11 13:26",3.75,14810,"United Kingdom"
"548330","22730","ALARM CLOCK BAKELIKE IVORY",1,"3/30/11 13:26",3.75,14810,"United Kingdom"
"548330","22728","ALARM CLOCK BAKELIKE PINK",2,"3/30/11 13:26",3.75,14810,"United Kingdom"
"548330","21078","SET/20 STRAWBERRY PAPER NAPKINS",2,"3/30/11 13:26",0.85,14810,"United Kingdom"
"548330","21080","SET/20 RED RETROSPOT PAPER NAPKINS",2,"3/30/11 13:26",0.85,14810,"United Kingdom"
"548330","22382","LUNCH BAG SPACEBOY DESIGN",2,"3/30/11 13:26",1.65,14810,"United Kingdom"
"548330","20727","LUNCH BAG  BLACK SKULL.",2,"3/30/11 13:26",1.65,14810,"United Kingdom"
"548330","20725","LUNCH BAG RED RETROSPOT",4,"3/30/11 13:26",1.65,14810,"United Kingdom"
"548330","22384","LUNCH BAG PINK POLKADOT",3,"3/30/11 13:26",1.65,14810,"United Kingdom"
"548330","22383","LUNCH BAG SUKI DESIGN",2,"3/30/11 13:26",1.65,14810,"United Kingdom"
"548330","22502","PICNIC BASKET WICKER SMALL",1,"3/30/11 13:26",5.95,14810,"United Kingdom"
"548331","22960","JAM MAKING SET WITH JARS",6,"3/30/11 13:28",4.25,13047,"United Kingdom"
"548331","22722","SET OF 6 SPICE TINS PANTRY DESIGN",8,"3/30/11 13:28",3.95,13047,"United Kingdom"
"548331","22720","SET OF 3 CAKE TINS PANTRY DESIGN",6,"3/30/11 13:28",4.95,13047,"United Kingdom"
"548331","20972","PINK CREAM FELT CRAFT TRINKET BOX",12,"3/30/11 13:28",1.25,13047,"United Kingdom"
"548331","22274","FELTCRAFT DOLL EMILY",6,"3/30/11 13:28",2.95,13047,"United Kingdom"
"548331","84969","BOX OF 6 ASSORTED COLOUR TEASPOONS",6,"3/30/11 13:28",4.25,13047,"United Kingdom"
"548331","22623","BOX OF VINTAGE JIGSAW BLOCKS",3,"3/30/11 13:28",4.95,13047,"United Kingdom"
"548331","22499","WOODEN UNION JACK BUNTING",6,"3/30/11 13:28",5.95,13047,"United Kingdom"
"548331","22607","WOODEN ROUNDERS GARDEN SET",2,"3/30/11 13:28",9.95,13047,"United Kingdom"
"548331","21658","GLASS  BEURRE DISH",4,"3/30/11 13:28",3.95,13047,"United Kingdom"
"548331","47566","PARTY BUNTING",5,"3/30/11 13:28",4.95,13047,"United Kingdom"
"548331","21756","BATH BUILDING BLOCK WORD",3,"3/30/11 13:28",5.95,13047,"United Kingdom"
"548331","21754","HOME BUILDING BLOCK WORD",3,"3/30/11 13:28",5.95,13047,"United Kingdom"
"548331","21755","LOVE BUILDING BLOCK WORD",3,"3/30/11 13:28",5.95,13047,"United Kingdom"
"548331","21902","KEY FOB , FRONT  DOOR",24,"3/30/11 13:28",0.65,13047,"United Kingdom"
"548331","21901","KEY FOB , BACK DOOR",24,"3/30/11 13:28",0.65,13047,"United Kingdom"
"548331","21899","KEY FOB , GARAGE DESIGN",24,"3/30/11 13:28",0.65,13047,"United Kingdom"
"548331","21900","KEY FOB , SHED",24,"3/30/11 13:28",0.65,13047,"United Kingdom"
"548331","22077","6 RIBBONS RUSTIC CHARM",12,"3/30/11 13:28",1.65,13047,"United Kingdom"
"548331","85123A","WHITE HANGING HEART T-LIGHT HOLDER",12,"3/30/11 13:28",2.95,13047,"United Kingdom"
"548332","21626","VINTAGE UNION JACK PENNANT",12,"3/30/11 13:39",1.95,15364,"United Kingdom"
"548332","22084","PAPER CHAIN KIT EMPIRE",24,"3/30/11 13:39",2.95,15364,"United Kingdom"
"548332","22499","WOODEN UNION JACK BUNTING",48,"3/30/11 13:39",4.95,15364,"United Kingdom"
"548333","21658","GLASS  BEURRE DISH",12,"3/30/11 13:44",3.95,15189,"United Kingdom"
"548333","85144","JARDIN ETCHED GLASS CHEESE DISH",2,"3/30/11 13:44",7.25,15189,"United Kingdom"
"548333","22697","GREEN REGENCY TEACUP AND SAUCER",12,"3/30/11 13:44",2.95,15189,"United Kingdom"
"548333","22698","PINK REGENCY TEACUP AND SAUCER",12,"3/30/11 13:44",2.95,15189,"United Kingdom"
"548334","21314","SMALL GLASS HEART TRINKET POT",8,"3/30/11 13:56",2.1,18108,"United Kingdom"
"548334","22766","PHOTO FRAME CORNICE",8,"3/30/11 13:56",2.95,18108,"United Kingdom"
"548334","21656","RIDGED GLASS POSY VASE",6,"3/30/11 13:56",1.45,18108,"United Kingdom"
"548334","22457","NATURAL SLATE HEART CHALKBOARD",6,"3/30/11 13:56",2.95,18108,"United Kingdom"
"548334","21313","GLASS HEART T-LIGHT HOLDER",12,"3/30/11 13:56",0.85,18108,"United Kingdom"
"548334","84946","ANTIQUE SILVER T-LIGHT GLASS",12,"3/30/11 13:56",1.25,18108,"United Kingdom"
"548334","22832","BROCANTE SHELF WITH HOOKS",2,"3/30/11 13:56",10.75,18108,"United Kingdom"
"548334","48184","DOORMAT ENGLISH ROSE",2,"3/30/11 13:56",7.95,18108,"United Kingdom"
"548334","21523","DOORMAT FANCY FONT HOME SWEET HOME",2,"3/30/11 13:56",7.95,18108,"United Kingdom"
"548334","22189","CREAM HEART CARD HOLDER",4,"3/30/11 13:56",3.95,18108,"United Kingdom"
"548334","72807A","SET/3 ROSE CANDLE IN JEWELLED BOX",4,"3/30/11 13:56",4.25,18108,"United Kingdom"
"548334","72807C","SET/3 VANILLA SCENTED CANDLE IN BOX",4,"3/30/11 13:56",4.25,18108,"United Kingdom"
"548334","72803A","ROSE SCENT CANDLE JEWELLED DRAWER",4,"3/30/11 13:56",4.25,18108,"United Kingdom"
"548334","23053","RECYCLED ACAPULCO MAT PINK",2,"3/30/11 13:56",8.25,18108,"United Kingdom"
"548334","22497","SET OF 2 TINS VINTAGE BATHROOM",4,"3/30/11 13:56",4.25,18108,"United Kingdom"
"548334","20902","VINTAGE KEEPSAKE BOX PARIS DAYS",2,"3/30/11 13:56",6.35,18108,"United Kingdom"
"548334","20903","VINTAGE KEEPSAKE BOX TRAVELOGUE",2,"3/30/11 13:56",6.35,18108,"United Kingdom"
"548335","22485","SET OF 2 WOODEN MARKET CRATES",2,"3/30/11 13:57",12.75,14272,"United Kingdom"
"548335","22784","LANTERN CREAM GAZEBO",3,"3/30/11 13:57",4.95,14272,"United Kingdom"
"548335","22794","SWEETHEART WIRE MAGAZINE RACK",2,"3/30/11 13:57",7.95,14272,"United Kingdom"
"548335","22759","SET OF 3 NOTEBOOKS IN PARCEL",12,"3/30/11 13:57",1.65,14272,"United Kingdom"
"548335","21986","PACK OF 12 PINK POLKADOT TISSUES",24,"3/30/11 13:57",0.29,14272,"United Kingdom"
"548335","20712","JUMBO BAG WOODLAND ANIMALS",10,"3/30/11 13:57",1.95,14272,"United Kingdom"
"548335","22663","JUMBO BAG DOLLY GIRL DESIGN",10,"3/30/11 13:57",1.95,14272,"United Kingdom"
"548335","22421","LIPSTICK PEN FUSCHIA",24,"3/30/11 13:57",0.42,14272,"United Kingdom"
"548336","22729","ALARM CLOCK BAKELIKE ORANGE",4,"3/30/11 14:06",3.75,13082,"United Kingdom"
"548336","22726","ALARM CLOCK BAKELIKE GREEN",4,"3/30/11 14:06",3.75,13082,"United Kingdom"
"548336","22725","ALARM CLOCK BAKELIKE CHOCOLATE",4,"3/30/11 14:06",3.75,13082,"United Kingdom"
"548336","15036","ASSORTED COLOURS SILK FAN",600,"3/30/11 14:06",0.65,13082,"United Kingdom"
"548337","22178","VICTORIAN GLASS HANGING T-LIGHT",192,"3/30/11 14:06",1.06,18198,"United Kingdom"
"548337","22502","PICNIC BASKET WICKER SMALL",2,"3/30/11 14:06",5.95,18198,"United Kingdom"
"548337","22722","SET OF 6 SPICE TINS PANTRY DESIGN",2,"3/30/11 14:06",3.95,18198,"United Kingdom"
"548337","20725","LUNCH BAG RED RETROSPOT",2,"3/30/11 14:06",1.65,18198,"United Kingdom"
"548337","22382","LUNCH BAG SPACEBOY DESIGN",2,"3/30/11 14:06",1.65,18198,"United Kingdom"
"548337","22662","LUNCH BAG DOLLY GIRL DESIGN",2,"3/30/11 14:06",1.65,18198,"United Kingdom"
"548337","20727","LUNCH BAG  BLACK SKULL.",2,"3/30/11 14:06",1.65,18198,"United Kingdom"
"548337","22384","LUNCH BAG PINK POLKADOT",2,"3/30/11 14:06",1.65,18198,"United Kingdom"
"548337","22383","LUNCH BAG SUKI DESIGN",2,"3/30/11 14:06",1.65,18198,"United Kingdom"
"548337","21094","SET/6 RED SPOTTY PAPER PLATES",4,"3/30/11 14:06",0.85,18198,"United Kingdom"
"548337","21086","SET/6 RED SPOTTY PAPER CUPS",4,"3/30/11 14:06",0.65,18198,"United Kingdom"
"548337","22087","PAPER BUNTING WHITE LACE",6,"3/30/11 14:06",2.95,18198,"United Kingdom"
"548337","21212","PACK OF 72 RETROSPOT CAKE CASES",4,"3/30/11 14:06",0.55,18198,"United Kingdom"
"548337","22553","PLASTERS IN TIN SKULLS",4,"3/30/11 14:06",1.65,18198,"United Kingdom"
"548337","21715","GIRLS VINTAGE TIN SEASIDE BUCKET",2,"3/30/11 14:06",2.55,18198,"United Kingdom"
"548337","21658","GLASS  BEURRE DISH",1,"3/30/11 14:06",3.95,18198,"United Kingdom"
"548338","22693","GROW A FLYTRAP OR SUNFLOWER IN TIN",24,"3/30/11 14:08",1.25,16558,"United Kingdom"
"548338","72741","GRAND CHOCOLATECANDLE",9,"3/30/11 14:08",1.45,16558,"United Kingdom"
"548338","20724","RED RETROSPOT CHARLOTTE BAG",10,"3/30/11 14:08",0.85,16558,"United Kingdom"
"548338","20719","WOODLAND CHARLOTTE BAG",10,"3/30/11 14:08",0.85,16558,"United Kingdom"
"548338","22189","CREAM HEART CARD HOLDER",4,"3/30/11 14:08",3.95,16558,"United Kingdom"
"548338","22188","BLACK HEART CARD HOLDER",4,"3/30/11 14:08",3.95,16558,"United Kingdom"
"548338","21399","BLUE POLKADOT COFFEE MUG",48,"3/30/11 14:08",0.39,16558,"United Kingdom"
"548338","35809A","ENAMEL PINK TEA CONTAINER",12,"3/30/11 14:08",0.83,16558,"United Kingdom"
"548338","35810A","ENAMEL PINK COFFEE CONTAINER",12,"3/30/11 14:08",0.83,16558,"United Kingdom"
"548338","21786","POLKADOT RAIN HAT",24,"3/30/11 14:08",0.42,16558,"United Kingdom"
"548338","22060","LARGE CAKE STAND HANGING HEARTS",8,"3/30/11 14:08",3.95,16558,"United Kingdom"
"548338","37482P","CUBIC MUG PINK POLKADOT",6,"3/30/11 14:08",0.39,16558,"United Kingdom"
"548339","21827",,-42,"3/30/11 14:08",0,,"United Kingdom"
"548340","22595","GINGHAM HEART DECORATION",24,"3/30/11 14:23",0.85,13426,"United Kingdom"
"548340","21407","BROWN CHECK CAT DOORSTOP",3,"3/30/11 14:23",4.25,13426,"United Kingdom"
"548340","21870","I CAN ONLY PLEASE ONE PERSON MUG",24,"3/30/11 14:23",1.25,13426,"United Kingdom"
"548340","85150","LADIES & GENTLEMEN METAL SIGN",12,"3/30/11 14:23",2.55,13426,"United Kingdom"
"548340","21908","CHOCOLATE THIS WAY METAL SIGN",12,"3/30/11 14:23",2.1,13426,"United Kingdom"
"548340","85152","HAND OVER THE CHOCOLATE   SIGN",12,"3/30/11 14:23",2.1,13426,"United Kingdom"
"548340","20914","SET/5 RED RETROSPOT LID GLASS BOWLS",32,"3/30/11 14:23",2.55,13426,"United Kingdom"
"548340","22025","RING OF ROSES BIRTHDAY CARD",12,"3/30/11 14:23",0.42,13426,"United Kingdom"
"548340","22037","ROBOT BIRTHDAY CARD",12,"3/30/11 14:23",0.42,13426,"United Kingdom"
"548340","22718","CARD CAT AND TREE",12,"3/30/11 14:23",0.42,13426,"United Kingdom"
"548340","22717","CARD DOG AND BALL",12,"3/30/11 14:23",0.42,13426,"United Kingdom"
"548340","22819","BIRTHDAY CARD, RETRO SPOT",12,"3/30/11 14:23",0.42,13426,"United Kingdom"
"548340","22030","SWALLOWS GREETING CARD",12,"3/30/11 14:23",0.42,13426,"United Kingdom"
"548340","21519","GIN & TONIC DIET GREETING CARD",12,"3/30/11 14:23",0.42,13426,"United Kingdom"
"548340","22893","MINI CAKE STAND T-LIGHT HOLDER",24,"3/30/11 14:23",0.42,13426,"United Kingdom"
"548340","22712","CARD DOLLY GIRL",12,"3/30/11 14:23",0.42,13426,"United Kingdom"
"548340","22029","SPACEBOY BIRTHDAY CARD",12,"3/30/11 14:23",0.42,13426,"United Kingdom"
"548340","22035","VINTAGE CARAVAN GREETING CARD",12,"3/30/11 14:23",0.42,13426,"United Kingdom"
"548340","22023","EMPIRE BIRTHDAY CARD",12,"3/30/11 14:23",0.42,13426,"United Kingdom"
"548340","22984","CARD GINGHAM ROSE",12,"3/30/11 14:23",0.42,13426,"United Kingdom"
"548340","22033","BOTANICAL ROSE GREETING CARD",12,"3/30/11 14:23",0.42,13426,"United Kingdom"
"548340","22032","BOTANICAL LILY GREETING CARD",12,"3/30/11 14:23",0.42,13426,"United Kingdom"
"C548341","21621","VINTAGE UNION JACK BUNTING",-4,"3/30/11 14:30",8.5,13089,"United Kingdom"
"548349","22087","PAPER BUNTING WHITE LACE",40,"3/30/11 14:39",2.55,15812,"United Kingdom"
"548349","15056N","EDWARDIAN PARASOL NATURAL",60,"3/30/11 14:39",4.95,15812,"United Kingdom"
"548349","47469","ASSORTED SHAPES PHOTO CLIP SILVER",288,"3/30/11 14:39",0.42,15812,"United Kingdom"
"C548350","POST","POSTAGE",-1,"3/30/11 14:49",2.7,15648,"United Kingdom"
"C548350","21621","VINTAGE UNION JACK BUNTING",-6,"3/30/11 14:49",8.5,15648,"United Kingdom"
"548351","22178","VICTORIAN GLASS HANGING T-LIGHT",192,"3/30/11 14:51",1.06,13001,"United Kingdom"
"548351","22284","HEN HOUSE DECORATION",12,"3/30/11 14:51",1.65,13001,"United Kingdom"
"548351","72351B","SET/6 PINK  BUTTERFLY T-LIGHTS",12,"3/30/11 14:51",2.1,13001,"United Kingdom"
"548351","21865","PINK UNION JACK  PASSPORT COVER",6,"3/30/11 14:51",2.1,13001,"United Kingdom"
"548351","21864","UNION JACK FLAG PASSPORT COVER",6,"3/30/11 14:51",2.1,13001,"United Kingdom"
"548351","20978","36 PENCILS TUBE SKULLS",16,"3/30/11 14:51",1.25,13001,"United Kingdom"
"548351","22241","GARLAND WOODEN HAPPY EASTER",24,"3/30/11 14:51",1.25,13001,"United Kingdom"
"548351","22288","HANGING METAL RABBIT DECORATION",24,"3/30/11 14:51",1.25,13001,"United Kingdom"
"548351","22266","EASTER DECORATION HANGING BUNNY",24,"3/30/11 14:51",0.65,13001,"United Kingdom"
"548351","22287","DECORATION , WOBBLY CHICKEN, METAL",12,"3/30/11 14:51",1.65,13001,"United Kingdom"
"548351","22247","BUNNY DECORATION MAGIC GARDEN",16,"3/30/11 14:51",0.85,13001,"United Kingdom"
"548351","22989","SET 2 PANTRY DESIGN TEA TOWELS",6,"3/30/11 14:51",3.25,13001,"United Kingdom"
"548351","21974","SET OF 36 PAISLEY FLOWER DOILIES",12,"3/30/11 14:51",1.45,13001,"United Kingdom"
"548351","82583","HOT BATHS METAL SIGN",12,"3/30/11 14:51",2.1,13001,"United Kingdom"
"548351","22291","HANGING CHICK CREAM DECORATION",24,"3/30/11 14:51",1.45,13001,"United Kingdom"
"548351","47566","PARTY BUNTING",50,"3/30/11 14:51",4.15,13001,"United Kingdom"
"548351","21363","HOME SMALL WOOD LETTERS",3,"3/30/11 14:51",4.95,13001,"United Kingdom"
"548351","21931","JUMBO STORAGE BAG SUKI",10,"3/30/11 14:51",1.95,13001,"United Kingdom"
"548351","21929","JUMBO BAG PINK VINTAGE PAISLEY",10,"3/30/11 14:51",1.95,13001,"United Kingdom"
"548351","85099B","JUMBO BAG RED RETROSPOT",10,"3/30/11 14:51",1.95,13001,"United Kingdom"
"548351","21035","SET/2 RED RETROSPOT TEA TOWELS",6,"3/30/11 14:51",3.25,13001,"United Kingdom"
"548351","21041","RED RETROSPOT OVEN GLOVE DOUBLE",6,"3/30/11 14:51",2.95,13001,"United Kingdom"
"548351","21042","RED RETROSPOT APRON",3,"3/30/11 14:51",5.95,13001,"United Kingdom"
"548351","21155","RED RETROSPOT PEG BAG",6,"3/30/11 14:51",2.55,13001,"United Kingdom"
"C548352","22179","SET 10 LIGHTS NIGHT OWL",-1,"3/30/11 14:57",6.75,12921,"United Kingdom"
"548353","22293","HANGING CHICK GREEN DECORATION",24,"3/30/11 15:05",1.45,15980,"United Kingdom"
"548353","22291","HANGING CHICK CREAM DECORATION",24,"3/30/11 15:05",1.45,15980,"United Kingdom"
"548353","22855","FINE WICKER HEART",96,"3/30/11 15:05",1.06,15980,"United Kingdom"
"548353","22668","PINK BABY BUNTING",50,"3/30/11 15:05",2.55,15980,"United Kingdom"
"548353","22553","PLASTERS IN TIN SKULLS",12,"3/30/11 15:05",1.65,15980,"United Kingdom"
"548353","22676","FRENCH BLUE METAL DOOR SIGN 1",40,"3/30/11 15:05",1.25,15980,"United Kingdom"
"548353","22677","FRENCH BLUE METAL DOOR SIGN 2",15,"3/30/11 15:05",1.25,15980,"United Kingdom"
"548353","22678","FRENCH BLUE METAL DOOR SIGN 3",15,"3/30/11 15:05",1.25,15980,"United Kingdom"
"548353","22679","FRENCH BLUE METAL DOOR SIGN 4",15,"3/30/11 15:05",1.25,15980,"United Kingdom"
"548353","22680","FRENCH BLUE METAL DOOR SIGN 5",15,"3/30/11 15:05",1.25,15980,"United Kingdom"
"548353","22681","FRENCH BLUE METAL DOOR SIGN 6",15,"3/30/11 15:05",1.25,15980,"United Kingdom"
"548353","22682","FRENCH BLUE METAL DOOR SIGN 7",15,"3/30/11 15:05",1.25,15980,"United Kingdom"
"548353","22683","FRENCH BLUE METAL DOOR SIGN 8",15,"3/30/11 15:05",1.25,15980,"United Kingdom"
"548353","22684","FRENCH BLUE METAL DOOR SIGN 9",15,"3/30/11 15:05",1.25,15980,"United Kingdom"
"548353","22685","FRENCH BLUE METAL DOOR SIGN 0",40,"3/30/11 15:05",1.25,15980,"United Kingdom"
"548353","22670","FRENCH WC SIGN BLUE METAL",24,"3/30/11 15:05",1.25,15980,"United Kingdom"
"548353","21181","PLEASE ONE PERSON METAL SIGN",36,"3/30/11 15:05",2.1,15980,"United Kingdom"
"548353","82582","AREA PATROLLED METAL SIGN",18,"3/30/11 15:05",2.1,15980,"United Kingdom"
"548353","21165","BEWARE OF THE CAT METAL SIGN",12,"3/30/11 15:05",1.69,15980,"United Kingdom"
"548353","84077","WORLD WAR 2 GLIDERS ASSTD DESIGNS",96,"3/30/11 15:05",0.29,15980,"United Kingdom"
"548354","22433","WATERING CAN GREEN DINOSAUR",48,"3/30/11 15:06",1.65,15981,"United Kingdom"
"548354","22431","WATERING CAN BLUE ELEPHANT",48,"3/30/11 15:06",1.65,15981,"United Kingdom"
"548354","22949","36 DOILIES DOLLY GIRL",12,"3/30/11 15:06",1.45,15981,"United Kingdom"
"548354","22303","COFFEE MUG APPLES DESIGN",36,"3/30/11 15:06",2.1,15981,"United Kingdom"
"548354","22302","COFFEE MUG PEARS  DESIGN",36,"3/30/11 15:06",2.1,15981,"United Kingdom"
"548354","22084","PAPER CHAIN KIT EMPIRE",40,"3/30/11 15:06",2.55,15981,"United Kingdom"
"548354","84988","SET OF 72 PINK HEART PAPER DOILIES",12,"3/30/11 15:06",1.45,15981,"United Kingdom"
"548354","21972","SET OF 36 DINOSAUR PAPER DOILIES",12,"3/30/11 15:06",1.45,15981,"United Kingdom"
"548354","21210","SET OF 72 RETROSPOT PAPER  DOILIES",12,"3/30/11 15:06",1.45,15981,"United Kingdom"
"548354","21977","PACK OF 60 PINK PAISLEY CAKE CASES",24,"3/30/11 15:06",0.55,15981,"United Kingdom"
"548354","21975","PACK OF 60 DINOSAUR CAKE CASES",24,"3/30/11 15:06",0.55,15981,"United Kingdom"
"548354","21212","PACK OF 72 RETROSPOT CAKE CASES",24,"3/30/11 15:06",0.55,15981,"United Kingdom"
"548354","22432","WATERING CAN PINK BUNNY",48,"3/30/11 15:06",1.65,15981,"United Kingdom"
"C548355","22748","POPPY'S PLAYHOUSE KITCHEN",-6,"3/30/11 15:06",2.1,12921,"United Kingdom"
"C548355","22698","PINK REGENCY TEACUP AND SAUCER",-6,"3/30/11 15:06",2.95,12921,"United Kingdom"
"C548355","22697","GREEN REGENCY TEACUP AND SAUCER",-6,"3/30/11 15:06",2.95,12921,"United Kingdom"
"C548355","22561","WOODEN SCHOOL COLOURING SET",-12,"3/30/11 15:06",1.65,12921,"United Kingdom"
"C548355","22423","REGENCY CAKESTAND 3 TIER",-1,"3/30/11 15:06",12.75,12921,"United Kingdom"
"C548356","22467","GUMBALL COAT RACK",-9,"3/30/11 15:12",2.55,12472,"Germany"
"C548356","22423","REGENCY CAKESTAND 3 TIER",-1,"3/30/11 15:12",12.75,12472,"Germany"
"C548356","22326","ROUND SNACK BOXES SET OF4 WOODLAND",-1,"3/30/11 15:12",2.95,12472,"Germany"
"C548356","22444","GROW YOUR OWN PLANT IN A CAN",-3,"3/30/11 15:12",1.25,12472,"Germany"
"C548356","21731","RED TOADSTOOL LED NIGHT LIGHT",-2,"3/30/11 15:12",1.65,12472,"Germany"
"C548356","21559","STRAWBERRY LUNCH BOX WITH CUTLERY",-3,"3/30/11 15:12",2.55,12472,"Germany"
"C548356","21383","PACK OF 12 STICKY BUNNIES",-2,"3/30/11 15:12",0.65,12472,"Germany"
"C548357","22423","REGENCY CAKESTAND 3 TIER",-1,"3/30/11 15:14",10.95,15785,"United Kingdom"
"548358","47559B","TEA TIME OVEN GLOVE",10,"3/30/11 15:29",1.25,15832,"United Kingdom"
"548358","37448","CERAMIC CAKE DESIGN SPOTTED MUG",12,"3/30/11 15:29",1.49,15832,"United Kingdom"
"548358","37447","CERAMIC CAKE DESIGN SPOTTED PLATE",12,"3/30/11 15:29",1.49,15832,"United Kingdom"
"548358","47580","TEA TIME DES TEA COSY",6,"3/30/11 15:29",2.55,15832,"United Kingdom"
"548358","47585A","PINK FAIRY CAKE CUSHION COVER",4,"3/30/11 15:29",3.75,15832,"United Kingdom"
"548358","15060B","FAIRY CAKE DESIGN UMBRELLA",4,"3/30/11 15:29",3.75,15832,"United Kingdom"
"548358","21231","SWEETHEART CERAMIC TRINKET BOX",12,"3/30/11 15:29",1.25,15832,"United Kingdom"
"548358","22644","CERAMIC CHERRY CAKE MONEY BANK",12,"3/30/11 15:29",1.45,15832,"United Kingdom"
"548358","22646","CERAMIC STRAWBERRY CAKE MONEY BANK",12,"3/30/11 15:29",1.45,15832,"United Kingdom"
"548358","22637","PIGGY BANK RETROSPOT",4,"3/30/11 15:29",2.55,15832,"United Kingdom"
"548358","22650","CERAMIC PIRATE CHEST MONEY BANK",12,"3/30/11 15:29",1.45,15832,"United Kingdom"
"548358","21556","CERAMIC STRAWBERRY MONEY BOX",6,"3/30/11 15:29",2.55,15832,"United Kingdom"
"548358","21622","VINTAGE UNION JACK CUSHION COVER",4,"3/30/11 15:29",4.95,15832,"United Kingdom"
"548358","20665","RED RETROSPOT PURSE",6,"3/30/11 15:29",2.95,15832,"United Kingdom"
"548358","20718","RED RETROSPOT SHOPPER BAG",10,"3/30/11 15:29",1.25,15832,"United Kingdom"
"548358","21041","RED RETROSPOT OVEN GLOVE DOUBLE",6,"3/30/11 15:29",2.95,15832,"United Kingdom"
"548358","21035","SET/2 RED RETROSPOT TEA TOWELS",6,"3/30/11 15:29",3.25,15832,"United Kingdom"
"548358","21154","RED RETROSPOT OVEN GLOVE",10,"3/30/11 15:29",1.25,15832,"United Kingdom"
"548358","21844","RED RETROSPOT MUG",6,"3/30/11 15:29",2.95,15832,"United Kingdom"
"548358","22072","RED RETROSPOT TEA CUP AND SAUCER",4,"3/30/11 15:29",3.75,15832,"United Kingdom"
"548358","22090","PAPER BUNTING RETROSPOT",6,"3/30/11 15:29",2.95,15832,"United Kingdom"
"548358","22348","TEA BAG PLATE RED RETROSPOT",12,"3/30/11 15:29",0.85,15832,"United Kingdom"
"548358","22508","DOORSTOP RETROSPOT HEART",4,"3/30/11 15:29",3.75,15832,"United Kingdom"
"548358","21528","DAIRY MAID TRADITIONAL TEAPOT",2,"3/30/11 15:29",6.95,15832,"United Kingdom"
"548358","21845","DAIRY MAID STRIPE MUG",6,"3/30/11 15:29",2.95,15832,"United Kingdom"
"548358","22308","TEA COSY BLUE STRIPE",6,"3/30/11 15:29",2.55,15832,"United Kingdom"
"548358","21534","DAIRY MAID LARGE MILK JUG",3,"3/30/11 15:29",4.95,15832,"United Kingdom"
"548358","22132","RED LOVE HEART SHAPE CUP",12,"3/30/11 15:29",0.85,15832,"United Kingdom"
"548358","22136","LOVE HEART SOCK HANGER",12,"3/30/11 15:29",1.65,15832,"United Kingdom"
"548358","22195","LARGE HEART MEASURING SPOONS",12,"3/30/11 15:29",1.65,15832,"United Kingdom"
"548358","22196","SMALL HEART MEASURING SPOONS",12,"3/30/11 15:29",0.85,15832,"United Kingdom"
"548358","22318","FIVE HEART HANGING DECORATION",6,"3/30/11 15:29",2.95,15832,"United Kingdom"
"548358","22647","CERAMIC LOVE HEART MONEY BANK",12,"3/30/11 15:29",1.45,15832,"United Kingdom"
"548358","70006","LOVE HEART POCKET WARMER",12,"3/30/11 15:29",1.65,15832,"United Kingdom"
"548358","82095","HEART BUTTONS JEWELLERY BOX",2,"3/30/11 15:29",7.65,15832,"United Kingdom"
"548358","84050","PINK HEART SHAPE EGG FRYING PAN",6,"3/30/11 15:29",1.65,15832,"United Kingdom"
"548358","84378","SET OF 3 HEART COOKIE CUTTERS",12,"3/30/11 15:29",1.25,15832,"United Kingdom"
"548358","84970L","SINGLE HEART ZINC T-LIGHT HOLDER",12,"3/30/11 15:29",0.95,15832,"United Kingdom"
"548358","85020","ROUND PINK HEART MIRROR",6,"3/30/11 15:29",2.1,15832,"United Kingdom"
"548358","22305","COFFEE MUG PINK PAISLEY DESIGN",6,"3/30/11 15:29",2.55,15832,"United Kingdom"
"548358","22276","WASH BAG VINTAGE ROSE PAISLEY",6,"3/30/11 15:29",2.55,15832,"United Kingdom"
"548358","22277","COSMETIC BAG VINTAGE ROSE PAISLEY",6,"3/30/11 15:29",2.1,15832,"United Kingdom"
"548358","22557","PLASTERS IN TIN VINTAGE PAISLEY",12,"3/30/11 15:29",1.65,15832,"United Kingdom"
"548358","21929","JUMBO BAG PINK VINTAGE PAISLEY",10,"3/30/11 15:29",1.95,15832,"United Kingdom"
"548358","21786","POLKADOT RAIN HAT",24,"3/30/11 15:29",0.42,15832,"United Kingdom"
"548358","21581","SKULLS  DESIGN  COTTON TOTE BAG",6,"3/30/11 15:29",2.25,15832,"United Kingdom"
"548358","21934","SKULL SHOULDER BAG",10,"3/30/11 15:29",1.65,15832,"United Kingdom"
"548358","22553","PLASTERS IN TIN SKULLS",12,"3/30/11 15:29",1.65,15832,"United Kingdom"
"548358","21068","VINTAGE BILLBOARD LOVE/HATE MUG",12,"3/30/11 15:29",1.25,15832,"United Kingdom"
"548358","21875","KINGS CHOICE MUG",12,"3/30/11 15:29",1.25,15832,"United Kingdom"
"548358","62018","SOMBRERO",6,"3/30/11 15:29",1.95,15832,"United Kingdom"
"548358","79066K","RETRO MOD TRAY",10,"3/30/11 15:29",0.85,15832,"United Kingdom"
"548358","22595","GINGHAM HEART DECORATION",12,"3/30/11 15:29",0.85,15832,"United Kingdom"
"548358","22060","LARGE CAKE STAND HANGING HEARTS",8,"3/30/11 15:29",3.95,15832,"United Kingdom"
"548359","21790","VINTAGE SNAP CARDS",72,"3/30/11 15:31",0.72,14828,"United Kingdom"
"548359","21917","SET 12 KIDS  WHITE CHALK STICKS",24,"3/30/11 15:31",0.42,14828,"United Kingdom"
"548359","15036","ASSORTED COLOURS SILK FAN",600,"3/30/11 15:31",0.72,14828,"United Kingdom"
"C548360","22356","CHARLOTTE BAG PINK POLKADOT",-1,"3/30/11 15:35",0.85,13534,"United Kingdom"
"C548360","21929","JUMBO BAG PINK VINTAGE PAISLEY",-1,"3/30/11 15:35",2.08,13534,"United Kingdom"
"548361","85132A","CHARLIE + LOLA BISCUITS TINS",2,"3/30/11 15:38",9.95,16092,"United Kingdom"
"548361","84535B","FAIRY CAKES NOTEBOOK A6 SIZE",16,"3/30/11 15:38",0.65,16092,"United Kingdom"
"548361","22993","SET OF 4 PANTRY JELLY MOULDS",12,"3/30/11 15:38",1.25,16092,"United Kingdom"
"548361","23126","FELTCRAFT GIRL AMELIE KIT",4,"3/30/11 15:38",4.95,16092,"United Kingdom"
"548361","21356","TOAST ITS - FAIRY FLOWER",12,"3/30/11 15:38",1.25,16092,"United Kingdom"
"548361","22273","FELTCRAFT DOLL MOLLY",6,"3/30/11 15:38",2.95,16092,"United Kingdom"
"548361","22139","RETROSPOT TEA SET CERAMIC 11 PC",3,"3/30/11 15:38",4.95,16092,"United Kingdom"
"548361","20972","PINK CREAM FELT CRAFT TRINKET BOX",12,"3/30/11 15:38",1.25,16092,"United Kingdom"
"548361","22149","FELTCRAFT 6 FLOWER FRIENDS",6,"3/30/11 15:38",2.1,16092,"United Kingdom"
"548361","21977","PACK OF 60 PINK PAISLEY CAKE CASES",24,"3/30/11 15:38",0.55,16092,"United Kingdom"
"548361","85172","HYACINTH BULB T-LIGHT CANDLES",16,"3/30/11 15:38",0.42,16092,"United Kingdom"
"548361","21232","STRAWBERRY CERAMIC TRINKET BOX",12,"3/30/11 15:38",1.25,16092,"United Kingdom"
"548361","84380","SET OF 3 BUTTERFLY COOKIE CUTTERS",12,"3/30/11 15:38",1.25,16092,"United Kingdom"
"548361","22969","HOMEMADE JAM SCENTED CANDLES",12,"3/30/11 15:38",1.45,16092,"United Kingdom"
"548361","72760B","VINTAGE CREAM 3 BASKET CAKE STAND",2,"3/30/11 15:38",9.95,16092,"United Kingdom"
"548361","22090","PAPER BUNTING RETROSPOT",6,"3/30/11 15:38",2.95,16092,"United Kingdom"
"548361","22951","60 CAKE CASES DOLLY GIRL DESIGN",24,"3/30/11 15:38",0.55,16092,"United Kingdom"
"548361","84378","SET OF 3 HEART COOKIE CUTTERS",12,"3/30/11 15:38",1.25,16092,"United Kingdom"
"548361","22982","PANTRY PASTRY BRUSH",12,"3/30/11 15:38",1.25,16092,"United Kingdom"
"548361","22978","PANTRY ROLLING PIN",6,"3/30/11 15:38",3.75,16092,"United Kingdom"
"C548362","22355","CHARLOTTE BAG SUKI DESIGN",-10,"3/30/11 15:40",0.85,13268,"United Kingdom"
"548363","21395","BLUE POLKADOT BEAKER",48,"3/30/11 15:48",0.39,12428,"Finland"
"548363","21399","BLUE POLKADOT COFFEE MUG",48,"3/30/11 15:48",0.39,12428,"Finland"
"548363","21394","RED POLKADOT BEAKER",48,"3/30/11 15:48",0.39,12428,"Finland"
"548363","21398","RED POLKADOT COFFEE  MUG",48,"3/30/11 15:48",0.39,12428,"Finland"
"548363","21402","RED  EGG  SPOON",24,"3/30/11 15:48",0.12,12428,"Finland"
"548363","21403","BLUE EGG  SPOON",24,"3/30/11 15:48",0.12,12428,"Finland"
"548363","35809A","ENAMEL PINK TEA CONTAINER",24,"3/30/11 15:48",0.83,12428,"Finland"
"548363","35810A","ENAMEL PINK COFFEE CONTAINER",24,"3/30/11 15:48",0.83,12428,"Finland"
"548363","37342","POLKADOT COFFEE CUP & SAUCER PINK",48,"3/30/11 15:48",0.79,12428,"Finland"
"548363","POST","POSTAGE",10,"3/30/11 15:48",40,12428,"Finland"
"548364","21095",,53,"3/30/11 15:49",0,,"United Kingdom"
"548365","79172D",,-7,"3/30/11 15:49",0,,"United Kingdom"
"548366","84678",,-33,"3/30/11 15:50",0,,"United Kingdom"
"548367","22197","SMALL POPCORN HOLDER",12,"3/30/11 15:51",0.85,17677,"United Kingdom"
"548367","23231","WRAP DOILEY DESIGN",25,"3/30/11 15:51",0.42,17677,"United Kingdom"
"548367","84212","ASSORTED FLOWER COLOUR ""LEIS""",24,"3/30/11 15:51",0.65,17677,"United Kingdom"
"548367","22256","FELT FARM ANIMAL CHICKEN",12,"3/30/11 15:51",1.25,17677,"United Kingdom"
"548367","21383","PACK OF 12 STICKY BUNNIES",12,"3/30/11 15:51",0.65,17677,"United Kingdom"
"548367","21206","STRAWBERRY HONEYCOMB  GARLAND",48,"3/30/11 15:51",1.45,17677,"United Kingdom"
"548367","20727","LUNCH BAG  BLACK SKULL.",100,"3/30/11 15:51",1.45,17677,"United Kingdom"
"548367","20726","LUNCH BAG WOODLAND",100,"3/30/11 15:51",1.45,17677,"United Kingdom"
"548367","20728","LUNCH BAG CARS BLUE",100,"3/30/11 15:51",1.45,17677,"United Kingdom"
"548367","21731","RED TOADSTOOL LED NIGHT LIGHT",12,"3/30/11 15:51",1.65,17677,"United Kingdom"
"548367","85099C","JUMBO  BAG BAROQUE BLACK WHITE",100,"3/30/11 15:51",1.65,17677,"United Kingdom"
"548367","85099F","JUMBO BAG STRAWBERRY",100,"3/30/11 15:51",1.65,17677,"United Kingdom"
"548367","85099B","JUMBO BAG RED RETROSPOT",100,"3/30/11 15:51",1.65,17677,"United Kingdom"
"548367","22726","ALARM CLOCK BAKELIKE GREEN",4,"3/30/11 15:51",3.75,17677,"United Kingdom"
"548367","22998","TRAVEL CARD WALLET KEEP CALM",24,"3/30/11 15:51",0.42,17677,"United Kingdom"
"548367","23076","ICE CREAM SUNDAE LIP GLOSS",24,"3/30/11 15:51",1.25,17677,"United Kingdom"
"548367","22980","PANTRY SCRUBBING BRUSH",12,"3/30/11 15:51",1.65,17677,"United Kingdom"
"548367","22727","ALARM CLOCK BAKELIKE RED",4,"3/30/11 15:51",3.75,17677,"United Kingdom"
"548367","23053","RECYCLED ACAPULCO MAT PINK",2,"3/30/11 15:51",8.25,17677,"United Kingdom"
"548367","23050","RECYCLED ACAPULCO MAT GREEN",2,"3/30/11 15:51",8.25,17677,"United Kingdom"
"548367","23051","RECYCLED ACAPULCO MAT BLUE",2,"3/30/11 15:51",8.25,17677,"United Kingdom"
"548367","21056","DOCTOR'S BAG SOFT TOY",2,"3/30/11 15:51",8.95,17677,"United Kingdom"
"548367","22087","PAPER BUNTING WHITE LACE",40,"3/30/11 15:51",2.55,17677,"United Kingdom"
"548368","23158","SET OF 5 LUCKY CAT MAGNETS",12,"3/30/11 15:52",2.08,17677,"United Kingdom"
"548368","23155","KNICKERBOCKERGLORY MAGNET ASSORTED",12,"3/30/11 15:52",0.83,17677,"United Kingdom"
"548368","23194","GYMKHANNA TREASURE BOOK BOX",8,"3/30/11 15:52",2.25,17677,"United Kingdom"
"548368","23176","ABC TREASURE BOOK BOX",8,"3/30/11 15:52",2.25,17677,"United Kingdom"
"548369","84683",,-6,"3/30/11 16:00",0,,"United Kingdom"
"548370","90002D","FLOWER BURST SILVER RING CRYSTAL",1,"3/30/11 16:14",3.75,15528,"United Kingdom"
"548370","46000S","POLYESTER FILLER PAD 40x40cm",40,"3/30/11 16:14",1.45,15528,"United Kingdom"
"548370","46000M","POLYESTER FILLER PAD 45x45cm",10,"3/30/11 16:14",1.55,15528,"United Kingdom"
"548370","84945","MULTI COLOUR SILVER T-LIGHT HOLDER",1,"3/30/11 16:14",0.85,15528,"United Kingdom"
"548370","20712","JUMBO BAG WOODLAND ANIMALS",2,"3/30/11 16:14",2.08,15528,"United Kingdom"
"548370","22386","JUMBO BAG PINK POLKADOT",2,"3/30/11 16:14",2.08,15528,"United Kingdom"
"548370","21383","PACK OF 12 STICKY BUNNIES",10,"3/30/11 16:14",0.65,15528,"United Kingdom"
"548370","21381","MINI WOODEN HAPPY BIRTHDAY GARLAND",24,"3/30/11 16:14",1.69,15528,"United Kingdom"
"548370","21389","IVORY HANGING DECORATION  BIRD",1,"3/30/11 16:14",0.85,15528,"United Kingdom"
"548370","22427","ENAMEL FLOWER JUG CREAM",1,"3/30/11 16:14",5.95,15528,"United Kingdom"
"548370","20974","12 PENCILS SMALL TUBE SKULL",1,"3/30/11 16:14",0.65,15528,"United Kingdom"
"548370","21619","4 VANILLA BOTANICAL CANDLES",4,"3/30/11 16:14",3.75,15528,"United Kingdom"
"548370","22163","HEART STRING MEMO HOLDER HANGING",1,"3/30/11 16:14",2.95,15528,"United Kingdom"
"548370","21750","LARGE SKULL WINDMILL",1,"3/30/11 16:14",2.1,15528,"United Kingdom"
"548370","21385","IVORY HANGING DECORATION  HEART",1,"3/30/11 16:14",0.85,15528,"United Kingdom"
"548370","21710","FOLDING UMBRELLA PINKWHITE POLKADOT",1,"3/30/11 16:14",4.95,15528,"United Kingdom"
"548370","22295","HEART FILIGREE DOVE LARGE",1,"3/30/11 16:14",1.65,15528,"United Kingdom"
"548370","22522","CHILDS GARDEN FORK BLUE",1,"3/30/11 16:14",0.85,15528,"United Kingdom"
"548370","22521","CHILDS GARDEN TROWEL PINK",1,"3/30/11 16:14",0.85,15528,"United Kingdom"
"548370","84949","SILVER HANGING T-LIGHT HOLDER",1,"3/30/11 16:14",1.65,15528,"United Kingdom"
"548370","22487","WHITE WOOD GARDEN PLANT LADDER",1,"3/30/11 16:14",9.95,15528,"United Kingdom"
"548370","22109","FULL ENGLISH BREAKFAST PLATE",6,"3/30/11 16:14",3.75,15528,"United Kingdom"
"548370","20677","PINK POLKADOT BOWL",4,"3/30/11 16:14",1.25,15528,"United Kingdom"
"548370","22078","RIBBON REEL LACE DESIGN",5,"3/30/11 16:14",2.1,15528,"United Kingdom"
"548370","84050","PINK HEART SHAPE EGG FRYING PAN",1,"3/30/11 16:14",1.65,15528,"United Kingdom"
"548370","22794","SWEETHEART WIRE MAGAZINE RACK",1,"3/30/11 16:14",7.95,15528,"United Kingdom"
"548371","21240","BLUE POLKADOT CUP",350,"3/30/11 16:28",0.72,17757,"United Kingdom"
"548371","22427","ENAMEL FLOWER JUG CREAM",12,"3/30/11 16:28",5.45,17757,"United Kingdom"
"548371","22933","BAKING MOULD EASTER EGG MILK CHOC",2,"3/30/11 16:28",2.95,17757,"United Kingdom"
"548371","22084","PAPER CHAIN KIT EMPIRE",3,"3/30/11 16:28",2.95,17757,"United Kingdom"
"548371","22502","PICNIC BASKET WICKER SMALL",2,"3/30/11 16:28",5.95,17757,"United Kingdom"
"548371","22678","FRENCH BLUE METAL DOOR SIGN 3",2,"3/30/11 16:28",1.25,17757,"United Kingdom"
"548371","22680","FRENCH BLUE METAL DOOR SIGN 5",1,"3/30/11 16:28",1.25,17757,"United Kingdom"
"548371","22682","FRENCH BLUE METAL DOOR SIGN 7",2,"3/30/11 16:28",1.25,17757,"United Kingdom"
"548371","22197","SMALL POPCORN HOLDER",4,"3/30/11 16:28",0.85,17757,"United Kingdom"
"548372","23077","DOUGHNUT LIP GLOSS",24,"3/30/11 16:34",1.25,14572,"United Kingdom"
"548372","22423","REGENCY CAKESTAND 3 TIER",6,"3/30/11 16:34",12.75,14572,"United Kingdom"
"548372","37449","CERAMIC CAKE STAND + HANGING CAKES",1,"3/30/11 16:34",9.95,14572,"United Kingdom"
"548373","21090","SET/6 COLLAGE PAPER PLATES",7,"3/30/11 16:34",0.83,,"United Kingdom"
"548373","21094","SET/6 RED SPOTTY PAPER PLATES",1,"3/30/11 16:34",0.83,,"United Kingdom"
"548373","21137","BLACK RECORD COVER FRAME",6,"3/30/11 16:34",7.46,,"United Kingdom"
"548373","21171","BATHROOM METAL SIGN",1,"3/30/11 16:34",3.29,,"United Kingdom"
"548373","21179","NO JUNK MAIL METAL SIGN",2,"3/30/11 16:34",1.63,,"United Kingdom"
"548373","21181","PLEASE ONE PERSON METAL SIGN",1,"3/30/11 16:34",4.13,,"United Kingdom"
"548373","21212","PACK OF 72 RETROSPOT CAKE CASES",1,"3/30/11 16:34",1.25,,"United Kingdom"
"548373","21224","SET/4 SKULL BADGES",1,"3/30/11 16:34",0.83,,"United Kingdom"
"548373","21257","VICTORIAN SEWING BOX MEDIUM",1,"3/30/11 16:34",15.79,,"United Kingdom"
"548373","21272","SALLE DE BAIN HOOK",1,"3/30/11 16:34",2.46,,"United Kingdom"
"548373","21289","LARGE STRIPES CHOCOLATE GIFT BAG",1,"3/30/11 16:34",1.25,,"United Kingdom"
"548373","21313","GLASS HEART T-LIGHT HOLDER",2,"3/30/11 16:34",1.63,,"United Kingdom"
"548373","21316","SMALL CHUNKY GLASS ROMAN  BOWL",3,"3/30/11 16:34",5.79,,"United Kingdom"
"548373","21332","MOROCCAN BEATEN METAL MIRROR",1,"3/30/11 16:34",24.96,,"United Kingdom"
"548373","21354","TOAST ITS - BEST MUM",1,"3/30/11 16:34",2.46,,"United Kingdom"
"548373","21363","HOME SMALL WOOD LETTERS",1,"3/30/11 16:34",10.79,,"United Kingdom"
"548373","21383","PACK OF 12 STICKY BUNNIES",8,"3/30/11 16:34",1.63,,"United Kingdom"
"548373","21390","FILIGRIS HEART WITH BUTTERFLY",1,"3/30/11 16:34",2.46,,"United Kingdom"
"548373","21417","COCKLE SHELL DISH",2,"3/30/11 16:34",4.13,,"United Kingdom"
"548373","21454","PAINTED PINK RABBIT",1,"3/30/11 16:34",0.83,,"United Kingdom"
"548373","21468","BUTTERFLY CROCHET FOOD COVER",1,"3/30/11 16:34",7.46,,"United Kingdom"
"548373","21507","ELEPHANT, BIRTHDAY CARD,",1,"3/30/11 16:34",0.83,,"United Kingdom"
"548373","21508","VINTAGE KID DOLLY CARD",1,"3/30/11 16:34",0.83,,"United Kingdom"
"548373","21519","GIN & TONIC DIET GREETING CARD",1,"3/30/11 16:34",0.83,,"United Kingdom"
"548373","21562","HAWAIIAN GRASS SKIRT",1,"3/30/11 16:34",4.13,,"United Kingdom"
"548373","21564","PINK  HEART SHAPE LOVE BUCKET",1,"3/30/11 16:34",5.79,,"United Kingdom"
"548373","21621","VINTAGE UNION JACK BUNTING",1,"3/30/11 16:34",8.5,,"United Kingdom"
"548373","21654","RIDGED GLASS FINGER BOWL",2,"3/30/11 16:34",3.29,,"United Kingdom"
"548373","21658","GLASS  BEURRE DISH",1,"3/30/11 16:34",8.29,,"United Kingdom"
"548373","21666","RIDGED GLASS T-LIGHT HOLDER",1,"3/30/11 16:34",1.63,,"United Kingdom"
"548373","21693","SMALL HAMMERED SILVER CANDLEPOT",1,"3/30/11 16:34",5.79,,"United Kingdom"
"548373","21696","SMALL SILVER TRELLIS CANDLEPOT",1,"3/30/11 16:34",5.79,,"United Kingdom"
"548373","21714","CITRONELLA CANDLE GARDEN POT",3,"3/30/11 16:34",2.46,,"United Kingdom"
"548373","21731","RED TOADSTOOL LED NIGHT LIGHT",2,"3/30/11 16:34",3.29,,"United Kingdom"
"548373","21733","RED HANGING HEART T-LIGHT HOLDER",1,"3/30/11 16:34",5.79,,"United Kingdom"
"548373","21746","SMALL RED RETROSPOT WINDMILL",2,"3/30/11 16:34",2.46,,"United Kingdom"
"548373","21749","LARGE RED RETROSPOT WINDMILL",1,"3/30/11 16:34",4.13,,"United Kingdom"
"548373","21755","LOVE BUILDING BLOCK WORD",2,"3/30/11 16:34",11.63,,"United Kingdom"
"548373","21811","HANGING HEART WITH BELL",1,"3/30/11 16:34",2.46,,"United Kingdom"
"548373","21812","GARLAND WITH HEARTS AND BELLS",1,"3/30/11 16:34",9.96,,"United Kingdom"
"548373","21871","SAVE THE PLANET MUG",1,"3/30/11 16:34",3.29,,"United Kingdom"
"548373","21877","HOME SWEET HOME MUG",1,"3/30/11 16:34",3.29,,"United Kingdom"
"548373","21878","PACK OF 6 SANDCASTLE FLAGS ASSORTED",1,"3/30/11 16:34",1.63,,"United Kingdom"
"548373","21884","CAKES AND BOWS GIFT  TAPE",1,"3/30/11 16:34",1.63,,"United Kingdom"
"548373","21900","KEY FOB , SHED",1,"3/30/11 16:34",1.63,,"United Kingdom"
"548373","21902","KEY FOB , FRONT  DOOR",1,"3/30/11 16:34",1.63,,"United Kingdom"
"548373","21905","MORE BUTTER METAL SIGN",1,"3/30/11 16:34",1.63,,"United Kingdom"
"548373","21907","I'M ON HOLIDAY METAL SIGN",1,"3/30/11 16:34",4.13,,"United Kingdom"
"548373","21922","UNION STRIPE WITH FRINGE  HAMMOCK",1,"3/30/11 16:34",16.63,,"United Kingdom"
"548373","21928","JUMBO BAG SCANDINAVIAN BLUE PAISLEY",6,"3/30/11 16:34",4.13,,"United Kingdom"
"548373","21929","JUMBO BAG PINK VINTAGE PAISLEY",14,"3/30/11 16:34",2.08,,"United Kingdom"
"548373","21931","JUMBO STORAGE BAG SUKI",2,"3/30/11 16:34",4.13,,"United Kingdom"
"548373","21935","SUKI  SHOULDER BAG",1,"3/30/11 16:34",3.29,,"United Kingdom"
"548373","21937","STRAWBERRY   PICNIC BAG",1,"3/30/11 16:34",5.79,,"United Kingdom"
"548373","21986","PACK OF 12 PINK POLKADOT TISSUES",1,"3/30/11 16:34",0.83,,"United Kingdom"
"548373","21990","MODERN FLORAL STATIONERY SET",1,"3/30/11 16:34",2.46,,"United Kingdom"
"548373","22024","RAINY LADIES BIRTHDAY CARD",1,"3/30/11 16:34",0.83,,"United Kingdom"
"548373","22026","BANQUET BIRTHDAY  CARD",1,"3/30/11 16:34",0.83,,"United Kingdom"
"548373","22027","TEA PARTY BIRTHDAY CARD",1,"3/30/11 16:34",0.83,,"United Kingdom"
"548373","22028","PENNY FARTHING BIRTHDAY CARD",1,"3/30/11 16:34",0.83,,"United Kingdom"
"548373","22035","VINTAGE CARAVAN GREETING CARD",1,"3/30/11 16:34",0.83,,"United Kingdom"
"548373","22041","RECORD FRAME 7"" SINGLE SIZE",11,"3/30/11 16:34",2.55,,"United Kingdom"
"548373","22059","CERAMIC STRAWBERRY DESIGN MUG",1,"3/30/11 16:34",3.29,,"United Kingdom"
"548373","22069","BROWN  PIRATE TREASURE CHEST",1,"3/30/11 16:34",3.29,,"United Kingdom"
"548373","22088","PAPER BUNTING COLOURED LACE",1,"3/30/11 16:34",5.79,,"United Kingdom"
"548373","22099","CARAVAN SQUARE TISSUE BOX",1,"3/30/11 16:34",2.46,,"United Kingdom"
"548373","22178","VICTORIAN GLASS HANGING T-LIGHT",5,"3/30/11 16:34",2.46,,"United Kingdom"
"548373","22183","CAKE STAND VICTORIAN FILIGREE MED",3,"3/30/11 16:34",5.79,,"United Kingdom"
"548373","22191","IVORY DINER WALL CLOCK",1,"3/30/11 16:34",16.63,,"United Kingdom"
"548373","22244","3 HOOK HANGER MAGIC GARDEN",1,"3/30/11 16:34",4.13,,"United Kingdom"
"548373","22245","HOOK, 1 HANGER ,MAGIC GARDEN",2,"3/30/11 16:34",1.63,,"United Kingdom"
"548373","22281","EASTER TREE YELLOW BIRDS",1,"3/30/11 16:34",12.46,,"United Kingdom"
"548373","22296","HEART IVORY TRELLIS LARGE",1,"3/30/11 16:34",3.29,,"United Kingdom"
"548373","22308","TEA COSY BLUE STRIPE",1,"3/30/11 16:34",4.96,,"United Kingdom"
"548373","22321","BIRD DECORATION RED RETROSPOT",1,"3/30/11 16:34",1.63,,"United Kingdom"
"548373","22324","BLUE POLKADOT KIDS BAG",1,"3/30/11 16:34",4.13,,"United Kingdom"
"548373","22335","HEART DECORATION PAINTED ZINC",1,"3/30/11 16:34",1.25,,"United Kingdom"
"548373","22342","HOME GARLAND PAINTED ZINC",1,"3/30/11 16:34",3.29,,"United Kingdom"
"548373","22348","TEA BAG PLATE RED RETROSPOT",1,"3/30/11 16:34",1.63,,"United Kingdom"
"548373","22354","RETROSPOT PADDED SEAT CUSHION",4,"3/30/11 16:34",7.46,,"United Kingdom"
"548373","22355","CHARLOTTE BAG SUKI DESIGN",1,"3/30/11 16:34",1.63,,"United Kingdom"
"548373","22357","KINGS CHOICE BISCUIT TIN",1,"3/30/11 16:34",8.29,,"United Kingdom"
"548373","22361","GLASS JAR DAISY FRESH COTTON WOOL",1,"3/30/11 16:34",5.79,,"United Kingdom"
"548373","22375","AIRLINE BAG VINTAGE JET SET BROWN",1,"3/30/11 16:34",8.29,,"United Kingdom"
"548373","22383","LUNCH BAG SUKI DESIGN",1,"3/30/11 16:34",4.13,,"United Kingdom"
"548373","22385","JUMBO BAG SPACEBOY DESIGN",1,"3/30/11 16:34",4.13,,"United Kingdom"
"548373","22411","JUMBO SHOPPER VINTAGE RED PAISLEY",8,"3/30/11 16:34",4.13,,"United Kingdom"
"548373","22419","LIPSTICK PEN RED",6,"3/30/11 16:34",0.83,,"United Kingdom"
"548373","22423","REGENCY CAKESTAND 3 TIER",1,"3/30/11 16:34",24.96,,"United Kingdom"
"548373","22443","GROW YOUR OWN HERBS SET OF 3",1,"3/30/11 16:34",15.79,,"United Kingdom"
"548373","22448","PIN CUSHION BABUSHKA RED",1,"3/30/11 16:34",6.63,,"United Kingdom"
"548373","22457","NATURAL SLATE HEART CHALKBOARD",1,"3/30/11 16:34",5.79,,"United Kingdom"
"548373","22460","EMBOSSED GLASS TEALIGHT HOLDER",1,"3/30/11 16:34",2.46,,"United Kingdom"
"548373","22469","HEART OF WICKER SMALL",1,"3/30/11 16:34",1.65,,"United Kingdom"
"548373","22477","WATERING CAN GARDEN MARKER",1,"3/30/11 16:34",2.46,,"United Kingdom"
"548373","22822","CREAM WALL PLANTER HEART SHAPED",1,"3/30/11 16:34",12.46,,"United Kingdom"
"548373","22835","HOT WATER BOTTLE I AM SO POORLY",1,"3/30/11 16:34",9.13,,"United Kingdom"
"548373","22851","SET 20 NAPKINS FAIRY CAKES DESIGN",1,"3/30/11 16:34",1.63,,"United Kingdom"
"548373","22872","NUMBER TILE COTTAGE GARDEN 4",1,"3/30/11 16:34",4.13,,"United Kingdom"
"548373","22873","NUMBER TILE COTTAGE GARDEN 5",1,"3/30/11 16:34",4.13,,"United Kingdom"
"548373","22922","FRIDGE MAGNETS US DINER ASSORTED",1,"3/30/11 16:34",10.79,,"United Kingdom"
"548373","22939","APRON APPLE DELIGHT",1,"3/30/11 16:34",4.96,,"United Kingdom"
"548373","22960","JAM MAKING SET WITH JARS",2,"3/30/11 16:34",8.29,,"United Kingdom"
"548373","22980","PANTRY SCRUBBING BRUSH",1,"3/30/11 16:34",3.29,,"United Kingdom"
"548373","22981","PANTRY APPLE CORER",1,"3/30/11 16:34",2.92,,"United Kingdom"
"548373","22982","PANTRY PASTRY BRUSH",1,"3/30/11 16:34",2.46,,"United Kingdom"
"548373","22993","SET OF 4 PANTRY JELLY MOULDS",5,"3/30/11 16:34",2.46,,"United Kingdom"
"548373","22994","TRAVEL CARD WALLET RETROSPOT",1,"3/30/11 16:34",0.83,,"United Kingdom"
"548373","22996","TRAVEL CARD WALLET VINTAGE TICKET",1,"3/30/11 16:34",0.83,,"United Kingdom"
"548373","23002","TRAVEL CARD WALLET SKULLS",1,"3/30/11 16:34",0.83,,"United Kingdom"
"548373","23051","RECYCLED ACAPULCO MAT BLUE",1,"3/30/11 16:34",16.63,,"United Kingdom"
"548373","23052","RECYCLED ACAPULCO MAT TURQUOISE",1,"3/30/11 16:34",16.63,,"United Kingdom"
"548373","23054","RECYCLED ACAPULCO MAT LAVENDER",1,"3/30/11 16:34",16.63,,"United Kingdom"
"548373","35911A","MULTICOLOUR RABBIT EGG WARMER",2,"3/30/11 16:34",0.83,,"United Kingdom"
"548373","35915C","PEACH KNITTED HEN",1,"3/30/11 16:34",0.83,,"United Kingdom"
"548373","37342","POLKADOT COFFEE CUP & SAUCER PINK",1,"3/30/11 16:34",2.46,,"United Kingdom"
"548373","37500","TEA TIME TEAPOT IN GIFT BOX",1,"3/30/11 16:34",8.29,,"United Kingdom"
"548373","47566","PARTY BUNTING",3,"3/30/11 16:34",10.79,,"United Kingdom"
"548373","47580","TEA TIME DES TEA COSY",1,"3/30/11 16:34",4.96,,"United Kingdom"
"548373","47590A","BLUE HAPPY BIRTHDAY BUNTING",1,"3/30/11 16:34",10.79,,"United Kingdom"
"548373","48185","DOORMAT FAIRY CAKE",1,"3/30/11 16:34",15.79,,"United Kingdom"
"548373","71053","WHITE METAL LANTERN",1,"3/30/11 16:34",8.29,,"United Kingdom"
"548373","72807B","SET/3 OCEAN SCENT CANDLE JEWEL BOX",1,"3/30/11 16:34",8.29,,"United Kingdom"
"548373","72807C","SET/3 VANILLA SCENTED CANDLE IN BOX",1,"3/30/11 16:34",8.29,,"United Kingdom"
"548373","79000","MOROCCAN TEA GLASS",3,"3/30/11 16:34",1.65,,"United Kingdom"
"548373","79066K","RETRO MOD TRAY",1,"3/30/11 16:34",1.63,,"United Kingdom"
"548373","79190D","RETRO PLASTIC DAISY TRAY",1,"3/30/11 16:34",0.83,,"United Kingdom"
"548373","79191D","RETRO PLASTIC DAISY TRAY",1,"3/30/11 16:34",1.63,,"United Kingdom"
"548373","82095","HEART BUTTONS JEWELLERY BOX",1,"3/30/11 16:34",4.96,,"United Kingdom"
"548373","82567","AIRLINE LOUNGE,METAL SIGN",3,"3/30/11 16:34",1.63,,"United Kingdom"
"548373","82578","KITCHEN METAL SIGN",2,"3/30/11 16:34",1.25,,"United Kingdom"
"548373","82580","BATHROOM METAL SIGN",1,"3/30/11 16:34",1.25,,"United Kingdom"
"548373","82581","TOILET METAL SIGN",1,"3/30/11 16:34",1.25,,"United Kingdom"
"548373","82599","FANNY'S REST STOPMETAL SIGN",1,"3/30/11 16:34",4.13,,"United Kingdom"
"548373","84030E","ENGLISH ROSE HOT WATER BOTTLE",1,"3/30/11 16:34",8.29,,"United Kingdom"
"548373","84378","SET OF 3 HEART COOKIE CUTTERS",1,"3/30/11 16:34",2.46,,"United Kingdom"
"548373","84535B","FAIRY CAKES NOTEBOOK A6 SIZE",1,"3/30/11 16:34",1.46,,"United Kingdom"
"548373","84596E","SMALL LICORICE DES PINK BOWL",4,"3/30/11 16:34",0.83,,"United Kingdom"
"548373","84596F","SMALL MARSHMALLOWS PINK BOWL",4,"3/30/11 16:34",0.83,,"United Kingdom"
"548373","84596G","SMALL CHOCOLATES PINK BOWL",4,"3/30/11 16:34",0.83,,"United Kingdom"
"548373","84755","COLOUR GLASS T-LIGHT HOLDER HANGING",36,"3/30/11 16:34",0.65,,"United Kingdom"
"548373","84872A","TEATIME FUNKY FLOWER BACKPACK FOR 2",1,"3/30/11 16:34",10.79,,"United Kingdom"
"548373","84879","ASSORTED COLOUR BIRD ORNAMENT",8,"3/30/11 16:34",3.12,,"United Kingdom"
"548373","84969","BOX OF 6 ASSORTED COLOUR TEASPOONS",1,"3/30/11 16:34",3.29,,"United Kingdom"
"548373","84970L","SINGLE HEART ZINC T-LIGHT HOLDER",1,"3/30/11 16:34",2.08,,"United Kingdom"
"548373","84971S","SMALL HEART FLOWERS HOOK",1,"3/30/11 16:34",1.63,,"United Kingdom"
"548373","84987","SET OF 36 TEATIME PAPER DOILIES",1,"3/30/11 16:34",2.92,,"United Kingdom"
"548373","84991","60 TEATIME FAIRY CAKE CASES",1,"3/30/11 16:34",1.25,,"United Kingdom"
"548373","85015","SET OF 12  VINTAGE POSTCARD SET",1,"3/30/11 16:34",2.46,,"United Kingdom"
"548373","85016","SET OF 6 VINTAGE NOTELETS KIT",1,"3/30/11 16:34",2.46,,"United Kingdom"
"548373","85061W","WHITE JEWELLED HEART DECORATION",1,"3/30/11 16:34",1.63,,"United Kingdom"
"548373","85066","CREAM SWEETHEART MINI CHEST",1,"3/30/11 16:34",24.96,,"United Kingdom"
"548373","85094","CANDY SPOT EGG WARMER RABBIT",2,"3/30/11 16:34",0.83,,"United Kingdom"
"548373","85099B","JUMBO BAG RED RETROSPOT",1,"3/30/11 16:34",4.13,,"United Kingdom"
"548373","85099C","JUMBO  BAG BAROQUE BLACK WHITE",1,"3/30/11 16:34",4.13,,"United Kingdom"
"548373","85123A","WHITE HANGING HEART T-LIGHT HOLDER",1,"3/30/11 16:34",5.79,,"United Kingdom"
"548373","85150","LADIES & GENTLEMEN METAL SIGN",2,"3/30/11 16:34",4.96,,"United Kingdom"
"548373","90082A","DIAMANTE BOW BROOCH GREEN COLOUR",1,"3/30/11 16:34",6.65,,"United Kingdom"
"548373","90168","2 DAISIES HAIR COMB",1,"3/30/11 16:34",2.9,,"United Kingdom"
"548373","90169","DAISY HAIR COMB",1,"3/30/11 16:34",2.48,,"United Kingdom"
"548373","90170","DAISY HAIR BAND",2,"3/30/11 16:34",1.65,,"United Kingdom"
"548373","90206C","CRYSTAL DIAMANTE STAR BROOCH",4,"3/30/11 16:34",4.98,,"United Kingdom"
"548373","90214B","LETTER ""B"" BLING KEY RING",1,"3/30/11 16:34",0.83,,"United Kingdom"
"548373","90214C","LETTER ""C"" BLING KEY RING",1,"3/30/11 16:34",0.83,,"United Kingdom"
"548373","90214D","LETTER ""D"" BLING KEY RING",1,"3/30/11 16:34",0.83,,"United Kingdom"
"548373","90214J","LETTER ""J"" BLING KEY RING",1,"3/30/11 16:34",0.83,,"United Kingdom"
"548373","90214S","LETTER ""S"" BLING KEY RING",1,"3/30/11 16:34",0.83,,"United Kingdom"
"548373","90214T","LETTER ""T"" BLING KEY RING",1,"3/30/11 16:34",0.83,,"United Kingdom"
"548373","DOT","DOTCOM POSTAGE",1,"3/30/11 16:34",299.76,,"United Kingdom"
"548373","15044A","PINK PAPER PARASOL",1,"3/30/11 16:34",5.79,,"United Kingdom"
"548373","16235","RECYCLED PENCIL WITH RABBIT ERASER",10,"3/30/11 16:34",0.42,,"United Kingdom"
"548373","20619","TROPICAL PASSPORT COVER",1,"3/30/11 16:34",1.63,,"United Kingdom"
"548373","20679","EDWARDIAN PARASOL RED",1,"3/30/11 16:34",12.46,,"United Kingdom"
"548373","20712","JUMBO BAG WOODLAND ANIMALS",2,"3/30/11 16:34",4.13,,"United Kingdom"
"548373","20719","WOODLAND CHARLOTTE BAG",1,"3/30/11 16:34",1.63,,"United Kingdom"
"548373","20726","LUNCH BAG WOODLAND",1,"3/30/11 16:34",4.13,,"United Kingdom"
"548373","20802","SMALL GLASS SUNDAE DISH CLEAR",2,"3/30/11 16:34",3.29,,"United Kingdom"
"548373","20972","PINK CREAM FELT CRAFT TRINKET BOX",1,"3/30/11 16:34",2.46,,"United Kingdom"
"548373","20998","ROSE DU SUD OVEN GLOVE",2,"3/30/11 16:34",1.63,,"United Kingdom"
"548373","21000","ROSE DU SUD COSMETICS BAG",1,"3/30/11 16:34",3.29,,"United Kingdom"
"548373","21001","ROSE DU SUD WASHBAG",1,"3/30/11 16:34",4.13,,"United Kingdom"
"548373","21002","ROSE DU SUD DRAWSTRING BAG",3,"3/30/11 16:34",3.29,,"United Kingdom"
"548373","21043","APRON MODERN VINTAGE COTTON",1,"3/30/11 16:34",4.13,,"United Kingdom"
"548373","21069","VINTAGE BILLBOARD TEA MUG",4,"3/30/11 16:34",2.46,,"United Kingdom"
"548373","21071","VINTAGE BILLBOARD DRINK ME MUG",4,"3/30/11 16:34",2.46,,"United Kingdom"
"548373","21080","SET/20 RED RETROSPOT PAPER NAPKINS",2,"3/30/11 16:34",1.63,,"United Kingdom"
"548373","21084","SET/6 COLLAGE PAPER CUPS",4,"3/30/11 16:34",0.83,,"United Kingdom"
"548373","82494L","WOODEN FRAME ANTIQUE WHITE",44,"3/30/11 16:34",2.55,,"United Kingdom"
"548373","22478","BIRDHOUSE GARDEN MARKER",1,"3/30/11 16:34",2.46,,"United Kingdom"
"548373","22479","DAISY GARDEN MARKER",1,"3/30/11 16:34",2.46,,"United Kingdom"
"548373","22485","SET OF 2 WOODEN MARKET CRATES",2,"3/30/11 16:34",12.75,,"United Kingdom"
"548373","22487","WHITE WOOD GARDEN PLANT LADDER",1,"3/30/11 16:34",19.96,,"United Kingdom"
"548373","22499","WOODEN UNION JACK BUNTING",1,"3/30/11 16:34",12.46,,"United Kingdom"
"548373","22502","PICNIC BASKET WICKER SMALL",3,"3/30/11 16:34",10.79,,"United Kingdom"
"548373","22507","MEMO BOARD RETROSPOT  DESIGN",1,"3/30/11 16:34",10.79,,"United Kingdom"
"548373","22621","TRADITIONAL KNITTING NANCY",1,"3/30/11 16:34",3.29,,"United Kingdom"
"548373","22630","DOLLY GIRL LUNCH BOX",2,"3/30/11 16:34",4.13,,"United Kingdom"
"548373","22654","DELUXE SEWING KIT",1,"3/30/11 16:34",11.63,,"United Kingdom"
"548373","22659","LUNCH BOX I LOVE LONDON",1,"3/30/11 16:34",4.13,,"United Kingdom"
"548373","22662","LUNCH BAG DOLLY GIRL DESIGN",2,"3/30/11 16:34",4.13,,"United Kingdom"
"548373","22666","RECIPE BOX PANTRY YELLOW DESIGN",4,"3/30/11 16:34",5.79,,"United Kingdom"
"548373","22670","FRENCH WC SIGN BLUE METAL",1,"3/30/11 16:34",2.46,,"United Kingdom"
"548373","22672","FRENCH BATHROOM SIGN BLUE METAL",1,"3/30/11 16:34",3.29,,"United Kingdom"
"548373","22677","FRENCH BLUE METAL DOOR SIGN 2",1,"3/30/11 16:34",2.46,,"United Kingdom"
"548373","22686","FRENCH BLUE METAL DOOR SIGN No",1,"3/30/11 16:34",2.46,,"United Kingdom"
"548373","22697","GREEN REGENCY TEACUP AND SAUCER",4,"3/30/11 16:34",5.79,,"United Kingdom"
"548373","22713","CARD I LOVE LONDON",1,"3/30/11 16:34",0.83,,"United Kingdom"
"548373","22718","CARD CAT AND TREE",1,"3/30/11 16:34",0.83,,"United Kingdom"
"548373","22722","SET OF 6 SPICE TINS PANTRY DESIGN",1,"3/30/11 16:34",8.29,,"United Kingdom"
"548373","22728","ALARM CLOCK BAKELIKE PINK",1,"3/30/11 16:34",7.46,,"United Kingdom"
"548373","22730","ALARM CLOCK BAKELIKE IVORY",1,"3/30/11 16:34",7.46,,"United Kingdom"
"548373","22744","MAKE YOUR OWN MONSOON CARD KIT",1,"3/30/11 16:34",5.79,,"United Kingdom"
"548373","22762","CUPBOARD 3 DRAWER MA CAMPAGNE",1,"3/30/11 16:34",29.17,,"United Kingdom"
"548373","22775","PURPLE DRAWERKNOB ACRYLIC EDWARDIAN",7,"3/30/11 16:34",2.46,,"United Kingdom"
"548373","22792","FLUTED ANTIQUE CANDLE HOLDER",3,"3/30/11 16:34",1.63,,"United Kingdom"
"548373","22796","PHOTO FRAME 3 CLASSIC HANGING",1,"3/30/11 16:34",20.79,,"United Kingdom"
"C548374","84969","BOX OF 6 ASSORTED COLOUR TEASPOONS",-1,"3/30/11 16:36",4.25,13047,"United Kingdom"
"C548374","21658","GLASS  BEURRE DISH",-2,"3/30/11 16:36",3.95,13047,"United Kingdom"
"C548374","22969","HOMEMADE JAM SCENTED CANDLES",-2,"3/30/11 16:36",1.45,13047,"United Kingdom"
"548376","22533",,-80,"3/30/11 16:39",0,,"United Kingdom"
"C548375","22626","BLACK KITCHEN SCALES",-4,"3/30/11 16:39",8.5,14256,"United Kingdom"
"548377","85016",,-46,"3/30/11 16:40",0,,"United Kingdom"
"548378","22052",,-75,"3/30/11 16:41",0,,"United Kingdom"
"548379","20702",,11,"3/30/11 16:41",0,,"United Kingdom"
"548380","22127","Dotcom sold in 6's",-60,"3/30/11 16:44",0,,"United Kingdom"
"548381","22127","sold in set?",-690,"3/30/11 16:45",0,,"United Kingdom"
"548382","84898F",,-2,"3/30/11 16:46",0,,"United Kingdom"
"548383","84906",,5,"3/30/11 16:46",0,,"United Kingdom"
"548384","85231B","CINAMMON SET OF 9 T-LIGHTS",1,"3/30/11 16:47",0.85,,"United Kingdom"
"548384","85038","6 CHOCOLATE LOVE HEART T-LIGHTS",1,"3/30/11 16:47",2.1,,"United Kingdom"
"548384","22191","IVORY DINER WALL CLOCK",1,"3/30/11 16:47",8.5,,"United Kingdom"
"548384","22900","SET 2 TEA TOWELS I LOVE LONDON",1,"3/30/11 16:47",3.25,,"United Kingdom"
"548384","21439","BASKET OF TOADSTOOLS",1,"3/30/11 16:47",1.25,,"United Kingdom"
"548384","22957","SET 3 PAPER VINTAGE CHICK PAPER EGG",1,"3/30/11 16:47",2.95,,"United Kingdom"
"548384","20725","LUNCH BAG RED RETROSPOT",1,"3/30/11 16:47",1.65,,"United Kingdom"
"548384","21668","RED STRIPE CERAMIC DRAWER KNOB",6,"3/30/11 16:47",1.25,,"United Kingdom"
"548385","22168",,-19,"3/30/11 16:47",0,,"United Kingdom"
"548386","22411","JUMBO SHOPPER VINTAGE RED PAISLEY",1,"3/30/11 16:48",2.08,,"United Kingdom"
"548386","22999","TRAVEL CARD WALLET RETRO PETALS",1,"3/30/11 16:48",0.42,,"United Kingdom"
"548386","23003","TRAVEL CARD WALLET VINTAGE ROSE",1,"3/30/11 16:48",0.42,,"United Kingdom"
"548386","72802C","VANILLA SCENT CANDLE JEWELLED BOX",1,"3/30/11 16:48",4.25,,"United Kingdom"
"548386","21928","JUMBO BAG SCANDINAVIAN BLUE PAISLEY",1,"3/30/11 16:48",2.08,,"United Kingdom"
"C548387","22849","BREAD BIN DINER STYLE MINT",-2,"3/30/11 16:49",16.95,14794,"United Kingdom"
"548388","22420","LIPSTICK PEN BABY PINK",9,"3/30/11 16:52",0.42,13268,"United Kingdom"
"548388","22421","LIPSTICK PEN FUSCHIA",5,"3/30/11 16:52",0.42,13268,"United Kingdom"
"548388","22419","LIPSTICK PEN RED",15,"3/30/11 16:52",0.42,13268,"United Kingdom"
"548388","23180","MUM'S KITCHEN CLOCK",1,"3/30/11 16:52",4.95,13268,"United Kingdom"
"548388","21448","12 DAISY PEGS IN WOOD BOX",1,"3/30/11 16:52",1.65,13268,"United Kingdom"
"548388","22219","LOVEBIRD HANGING DECORATION WHITE",1,"3/30/11 16:52",0.85,13268,"United Kingdom"
"548388","23178","JAM CLOCK MAGNET",3,"3/30/11 16:52",2.89,13268,"United Kingdom"
"548388","23184","BULL DOG BOTTLE OPENER",3,"3/30/11 16:52",4.95,13268,"United Kingdom"
"548388","23158","SET OF 5 LUCKY CAT MAGNETS",4,"3/30/11 16:52",2.08,13268,"United Kingdom"
"548388","23159","SET OF 5 PANCAKE DAY MAGNETS",4,"3/30/11 16:52",2.08,13268,"United Kingdom"
"548388","23156","SET OF 5 MINI GROCERY MAGNETS",4,"3/30/11 16:52",2.08,13268,"United Kingdom"
"548388","23177","TREASURE ISLAND BOOK BOX",2,"3/30/11 16:52",2.25,13268,"United Kingdom"
"548388","23193","BUFFALO BILL TREASURE BOOK BOX",2,"3/30/11 16:52",2.25,13268,"United Kingdom"
"548388","23194","GYMKHANA TREASURE BOOK BOX",2,"3/30/11 16:52",2.25,13268,"United Kingdom"
"548388","23155","KNICKERBOCKERGLORY MAGNET ASSORTED",6,"3/30/11 16:52",0.83,13268,"United Kingdom"
"548388","22162","HEART GARLAND RUSTIC PADDED",8,"3/30/11 16:52",2.95,13268,"United Kingdom"
"548388","21382","SET/4 SPRING FLOWER DECORATION",4,"3/30/11 16:52",2.95,13268,"United Kingdom"
"548388","22066","LOVE HEART TRINKET POT",2,"3/30/11 16:52",0.39,13268,"United Kingdom"
"548388","21382","SET/4 SPRING FLOWER DECORATION",4,"3/30/11 16:52",2.95,13268,"United Kingdom"
"548388","23077","DOUGHNUT LIP GLOSS",24,"3/30/11 16:52",1.25,13268,"United Kingdom"
"548388","23078","ICE CREAM PEN LIP GLOSS",24,"3/30/11 16:52",1.25,13268,"United Kingdom"
"548388","22649","STRAWBERRY FAIRY CAKE TEAPOT",1,"3/30/11 16:52",4.95,13268,"United Kingdom"
"548388","22892","SET OF SALT AND PEPPER TOADSTOOLS",6,"3/30/11 16:52",1.25,13268,"United Kingdom"
"548388","79066K","RETRO MOD TRAY",12,"3/30/11 16:52",0.85,13268,"United Kingdom"
"548388","85152","HAND OVER THE CHOCOLATE   SIGN",3,"3/30/11 16:52",2.1,13268,"United Kingdom"
"548388","23076","ICE CREAM SUNDAE LIP GLOSS",24,"3/30/11 16:52",1.25,13268,"United Kingdom"
"548388","22219","LOVEBIRD HANGING DECORATION WHITE",4,"3/30/11 16:52",0.85,13268,"United Kingdom"
"548388","22064","PINK DOUGHNUT TRINKET POT",3,"3/30/11 16:52",1.65,13268,"United Kingdom"
"548388","21166","COOK WITH WINE METAL SIGN",3,"3/30/11 16:52",2.08,13268,"United Kingdom"
"548388","21249","WOODLAND  HEIGHT CHART STICKERS",2,"3/30/11 16:52",2.95,13268,"United Kingdom"
"548388","85038","6 CHOCOLATE LOVE HEART T-LIGHTS",3,"3/30/11 16:52",2.1,13268,"United Kingdom"
"548388","21770","OPEN CLOSED METAL SIGN",1,"3/30/11 16:52",4.95,13268,"United Kingdom"
"548388","21169","YOU'RE CONFUSING ME METAL SIGN",5,"3/30/11 16:52",1.69,13268,"United Kingdom"
"548388","16012","FOOD/DRINK SPONGE STICKERS",96,"3/30/11 16:52",0.21,13268,"United Kingdom"
"548388","84925D","LA PALMIERA WALL THERMOMETER",3,"3/30/11 16:52",2.55,13268,"United Kingdom"
"548388","21721","CANDY SHOP  STICKER SHEET",5,"3/30/11 16:52",0.85,13268,"United Kingdom"
"548388","21724","PANDA AND BUNNIES STICKER SHEET",6,"3/30/11 16:52",0.85,13268,"United Kingdom"
"548388","22252","BIRDCAGE DECORATION TEALIGHT HOLDER",6,"3/30/11 16:52",1.25,13268,"United Kingdom"
"548388","20973","12 PENCIL SMALL TUBE WOODLAND",4,"3/30/11 16:52",0.65,13268,"United Kingdom"
"548388","20975","12 PENCILS SMALL TUBE RED RETROSPOT",3,"3/30/11 16:52",0.65,13268,"United Kingdom"
"548388","21719","LOVELY BONBON STICKER SHEET",6,"3/30/11 16:52",0.85,13268,"United Kingdom"
"548388","21721","CANDY SHOP  STICKER SHEET",2,"3/30/11 16:52",0.85,13268,"United Kingdom"
"548388","21720","CAKE SHOP  STICKER SHEET",6,"3/30/11 16:52",0.85,13268,"United Kingdom"
"548388","22891","TEA FOR ONE POLKADOT",1,"3/30/11 16:52",4.25,13268,"United Kingdom"
"548388","21232","STRAWBERRY CERAMIC TRINKET BOX",4,"3/30/11 16:52",1.25,13268,"United Kingdom"
"548388","85175","CACTI T-LIGHT CANDLES",32,"3/30/11 16:52",0.42,13268,"United Kingdom"
"548388","21791","VINTAGE HEADS AND TAILS CARD GAME",4,"3/30/11 16:52",1.25,13268,"United Kingdom"
"548388","21790","VINTAGE SNAP CARDS",4,"3/30/11 16:52",0.85,13268,"United Kingdom"
"548388","22807","SET OF 6 T-LIGHTS TOADSTOOLS",3,"3/30/11 16:52",2.95,13268,"United Kingdom"
"548388","22891","TEA FOR ONE POLKADOT",1,"3/30/11 16:52",4.25,13268,"United Kingdom"
"548388","22815","CARD PSYCHEDELIC APPLES",12,"3/30/11 16:52",0.42,13268,"United Kingdom"
"548388","22819","BIRTHDAY CARD, RETRO SPOT",12,"3/30/11 16:52",0.42,13268,"United Kingdom"
"548388","22037","ROBOT BIRTHDAY CARD",12,"3/30/11 16:52",0.42,13268,"United Kingdom"
"548388","84247G","DECOUPAGE,GREETING CARD,",12,"3/30/11 16:52",0.42,13268,"United Kingdom"
"548388","22444","GROW YOUR OWN PLANT IN A CAN",24,"3/30/11 16:52",1.25,13268,"United Kingdom"
"548388","22383","LUNCH BAG SUKI DESIGN",5,"3/30/11 16:52",1.65,13268,"United Kingdom"
"C548389","22423","REGENCY CAKESTAND 3 TIER",-1,"3/30/11 16:54",12.75,16713,"United Kingdom"
"C548389","22442","GROW YOUR OWN FLOWERS SET OF 3",-2,"3/30/11 16:54",7.95,16713,"United Kingdom"
"548390","84660C","PINK STITCHED WALL CLOCK",1,"3/30/11 17:05",3.75,,"United Kingdom"
"548390","84660B","BLACK STITCHED WALL CLOCK",1,"3/30/11 17:05",3.75,,"United Kingdom"
"C548391","22698","PINK REGENCY TEACUP AND SAUCER",-1,"3/30/11 17:06",2.95,13488,"United Kingdom"
"C548392","21277","FRENCH STYLE EMBOSSED HEART CABINET",-1,"3/30/11 17:09",21.95,18075,"United Kingdom"
"548393","21707","FOLDING UMBRELLA BLACKBLUE POLKADOT",1,"3/30/11 17:12",4.95,,"United Kingdom"
"548394","82494L","cracked",-39,"3/30/11 17:18",0,,"United Kingdom"
"548395","22194",,-9,"3/30/11 17:20",0,,"United Kingdom"
"548396","22719","sold as 22467",-25,"3/30/11 17:21",0,,"United Kingdom"
"548397","21195",,-30,"3/30/11 17:23",0,,"United Kingdom"
"548398","22482",,-66,"3/30/11 17:24",0,,"United Kingdom"
"548399","15030",,150,"3/30/11 17:25",0,,"United Kingdom"
"548400","21034","REX CASH+CARRY JUMBO SHOPPER",1,"3/30/11 17:33",0.95,17400,"United Kingdom"
"548400","21899","KEY FOB , GARAGE DESIGN",6,"3/30/11 17:33",0.65,17400,"United Kingdom"
"548400","21902","KEY FOB , FRONT  DOOR",6,"3/30/11 17:33",0.65,17400,"United Kingdom"
"548400","21901","KEY FOB , BACK DOOR",6,"3/30/11 17:33",0.65,17400,"United Kingdom"
"548400","21900","KEY FOB , SHED",7,"3/30/11 17:33",0.65,17400,"United Kingdom"
"548400","85123A","WHITE HANGING HEART T-LIGHT HOLDER",3,"3/30/11 17:33",2.95,17400,"United Kingdom"
"548400","82580","BATHROOM METAL SIGN",5,"3/30/11 17:33",0.55,17400,"United Kingdom"
"548400","22491","PACK OF 12 COLOURED PENCILS",1,"3/30/11 17:33",0.85,17400,"United Kingdom"
"548400","82578","KITCHEN METAL SIGN",3,"3/30/11 17:33",0.55,17400,"United Kingdom"
"548400","82581","TOILET METAL SIGN",3,"3/30/11 17:33",0.55,17400,"United Kingdom"
"548400","22759","SET OF 3 NOTEBOOKS IN PARCEL",6,"3/30/11 17:33",1.65,17400,"United Kingdom"
"548400","22988","SOLDIERS EGG CUP",12,"3/30/11 17:33",1.25,17400,"United Kingdom"
"548400","22636","CHILDS BREAKFAST SET CIRCUS PARADE",2,"3/30/11 17:33",8.5,17400,"United Kingdom"
"548400","20758","ABSTRACT CIRCLES POCKET BOOK",2,"3/30/11 17:33",0.85,17400,"United Kingdom"
"548400","23183","MOTHER'S KITCHEN SPOON REST",3,"3/30/11 17:33",3.75,17400,"United Kingdom"
"548400","23184","BULL DOG BOTTLE OPENER",3,"3/30/11 17:33",4.95,17400,"United Kingdom"
"548400","23077","DOUGHNUT LIP GLOSS",48,"3/30/11 17:33",1.25,17400,"United Kingdom"
"548400","85141","JARDIN ETCHED GLASS FRUITBOWL",1,"3/30/11 17:33",3.95,17400,"United Kingdom"
"548400","22119","PEACE WOODEN BLOCK LETTERS",2,"3/30/11 17:33",6.95,17400,"United Kingdom"
"548400","20770","ABSTRACT CIRCLE JOURNAL",3,"3/30/11 17:33",2.55,17400,"United Kingdom"
"548400","21992","VINTAGE PAISLEY STATIONERY SET",3,"3/30/11 17:33",2.95,17400,"United Kingdom"
"548400","22191","IVORY DINER WALL CLOCK",1,"3/30/11 17:33",8.5,17400,"United Kingdom"
"548400","22192","BLUE DINER WALL CLOCK",1,"3/30/11 17:33",8.5,17400,"United Kingdom"
"548400","22758","LARGE PURPLE BABUSHKA NOTEBOOK",3,"3/30/11 17:33",1.25,17400,"United Kingdom"
"548400","20758","ABSTRACT CIRCLES POCKET BOOK",1,"3/30/11 17:33",0.85,17400,"United Kingdom"
"548400","20829","GLITTER HANGING BUTTERFLY STRING",3,"3/30/11 17:33",2.1,17400,"United Kingdom"
"548400","21637","ASSORTED SANSKRIT MINI NOTEBOOK",18,"3/30/11 17:33",1.25,17400,"United Kingdom"
"548400","21616","4 PEAR BOTANICAL DINNER CANDLES",3,"3/30/11 17:33",3.75,17400,"United Kingdom"
"548400","22757","LARGE RED BABUSHKA NOTEBOOK",3,"3/30/11 17:33",1.25,17400,"United Kingdom"
"548400","84997B","CHILDRENS CUTLERY RETROSPOT RED",2,"3/30/11 17:33",4.15,17400,"United Kingdom"
"548400","22491","PACK OF 12 COLOURED PENCILS",2,"3/30/11 17:33",0.85,17400,"United Kingdom"
"548400","85141","JARDIN ETCHED GLASS FRUITBOWL",1,"3/30/11 17:33",3.95,17400,"United Kingdom"
"548400","23078","ICE CREAM PEN LIP GLOSS",24,"3/30/11 17:33",1.25,17400,"United Kingdom"
"548400","85144","JARDIN ETCHED GLASS CHEESE DISH",1,"3/30/11 17:33",1.95,17400,"United Kingdom"
"548400","20802","SMALL GLASS SUNDAE DISH CLEAR",6,"3/30/11 17:33",1.65,17400,"United Kingdom"
"548400","72741","GRAND CHOCOLATECANDLE",9,"3/30/11 17:33",1.45,17400,"United Kingdom"
"548400","22301","COFFEE MUG CAT + BIRD DESIGN",6,"3/30/11 17:33",2.55,17400,"United Kingdom"
"548400","21688","SILVER PLATE CANDLE BOWL SMALL",6,"3/30/11 17:33",2.95,17400,"United Kingdom"
"548400","85144","JARDIN ETCHED GLASS CHEESE DISH",1,"3/30/11 17:33",1.95,17400,"United Kingdom"
"548400","22740","POLKADOT PEN",4,"3/30/11 17:33",0.85,17400,"United Kingdom"
"548400","22991","GIRAFFE WOODEN RULER",3,"3/30/11 17:33",1.95,17400,"United Kingdom"
"548400","22560","TRADITIONAL MODELLING CLAY",3,"3/30/11 17:33",1.25,17400,"United Kingdom"
"548400","22561","WOODEN SCHOOL COLOURING SET",3,"3/30/11 17:33",1.65,17400,"United Kingdom"
"548400","84969","BOX OF 6 ASSORTED COLOUR TEASPOONS",2,"3/30/11 17:33",4.25,17400,"United Kingdom"
"548400","21609","SET 12 LAVENDER  BOTANICAL T-LIGHTS",3,"3/30/11 17:33",2.95,17400,"United Kingdom"
"548400","21620","SET OF 4 ROSE BOTANICAL CANDLES",3,"3/30/11 17:33",3.75,17400,"United Kingdom"
"548400","82494L","WOODEN FRAME ANTIQUE WHITE",2,"3/30/11 17:33",2.95,17400,"United Kingdom"
"548400","21781","MA CAMPAGNE CUTLERY BOX",1,"3/30/11 17:33",14.95,17400,"United Kingdom"
"548400","21735","TWO DOOR CURIO CABINET",2,"3/30/11 17:33",12.75,17400,"United Kingdom"
"548400","21340","CLASSIC METAL BIRDCAGE PLANT HOLDER",2,"3/30/11 17:33",12.75,17400,"United Kingdom"
"548400","22443","GROW YOUR OWN HERBS SET OF 3",3,"3/30/11 17:33",7.95,17400,"United Kingdom"
"548400","22693","GROW A FLYTRAP OR SUNFLOWER IN TIN",24,"3/30/11 17:33",1.25,17400,"United Kingdom"
"548400","21622","VINTAGE UNION JACK CUSHION COVER",3,"3/30/11 17:33",4.95,17400,"United Kingdom"
"548400","48184","DOORMAT ENGLISH ROSE",2,"3/30/11 17:33",7.95,17400,"United Kingdom"
"548400","48194","DOORMAT HEARTS",2,"3/30/11 17:33",7.95,17400,"United Kingdom"
"548400","21523","DOORMAT FANCY FONT HOME SWEET HOME",2,"3/30/11 17:33",7.95,17400,"United Kingdom"
"548400","48116","DOORMAT MULTICOLOUR STRIPE",2,"3/30/11 17:33",7.95,17400,"United Kingdom"
"548400","48173C","DOORMAT BLACK FLOCK",2,"3/30/11 17:33",7.95,17400,"United Kingdom"
"548401","22084","PAPER CHAIN KIT EMPIRE",6,"3/31/11 9:07",2.95,14479,"United Kingdom"
"548401","22499","WOODEN UNION JACK BUNTING",3,"3/31/11 9:07",5.95,14479,"United Kingdom"
"548401","21626","VINTAGE UNION JACK PENNANT",12,"3/31/11 9:07",1.95,14479,"United Kingdom"
"548401","23077","DOUGHNUT LIP GLOSS",20,"3/31/11 9:07",1.25,14479,"United Kingdom"
"548401","22692","DOORMAT WELCOME TO OUR HOME",2,"3/31/11 9:07",7.95,14479,"United Kingdom"
"548401","22690","DOORMAT HOME SWEET HOME BLUE",2,"3/31/11 9:07",7.95,14479,"United Kingdom"
"548401","48194","DOORMAT HEARTS",2,"3/31/11 9:07",7.95,14479,"United Kingdom"
"548401","22595","GINGHAM HEART DECORATION",12,"3/31/11 9:07",0.85,14479,"United Kingdom"
"548402","21040",,-5,"3/31/11 9:26",0,,"United Kingdom"
"548403","22849","BREAD BIN DINER STYLE MINT",1,"3/31/11 9:36",16.95,14794,"United Kingdom"
"548404","48138","DOORMAT UNION FLAG",10,"3/31/11 9:38",6.75,16398,"United Kingdom"
"548404","48185","DOORMAT FAIRY CAKE",2,"3/31/11 9:38",7.95,16398,"United Kingdom"
"548404","48194","DOORMAT HEARTS",2,"3/31/11 9:38",7.95,16398,"United Kingdom"
"548404","48187","DOORMAT NEW ENGLAND",2,"3/31/11 9:38",7.95,16398,"United Kingdom"
"548404","22366","DOORMAT AIRMAIL",2,"3/31/11 9:38",7.95,16398,"United Kingdom"
"548404","21523","DOORMAT FANCY FONT HOME SWEET HOME",2,"3/31/11 9:38",7.95,16398,"United Kingdom"
"548404","21878","PACK OF 6 SANDCASTLE FLAGS ASSORTED",12,"3/31/11 9:38",0.85,16398,"United Kingdom"
"548404","21754","HOME BUILDING BLOCK WORD",3,"3/31/11 9:38",5.95,16398,"United Kingdom"
"548404","21756","BATH BUILDING BLOCK WORD",3,"3/31/11 9:38",5.95,16398,"United Kingdom"
"548404","22457","NATURAL SLATE HEART CHALKBOARD",6,"3/31/11 9:38",2.95,16398,"United Kingdom"
"548404","22488","NATURAL SLATE RECTANGLE CHALKBOARD",12,"3/31/11 9:38",1.65,16398,"United Kingdom"
"548404","85066","CREAM SWEETHEART MINI CHEST",2,"3/31/11 9:38",12.75,16398,"United Kingdom"
"548404","82483","WOOD 2 DRAWER CABINET WHITE FINISH",2,"3/31/11 9:38",6.95,16398,"United Kingdom"
"548404","22768","FAMILY PHOTO FRAME CORNICE",2,"3/31/11 9:38",9.95,16398,"United Kingdom"
"548404","22767","TRIPLE PHOTO FRAME CORNICE",2,"3/31/11 9:38",9.95,16398,"United Kingdom"
"548404","21755","LOVE BUILDING BLOCK WORD",3,"3/31/11 9:38",5.95,16398,"United Kingdom"
"548404","22425","ENAMEL COLANDER CREAM",3,"3/31/11 9:38",4.95,16398,"United Kingdom"
"548404","22849","BREAD BIN DINER STYLE MINT",1,"3/31/11 9:38",16.95,16398,"United Kingdom"
"548404","22848","BREAD BIN DINER STYLE PINK",1,"3/31/11 9:38",16.95,16398,"United Kingdom"
"548404","22845","VINTAGE CREAM CAT FOOD CONTAINER",2,"3/31/11 9:38",6.35,16398,"United Kingdom"
"548404","22844","VINTAGE CREAM DOG FOOD CONTAINER",2,"3/31/11 9:38",8.5,16398,"United Kingdom"
"548404","23183","MOTHER'S KITCHEN SPOON REST",4,"3/31/11 9:38",3.75,16398,"United Kingdom"
"548404","22776","SWEETHEART CAKESTAND 3 TIER",1,"3/31/11 9:38",9.95,16398,"United Kingdom"
"548404","22423","REGENCY CAKESTAND 3 TIER",1,"3/31/11 9:38",12.75,16398,"United Kingdom"
"548404","22720","SET OF 3 CAKE TINS PANTRY DESIGN",3,"3/31/11 9:38",4.95,16398,"United Kingdom"
"548404","22722","SET OF 6 SPICE TINS PANTRY DESIGN",4,"3/31/11 9:38",3.95,16398,"United Kingdom"
"548404","22969","HOMEMADE JAM SCENTED CANDLES",12,"3/31/11 9:38",1.45,16398,"United Kingdom"
"548404","22979","PANTRY WASHING UP BRUSH",12,"3/31/11 9:38",1.45,16398,"United Kingdom"
"548404","84380","SET OF 3 BUTTERFLY COOKIE CUTTERS",12,"3/31/11 9:38",1.25,16398,"United Kingdom"
"548404","84378","SET OF 3 HEART COOKIE CUTTERS",12,"3/31/11 9:38",1.25,16398,"United Kingdom"
"548404","22961","JAM MAKING SET PRINTED",12,"3/31/11 9:38",1.45,16398,"United Kingdom"
"548404","22993","SET OF 4 PANTRY JELLY MOULDS",12,"3/31/11 9:38",1.25,16398,"United Kingdom"
"548404","37448","CERAMIC CAKE DESIGN SPOTTED MUG",12,"3/31/11 9:38",1.49,16398,"United Kingdom"
"548404","21232","STRAWBERRY CERAMIC TRINKET BOX",12,"3/31/11 9:38",1.25,16398,"United Kingdom"
"548404","21231","SWEETHEART CERAMIC TRINKET BOX",12,"3/31/11 9:38",1.25,16398,"United Kingdom"
"548404","21871","SAVE THE PLANET MUG",12,"3/31/11 9:38",1.25,16398,"United Kingdom"
"548404","21874","GIN AND TONIC MUG",12,"3/31/11 9:38",1.25,16398,"United Kingdom"
"548404","21877","HOME SWEET HOME MUG",12,"3/31/11 9:38",1.25,16398,"United Kingdom"
"548404","37447","CERAMIC CAKE DESIGN SPOTTED PLATE",12,"3/31/11 9:38",1.49,16398,"United Kingdom"
"548404","23156","SET OF 5 MINI GROCERY MAGNETS",12,"3/31/11 9:38",2.08,16398,"United Kingdom"
"548404","23154","SET OF 4 JAM JAR MAGNETS",12,"3/31/11 9:38",2.08,16398,"United Kingdom"
"548404","23159","SET OF 5 PANCAKE DAY MAGNETS",12,"3/31/11 9:38",2.08,16398,"United Kingdom"
"548404","22192","BLUE DINER WALL CLOCK",2,"3/31/11 9:38",8.5,16398,"United Kingdom"
"548404","22191","IVORY DINER WALL CLOCK",2,"3/31/11 9:38",8.5,16398,"United Kingdom"
"548404","21175","GIN + TONIC DIET METAL SIGN",6,"3/31/11 9:38",2.55,16398,"United Kingdom"
"548404","22413","METAL SIGN TAKE IT OR LEAVE IT",6,"3/31/11 9:38",2.95,16398,"United Kingdom"
"548404","21166","COOK WITH WINE METAL SIGN",12,"3/31/11 9:38",2.08,16398,"United Kingdom"
"548404","85152","HAND OVER THE CHOCOLATE   SIGN",12,"3/31/11 9:38",2.1,16398,"United Kingdom"
"548404","22197","SMALL POPCORN HOLDER",12,"3/31/11 9:38",0.85,16398,"United Kingdom"
"548404","21622","VINTAGE UNION JACK CUSHION COVER",4,"3/31/11 9:38",4.95,16398,"United Kingdom"
"548404","22084","PAPER CHAIN KIT EMPIRE",6,"3/31/11 9:38",2.95,16398,"United Kingdom"
"548404","21937","STRAWBERRY   PICNIC BAG",5,"3/31/11 9:38",2.95,16398,"United Kingdom"
"548404","21933","PINK VINTAGE PAISLEY PICNIC BAG",5,"3/31/11 9:38",2.95,16398,"United Kingdom"
"548404","22384","LUNCH BAG PINK POLKADOT",10,"3/31/11 9:38",1.65,16398,"United Kingdom"
"548404","20726","LUNCH BAG WOODLAND",10,"3/31/11 9:38",1.65,16398,"United Kingdom"
"548404","21929","JUMBO BAG PINK VINTAGE PAISLEY",10,"3/31/11 9:38",1.95,16398,"United Kingdom"
"548404","85099F","JUMBO BAG STRAWBERRY",10,"3/31/11 9:38",1.95,16398,"United Kingdom"
"548404","22740","POLKADOT PEN",48,"3/31/11 9:38",0.85,16398,"United Kingdom"
"548404","22741","FUNKY DIVA PEN",48,"3/31/11 9:38",0.85,16398,"United Kingdom"
"548404","22957","SET 3 PAPER VINTAGE CHICK PAPER EGG",6,"3/31/11 9:38",2.95,16398,"United Kingdom"
"548404","22283","6 EGG HOUSE PAINTED WOOD",2,"3/31/11 9:38",7.95,16398,"United Kingdom"
"548404","22282","12 EGG HOUSE PAINTED WOOD",2,"3/31/11 9:38",12.75,16398,"United Kingdom"
"548404","46000S","POLYESTER FILLER PAD 40x40cm",4,"3/31/11 9:38",1.45,16398,"United Kingdom"
"548405","22788","BROCANTE COAT RACK",2,"3/31/11 9:48",9.95,17088,"United Kingdom"
"548405","82482","WOODEN PICTURE FRAME WHITE FINISH",6,"3/31/11 9:48",2.55,17088,"United Kingdom"
"548405","22776","SWEETHEART CAKESTAND 3 TIER",4,"3/31/11 9:48",9.95,17088,"United Kingdom"
"548405","22854","CREAM SWEETHEART EGG HOLDER",4,"3/31/11 9:48",4.95,17088,"United Kingdom"
"548405","22169","FAMILY ALBUM WHITE PICTURE FRAME",4,"3/31/11 9:48",8.5,17088,"United Kingdom"
"548405","22171","3 HOOK PHOTO SHELF ANTIQUE WHITE",2,"3/31/11 9:48",8.5,17088,"United Kingdom"
"548405","85066","CREAM SWEETHEART MINI CHEST",2,"3/31/11 9:48",12.75,17088,"United Kingdom"
"548405","22168","ORGANISER WOOD ANTIQUE WHITE",2,"3/31/11 9:48",8.5,17088,"United Kingdom"
"548405","22855","FINE WICKER HEART",12,"3/31/11 9:48",1.25,17088,"United Kingdom"
"548405","22424","ENAMEL BREAD BIN CREAM",2,"3/31/11 9:48",12.75,17088,"United Kingdom"
"548405","22487","WHITE WOOD GARDEN PLANT LADDER",2,"3/31/11 9:48",9.95,17088,"United Kingdom"
"548405","21896","POTTING SHED TWINE",6,"3/31/11 9:48",2.1,17088,"United Kingdom"
"548405","22457","NATURAL SLATE HEART CHALKBOARD",6,"3/31/11 9:48",2.95,17088,"United Kingdom"
"548405","22822","CREAM WALL PLANTER HEART SHAPED",2,"3/31/11 9:48",5.95,17088,"United Kingdom"
"548405","72807C","SET/3 VANILLA SCENTED CANDLE IN BOX",4,"3/31/11 9:48",4.25,17088,"United Kingdom"
"548405","22969","HOMEMADE JAM SCENTED CANDLES",12,"3/31/11 9:48",1.45,17088,"United Kingdom"
"548405","85123A","WHITE HANGING HEART T-LIGHT HOLDER",6,"3/31/11 9:48",2.95,17088,"United Kingdom"
"548405","22178","VICTORIAN GLASS HANGING T-LIGHT",12,"3/31/11 9:48",1.25,17088,"United Kingdom"
"548405","22117","METAL SIGN HER DINNER IS SERVED",6,"3/31/11 9:48",2.95,17088,"United Kingdom"
"548405","22413","METAL SIGN TAKE IT OR LEAVE IT",6,"3/31/11 9:48",2.95,17088,"United Kingdom"
"548405","21175","GIN + TONIC DIET METAL SIGN",12,"3/31/11 9:48",2.55,17088,"United Kingdom"
"548405","21165","BEWARE OF THE CAT METAL SIGN",12,"3/31/11 9:48",1.69,17088,"United Kingdom"
"548405","82551","LAUNDRY 15C METAL SIGN",12,"3/31/11 9:48",1.45,17088,"United Kingdom"
"548405","82581","TOILET METAL SIGN",12,"3/31/11 9:48",0.55,17088,"United Kingdom"
"548405","22508","DOORSTOP RETROSPOT HEART",4,"3/31/11 9:48",3.75,17088,"United Kingdom"
"548405","22666","RECIPE BOX PANTRY YELLOW DESIGN",6,"3/31/11 9:48",2.95,17088,"United Kingdom"
"548405","22667","RECIPE BOX RETROSPOT",6,"3/31/11 9:48",2.95,17088,"United Kingdom"
"548405","22720","SET OF 3 CAKE TINS PANTRY DESIGN",3,"3/31/11 9:48",4.95,17088,"United Kingdom"
"548405","22722","SET OF 6 SPICE TINS PANTRY DESIGN",4,"3/31/11 9:48",3.95,17088,"United Kingdom"
"548405","22961","JAM MAKING SET PRINTED",12,"3/31/11 9:48",1.45,17088,"United Kingdom"
"548405","20979","36 PENCILS TUBE RED RETROSPOT",16,"3/31/11 9:48",1.25,17088,"United Kingdom"
"548405","22090","PAPER BUNTING RETROSPOT",6,"3/31/11 9:48",2.95,17088,"United Kingdom"
"548405","22507","MEMO BOARD RETROSPOT  DESIGN",4,"3/31/11 9:48",4.95,17088,"United Kingdom"
"548405","22499","WOODEN UNION JACK BUNTING",6,"3/31/11 9:48",5.95,17088,"United Kingdom"
"548405","21623","VINTAGE UNION JACK MEMOBOARD",2,"3/31/11 9:48",9.95,17088,"United Kingdom"
"548405","21314","SMALL GLASS HEART TRINKET POT",8,"3/31/11 9:48",2.1,17088,"United Kingdom"
"548405","21259","VICTORIAN SEWING BOX SMALL",2,"3/31/11 9:48",5.95,17088,"United Kingdom"
"548405","84030E","ENGLISH ROSE HOT WATER BOTTLE",4,"3/31/11 9:48",4.25,17088,"United Kingdom"
"548405","21485","RETROSPOT HEART HOT WATER BOTTLE",3,"3/31/11 9:48",4.95,17088,"United Kingdom"
"548405","20978","36 PENCILS TUBE SKULLS",16,"3/31/11 9:48",1.25,17088,"United Kingdom"
"548405","22620","4 TRADITIONAL SPINNING TOPS",12,"3/31/11 9:48",1.25,17088,"United Kingdom"
"548405","22621","TRADITIONAL KNITTING NANCY",12,"3/31/11 9:48",1.45,17088,"United Kingdom"
"548405","22493","PAINT YOUR OWN CANVAS SET",12,"3/31/11 9:48",1.65,17088,"United Kingdom"
"548405","22617","BAKING SET SPACEBOY DESIGN",3,"3/31/11 9:48",4.95,17088,"United Kingdom"
"548405","22138","BAKING SET 9 PIECE RETROSPOT",3,"3/31/11 9:48",4.95,17088,"United Kingdom"
"548405","21462","NURSERY A,B,C PAINTED LETTERS",2,"3/31/11 9:48",6.75,17088,"United Kingdom"
"548405","21930","JUMBO STORAGE BAG SKULLS",10,"3/31/11 9:48",1.95,17088,"United Kingdom"
"548405","20727","LUNCH BAG  BLACK SKULL.",10,"3/31/11 9:48",1.65,17088,"United Kingdom"
"548405","47590A","BLUE HAPPY BIRTHDAY BUNTING",3,"3/31/11 9:48",5.45,17088,"United Kingdom"
"548405","47590B","PINK HAPPY BIRTHDAY BUNTING",3,"3/31/11 9:48",5.45,17088,"United Kingdom"
"548405","22087","PAPER BUNTING WHITE LACE",6,"3/31/11 9:48",2.95,17088,"United Kingdom"
"548405","21622","VINTAGE UNION JACK CUSHION COVER",4,"3/31/11 9:48",4.95,17088,"United Kingdom"
"548405","22384","LUNCH BAG PINK POLKADOT",10,"3/31/11 9:48",1.65,17088,"United Kingdom"
"548405","22386","JUMBO BAG PINK POLKADOT",10,"3/31/11 9:48",1.95,17088,"United Kingdom"
"548405","22427","ENAMEL FLOWER JUG CREAM",3,"3/31/11 9:48",5.95,17088,"United Kingdom"
"548406","22423","REGENCY CAKESTAND 3 TIER",24,"3/31/11 9:57",10.95,15061,"United Kingdom"
"548406","22328","ROUND SNACK BOXES SET OF 4 FRUITS",24,"3/31/11 9:57",2.55,15061,"United Kingdom"
"548406","21498","RED RETROSPOT WRAP",25,"3/31/11 9:57",0.34,15061,"United Kingdom"
"548406","20719","WOODLAND CHARLOTTE BAG",20,"3/31/11 9:57",0.72,15061,"United Kingdom"
"548406","16156S","WRAP PINK FAIRY CAKES",75,"3/31/11 9:57",0.34,15061,"United Kingdom"
"548406","71459","HANGING JAM JAR T-LIGHT HOLDER",48,"3/31/11 9:57",0.72,15061,"United Kingdom"
"548406","22659","LUNCH BOX I LOVE LONDON",64,"3/31/11 9:57",1.65,15061,"United Kingdom"
"548406","22630","DOLLY GIRL LUNCH BOX",24,"3/31/11 9:57",1.65,15061,"United Kingdom"
"548406","22629","SPACEBOY LUNCH BOX",64,"3/31/11 9:57",1.65,15061,"United Kingdom"
"548406","22558","CLOTHES PEGS RETROSPOT PACK 24",96,"3/31/11 9:57",1.45,15061,"United Kingdom"
"548406","22467","GUMBALL COAT RACK",36,"3/31/11 9:57",2.1,15061,"United Kingdom"
"548407","22197","SMALL POPCORN HOLDER",100,"3/31/11 10:07",0.72,16401,"United Kingdom"
"548407","22384","LUNCH BAG PINK POLKADOT",10,"3/31/11 10:07",1.65,16401,"United Kingdom"
"548407","22383","LUNCH BAG SUKI DESIGN",10,"3/31/11 10:07",1.65,16401,"United Kingdom"
"548407","20728","LUNCH BAG CARS BLUE",10,"3/31/11 10:07",1.65,16401,"United Kingdom"
"548407","20727","LUNCH BAG  BLACK SKULL.",10,"3/31/11 10:07",1.65,16401,"United Kingdom"
"548407","20726","LUNCH BAG WOODLAND",10,"3/31/11 10:07",1.65,16401,"United Kingdom"
"548407","20725","LUNCH BAG RED RETROSPOT",10,"3/31/11 10:07",1.65,16401,"United Kingdom"
"548407","22557","PLASTERS IN TIN VINTAGE PAISLEY",12,"3/31/11 10:07",1.65,16401,"United Kingdom"
"548407","22554","PLASTERS IN TIN WOODLAND ANIMALS",12,"3/31/11 10:07",1.65,16401,"United Kingdom"
"548407","21986","PACK OF 12 PINK POLKADOT TISSUES",24,"3/31/11 10:07",0.29,16401,"United Kingdom"
"548407","21985","PACK OF 12 HEARTS DESIGN TISSUES",24,"3/31/11 10:07",0.29,16401,"United Kingdom"
"548407","21984","PACK OF 12 PINK PAISLEY TISSUES",24,"3/31/11 10:07",0.29,16401,"United Kingdom"
"548407","21982","PACK OF 12 SUKI TISSUES",24,"3/31/11 10:07",0.29,16401,"United Kingdom"
"548407","21980","PACK OF 12 RED RETROSPOT TISSUES",24,"3/31/11 10:07",0.29,16401,"United Kingdom"
"548407","22346","PARTY PIZZA DISH GREEN POLKADOT",24,"3/31/11 10:07",0.85,16401,"United Kingdom"
"548407","22345","PARTY PIZZA DISH BLUE POLKADOT",24,"3/31/11 10:07",0.85,16401,"United Kingdom"
"548407","22343","PARTY PIZZA DISH RED RETROSPOT",24,"3/31/11 10:07",0.85,16401,"United Kingdom"
"548408","22960","JAM MAKING SET WITH JARS",6,"3/31/11 10:26",4.25,17438,"United Kingdom"
"548408","48138","DOORMAT UNION FLAG",4,"3/31/11 10:26",7.95,17438,"United Kingdom"
"548408","21533","RETROSPOT LARGE MILK JUG",3,"3/31/11 10:26",4.95,17438,"United Kingdom"
"548408","21843","RED RETROSPOT CAKE STAND",2,"3/31/11 10:26",10.95,17438,"United Kingdom"
"548408","22961","JAM MAKING SET PRINTED",12,"3/31/11 10:26",1.45,17438,"United Kingdom"
"548408","22456","NATURAL SLATE CHALKBOARD LARGE",3,"3/31/11 10:26",4.95,17438,"United Kingdom"
"548408","21936","RED RETROSPOT PICNIC BAG",5,"3/31/11 10:26",2.95,17438,"United Kingdom"
"548408","22084","PAPER CHAIN KIT EMPIRE",12,"3/31/11 10:26",2.95,17438,"United Kingdom"
"548408","22499","WOODEN UNION JACK BUNTING",6,"3/31/11 10:26",5.95,17438,"United Kingdom"
"548408","21915","RED  HARMONICA IN BOX",12,"3/31/11 10:26",1.25,17438,"United Kingdom"
"548408","48129","DOORMAT TOPIARY",2,"3/31/11 10:26",7.95,17438,"United Kingdom"
"548408","48111","DOORMAT 3 SMILEY CATS",2,"3/31/11 10:26",7.95,17438,"United Kingdom"
"548408","22502","PICNIC BASKET WICKER SMALL",4,"3/31/11 10:26",5.95,17438,"United Kingdom"
"548408","22090","PAPER BUNTING RETROSPOT",12,"3/31/11 10:26",2.95,17438,"United Kingdom"
"548408","21217","RED RETROSPOT ROUND CAKE TINS",2,"3/31/11 10:26",9.95,17438,"United Kingdom"
"548408","22072","RED RETROSPOT TEA CUP AND SAUCER",4,"3/31/11 10:26",3.75,17438,"United Kingdom"
"548408","21844","RED RETROSPOT MUG",12,"3/31/11 10:26",2.95,17438,"United Kingdom"
"548409","21843","RED RETROSPOT CAKE STAND",6,"3/31/11 10:27",10.95,12731,"France"
"548409","22072","RED RETROSPOT TEA CUP AND SAUCER",24,"3/31/11 10:27",3.39,12731,"France"
"548409","22697","GREEN REGENCY TEACUP AND SAUCER",12,"3/31/11 10:27",2.95,12731,"France"
"548409","22699","ROSES REGENCY TEACUP AND SAUCER",12,"3/31/11 10:27",2.95,12731,"France"
"548409","21844","RED RETROSPOT MUG",36,"3/31/11 10:27",2.55,12731,"France"
"548409","20682","RED RETROSPOT CHILDRENS UMBRELLA",24,"3/31/11 10:27",3.25,12731,"France"
"548409","10125","MINI FUNKY DESIGN TAPES",40,"3/31/11 10:27",0.85,12731,"France"
"548409","22423","REGENCY CAKESTAND 3 TIER",16,"3/31/11 10:27",10.95,12731,"France"
"548409","22745","POPPY'S PLAYHOUSE BEDROOM",24,"3/31/11 10:27",2.1,12731,"France"
"548409","22747","POPPY'S PLAYHOUSE BATHROOM",12,"3/31/11 10:27",2.1,12731,"France"
"548409","22746","POPPY'S PLAYHOUSE LIVINGROOM",24,"3/31/11 10:27",2.1,12731,"France"
"548409","22748","POPPY'S PLAYHOUSE KITCHEN",24,"3/31/11 10:27",2.1,12731,"France"
"548409","22139","RETROSPOT TEA SET CERAMIC 11 PC",12,"3/31/11 10:27",4.95,12731,"France"
"548409","21889","WOODEN BOX OF DOMINOES",24,"3/31/11 10:27",1.25,12731,"France"
"548409","21915","RED  HARMONICA IN BOX",36,"3/31/11 10:27",1.25,12731,"France"
"548409","21914","BLUE HARMONICA IN BOX",36,"3/31/11 10:27",1.25,12731,"France"
"548409","22549","PICTURE DOMINOES",36,"3/31/11 10:27",1.45,12731,"France"
"548409","22620","4 TRADITIONAL SPINNING TOPS",48,"3/31/11 10:27",1.25,12731,"France"
"548409","22553","PLASTERS IN TIN SKULLS",48,"3/31/11 10:27",1.65,12731,"France"
"548409","22492","MINI PAINT SET VINTAGE",144,"3/31/11 10:27",0.65,12731,"France"
"548409","20685","DOORMAT RED RETROSPOT",10,"3/31/11 10:27",6.75,12731,"France"
"548409","21524","DOORMAT SPOTTY HOME SWEET HOME",10,"3/31/11 10:27",6.75,12731,"France"
"548409","48138","DOORMAT UNION FLAG",10,"3/31/11 10:27",6.75,12731,"France"
"548409","22367","CHILDRENS APRON SPACEBOY DESIGN",16,"3/31/11 10:27",1.95,12731,"France"
"548409","20725","LUNCH BAG RED RETROSPOT",20,"3/31/11 10:27",1.65,12731,"France"
"548409","20727","LUNCH BAG  BLACK SKULL.",10,"3/31/11 10:27",1.65,12731,"France"
"548409","22629","SPACEBOY LUNCH BOX",12,"3/31/11 10:27",1.95,12731,"France"
"548409","22630","DOLLY GIRL LUNCH BOX",12,"3/31/11 10:27",1.95,12731,"France"
"548409","22352","LUNCH BOX WITH CUTLERY RETROSPOT",24,"3/31/11 10:27",2.55,12731,"France"
"548409","22662","LUNCH BAG DOLLY GIRL DESIGN",10,"3/31/11 10:27",1.65,12731,"France"
"548409","84879","ASSORTED COLOUR BIRD ORNAMENT",160,"3/31/11 10:27",1.45,12731,"France"
"548409","22203","MILK PAN RED RETROSPOT",8,"3/31/11 10:27",3.75,12731,"France"
"548409","21539","RED RETROSPOT BUTTER DISH",6,"3/31/11 10:27",4.95,12731,"France"
"548410","23007","SPACEBOY BABY GIFT SET",6,"3/31/11 10:29",14.95,12731,"France"
"548410","23010","CIRCUS PARADE BABY GIFT SET",6,"3/31/11 10:29",14.95,12731,"France"
"548410","22992","REVOLVER WOODEN RULER",60,"3/31/11 10:29",1.95,12731,"France"
"548410","22991","GIRAFFE WOODEN RULER",60,"3/31/11 10:29",1.95,12731,"France"
"C548411","D","Discount",-1,"3/31/11 10:36",162.24,13316,"United Kingdom"
"548412","82482","WOODEN PICTURE FRAME WHITE FINISH",36,"3/31/11 10:38",2.1,12601,"Germany"
"548412","22961","JAM MAKING SET PRINTED",12,"3/31/11 10:38",1.45,12601,"Germany"
"548412","POST","POSTAGE",1,"3/31/11 10:38",18,12601,"Germany"
"548447","84991","60 TEATIME FAIRY CAKE CASES",48,"3/31/11 10:53",0.55,17315,"United Kingdom"
"548447","22722","SET OF 6 SPICE TINS PANTRY DESIGN",1,"3/31/11 10:53",3.95,17315,"United Kingdom"
"548447","22934","BAKING MOULD EASTER EGG WHITE CHOC",48,"3/31/11 10:53",2.55,17315,"United Kingdom"
"548447","47559B","TEA TIME OVEN GLOVE",50,"3/31/11 10:53",1.06,17315,"United Kingdom"
"548448","21080","SET/20 RED RETROSPOT PAPER NAPKINS",96,"3/31/11 11:07",0.72,18041,"United Kingdom"
"548448","21156","RETROSPOT CHILDRENS APRON",5,"3/31/11 11:07",1.95,18041,"United Kingdom"
"548448","22537","MAGIC DRAWING SLATE DINOSAUR",48,"3/31/11 11:07",0.42,18041,"United Kingdom"
"548448","21985","PACK OF 12 HEARTS DESIGN TISSUES",12,"3/31/11 11:07",0.29,18041,"United Kingdom"
"548448","21967","PACK OF 12 SKULL TISSUES",12,"3/31/11 11:07",0.29,18041,"United Kingdom"
"548448","21677","HEARTS  STICKERS",12,"3/31/11 11:07",0.85,18041,"United Kingdom"
"548448","22384","LUNCH BAG PINK POLKADOT",4,"3/31/11 11:07",1.65,18041,"United Kingdom"
"548448","22094","RED RETROSPOT TISSUE BOX",6,"3/31/11 11:07",1.25,18041,"United Kingdom"
"548448","21828","EIGHT PIECE SNAKE  SET",20,"3/31/11 11:07",1.25,18041,"United Kingdom"
"548448","21124","SET/10 BLUE POLKADOT PARTY CANDLES",24,"3/31/11 11:07",1.25,18041,"United Kingdom"
"548448","21122","SET/10 PINK POLKADOT PARTY CANDLES",24,"3/31/11 11:07",1.25,18041,"United Kingdom"
"548448","22133","PINK LOVE HEART SHAPE CUP",12,"3/31/11 11:07",0.85,18041,"United Kingdom"
"548449","21035","SET/2 RED RETROSPOT TEA TOWELS",6,"3/31/11 11:08",3.25,14911,"EIRE"
"548449","21531","RED RETROSPOT SUGAR JAM BOWL",6,"3/31/11 11:08",2.55,14911,"EIRE"
"548449","22072","RED RETROSPOT TEA CUP AND SAUCER",4,"3/31/11 11:08",3.75,14911,"EIRE"
"548449","21155","RED RETROSPOT PEG BAG",6,"3/31/11 11:08",2.55,14911,"EIRE"
"548449","82482","WOODEN PICTURE FRAME WHITE FINISH",6,"3/31/11 11:08",2.55,14911,"EIRE"
"548449","22281","EASTER TREE YELLOW BIRDS",2,"3/31/11 11:08",5.95,14911,"EIRE"
"548449","21455","PAINTED YELLOW WOODEN DAISY",12,"3/31/11 11:08",0.85,14911,"EIRE"
"548449","20685","DOORMAT RED RETROSPOT",2,"3/31/11 11:08",7.95,14911,"EIRE"
"548449","C2","CARRIAGE",1,"3/31/11 11:08",50,14911,"EIRE"
"548450","21181","PLEASE ONE PERSON METAL SIGN",12,"3/31/11 11:20",2.1,15856,"United Kingdom"
"548450","82600","NO SINGING METAL SIGN",12,"3/31/11 11:20",2.1,15856,"United Kingdom"
"548450","21165","BEWARE OF THE CAT METAL SIGN",24,"3/31/11 11:20",1.69,15856,"United Kingdom"
"548450","22030","SWALLOWS GREETING CARD",12,"3/31/11 11:20",0.42,15856,"United Kingdom"
"548450","22029","SPACEBOY BIRTHDAY CARD",12,"3/31/11 11:20",0.42,15856,"United Kingdom"
"548450","22027","TEA PARTY BIRTHDAY CARD",12,"3/31/11 11:20",0.42,15856,"United Kingdom"
"548450","22037","ROBOT BIRTHDAY CARD",12,"3/31/11 11:20",0.42,15856,"United Kingdom"
"548450","22028","PENNY FARTHING BIRTHDAY CARD",12,"3/31/11 11:20",0.42,15856,"United Kingdom"
"548450","22033","BOTANICAL ROSE GREETING CARD",12,"3/31/11 11:20",0.42,15856,"United Kingdom"
"548450","21507","ELEPHANT, BIRTHDAY CARD,",12,"3/31/11 11:20",0.42,15856,"United Kingdom"
"548450","22983","CARD BILLBOARD FONT",12,"3/31/11 11:20",0.42,15856,"United Kingdom"
"548450","22716","CARD CIRCUS PARADE",12,"3/31/11 11:20",0.42,15856,"United Kingdom"
"548450","21506","FANCY FONT BIRTHDAY CARD,",12,"3/31/11 11:20",0.42,15856,"United Kingdom"
"548450","22200","FRYING PAN PINK POLKADOT",1,"3/31/11 11:20",4.25,15856,"United Kingdom"
"548450","85123A","WHITE HANGING HEART T-LIGHT HOLDER",32,"3/31/11 11:20",2.55,15856,"United Kingdom"
"548450","21034","REX CASH+CARRY JUMBO SHOPPER",2,"3/31/11 11:20",0.95,15856,"United Kingdom"
"548450","21175","GIN + TONIC DIET METAL SIGN",12,"3/31/11 11:20",2.55,15856,"United Kingdom"
"548450","82583","HOT BATHS METAL SIGN",24,"3/31/11 11:20",2.1,15856,"United Kingdom"
"548450","21166","COOK WITH WINE METAL SIGN",24,"3/31/11 11:20",2.08,15856,"United Kingdom"
"548450","85152","HAND OVER THE CHOCOLATE   SIGN",12,"3/31/11 11:20",2.1,15856,"United Kingdom"
"548450","21169","YOU'RE CONFUSING ME METAL SIGN",24,"3/31/11 11:20",1.69,15856,"United Kingdom"
"548450","21908","CHOCOLATE THIS WAY METAL SIGN",12,"3/31/11 11:20",2.1,15856,"United Kingdom"
"548450","21907","I'M ON HOLIDAY METAL SIGN",12,"3/31/11 11:20",2.1,15856,"United Kingdom"
"548450","82582","AREA PATROLLED METAL SIGN",6,"3/31/11 11:20",2.1,15856,"United Kingdom"
"548450","82581","TOILET METAL SIGN",25,"3/31/11 11:20",0.55,15856,"United Kingdom"
"548450","82580","BATHROOM METAL SIGN",25,"3/31/11 11:20",0.55,15856,"United Kingdom"
"548451","22971","QUEENS GUARD COFFEE MUG",1,"3/31/11 11:25",2.55,17365,"United Kingdom"
"548451","22970","LONDON BUS COFFEE MUG",1,"3/31/11 11:25",2.55,17365,"United Kingdom"
"548451","22988","SOLDIERS EGG CUP",1,"3/31/11 11:25",1.25,17365,"United Kingdom"
"548451","22976","CIRCUS PARADE CHILDRENS EGG CUP",1,"3/31/11 11:25",1.25,17365,"United Kingdom"
"548451","22813","PACK 3 BOXES BIRD PANNETONE",2,"3/31/11 11:25",1.95,17365,"United Kingdom"
"548451","20992","JAZZ HEARTS PURSE NOTEBOOK",4,"3/31/11 11:25",0.85,17365,"United Kingdom"
"548451","22721","SET OF 3 CAKE TINS SKETCHBOOK",1,"3/31/11 11:25",4.95,17365,"United Kingdom"
"548451","22045","SPACEBOY GIFT WRAP",50,"3/31/11 11:25",0.42,17365,"United Kingdom"
"548451","22710","WRAP I LOVE LONDON",50,"3/31/11 11:25",0.42,17365,"United Kingdom"
"548451","22711","WRAP CIRCUS PARADE",50,"3/31/11 11:25",0.42,17365,"United Kingdom"
"548451","16161U","WRAP SUKI AND FRIENDS",50,"3/31/11 11:25",0.42,17365,"United Kingdom"
"548451","23230","WRAP ALPHABET DESIGN",25,"3/31/11 11:25",0.42,17365,"United Kingdom"
"548451","22707","WRAP MONSTER FUN",50,"3/31/11 11:25",0.42,17365,"United Kingdom"
"548451","21703","BAG 125g SWIRLY MARBLES",12,"3/31/11 11:25",0.42,17365,"United Kingdom"
"548451","21918","SET 12 KIDS COLOUR  CHALK STICKS",6,"3/31/11 11:25",0.42,17365,"United Kingdom"
"548451","21917","SET 12 KIDS  WHITE CHALK STICKS",12,"3/31/11 11:25",0.42,17365,"United Kingdom"
"548451","22439","6 ROCKET BALLOONS",10,"3/31/11 11:25",0.65,17365,"United Kingdom"
"548451","22440","BALLOON WATER BOMB PACK OF 35",12,"3/31/11 11:25",0.42,17365,"United Kingdom"
"548451","22551","PLASTERS IN TIN SPACEBOY",3,"3/31/11 11:25",1.65,17365,"United Kingdom"
"548451","22555","PLASTERS IN TIN STRONGMAN",3,"3/31/11 11:25",1.65,17365,"United Kingdom"
"548451","22556","PLASTERS IN TIN CIRCUS PARADE",3,"3/31/11 11:25",1.65,17365,"United Kingdom"
"548451","20725","LUNCH BAG RED RETROSPOT",10,"3/31/11 11:25",1.65,17365,"United Kingdom"
"548451","20728","LUNCH BAG CARS BLUE",2,"3/31/11 11:25",1.65,17365,"United Kingdom"
"548451","21716","BOYS VINTAGE TIN SEASIDE BUCKET",2,"3/31/11 11:25",2.55,17365,"United Kingdom"
"548451","21715","GIRLS VINTAGE TIN SEASIDE BUCKET",2,"3/31/11 11:25",2.55,17365,"United Kingdom"
"548451","23177","TREASURE ISLAND BOOK BOX",3,"3/31/11 11:25",2.25,17365,"United Kingdom"
"548451","23176","ABC TREASURE BOOK BOX",3,"3/31/11 11:25",2.25,17365,"United Kingdom"
"548451","22550","HOLIDAY FUN LUDO",2,"3/31/11 11:25",3.75,17365,"United Kingdom"
"548451","21912","VINTAGE SNAKES & LADDERS",3,"3/31/11 11:25",3.75,17365,"United Kingdom"
"548451","22399","MAGNETS PACK OF 4 CHILDHOOD MEMORY",3,"3/31/11 11:25",1.25,17365,"United Kingdom"
"548451","85049D","BRIGHT BLUES RIBBONS",1,"3/31/11 11:25",1.25,17365,"United Kingdom"
"548451","21791","VINTAGE HEADS AND TAILS CARD GAME",6,"3/31/11 11:25",1.25,17365,"United Kingdom"
"548451","22548","HEADS AND TAILS SPORTING FUN",4,"3/31/11 11:25",1.25,17365,"United Kingdom"
"548451","21790","VINTAGE SNAP CARDS",3,"3/31/11 11:25",0.85,17365,"United Kingdom"
"548451","85049D","BRIGHT BLUES RIBBONS",5,"3/31/11 11:25",1.25,17365,"United Kingdom"
"548451","85049C","ROMANTIC PINKS RIBBONS",8,"3/31/11 11:25",1.25,17365,"United Kingdom"
"548451","21790","VINTAGE SNAP CARDS",3,"3/31/11 11:25",0.85,17365,"United Kingdom"
"548451","21830","ASSORTED CREEPY CRAWLIES",24,"3/31/11 11:25",0.42,17365,"United Kingdom"
"548451","16011","ANIMAL STICKERS",120,"3/31/11 11:25",0.21,17365,"United Kingdom"
"548451","21329","DINOSAURS  WRITING SET",4,"3/31/11 11:25",1.65,17365,"United Kingdom"
"548451","21328","BALLOONS  WRITING SET",8,"3/31/11 11:25",1.65,17365,"United Kingdom"
"548451","22585","PACK OF 6 BIRDY GIFT TAGS",12,"3/31/11 11:25",1.25,17365,"United Kingdom"
"548451","21829","DINOSAUR KEYRINGS ASSORTED",36,"3/31/11 11:25",0.21,17365,"United Kingdom"
"548451","22319","HAIRCLIPS FORTIES FABRIC ASSORTED",24,"3/31/11 11:25",0.65,17365,"United Kingdom"
"548451","21448","12 DAISY PEGS IN WOOD BOX",2,"3/31/11 11:25",1.65,17365,"United Kingdom"
"548451","85214","TUB 24 PINK FLOWER PEGS",1,"3/31/11 11:25",1.65,17365,"United Kingdom"
"548451","21509","COWBOYS AND INDIANS BIRTHDAY CARD",12,"3/31/11 11:25",0.42,17365,"United Kingdom"
"548451","22024","RAINY LADIES BIRTHDAY CARD",12,"3/31/11 11:25",0.42,17365,"United Kingdom"
"548451","22713","CARD I LOVE LONDON",12,"3/31/11 11:25",0.42,17365,"United Kingdom"
"548451","22029","SPACEBOY BIRTHDAY CARD",24,"3/31/11 11:25",0.42,17365,"United Kingdom"
"548451","22037","ROBOT BIRTHDAY CARD",24,"3/31/11 11:25",0.42,17365,"United Kingdom"
"548451","22743","MAKE YOUR OWN FLOWERPOWER CARD KIT",6,"3/31/11 11:25",2.95,17365,"United Kingdom"
"548451","22333","RETROSPOT PARTY BAG + STICKER SET",6,"3/31/11 11:25",1.65,17365,"United Kingdom"
"548451","23127","FELTCRAFT GIRL NICOLE KIT",2,"3/31/11 11:25",4.95,17365,"United Kingdom"
"548451","23126","FELTCRAFT GIRL AMELIE KIT",1,"3/31/11 11:25",4.95,17365,"United Kingdom"
"548451","23128","FELTCRAFT BOY JEAN-PAUL KIT",2,"3/31/11 11:25",4.95,17365,"United Kingdom"
"548451","22746","POPPY'S PLAYHOUSE LIVINGROOM",2,"3/31/11 11:25",2.1,17365,"United Kingdom"
"548451","22747","POPPY'S PLAYHOUSE BATHROOM",1,"3/31/11 11:25",2.1,17365,"United Kingdom"
"548451","22748","POPPY'S PLAYHOUSE KITCHEN",4,"3/31/11 11:25",2.1,17365,"United Kingdom"
"548451","22745","POPPY'S PLAYHOUSE BEDROOM",3,"3/31/11 11:25",2.1,17365,"United Kingdom"
"548451","84218","BOX/12 CHICK & EGG IN BASKET",1,"3/31/11 11:25",1.95,17365,"United Kingdom"
"548451","84828","JUNGLE POPSICLES ICE LOLLY MOULDS",6,"3/31/11 11:25",1.25,17365,"United Kingdom"
"548451","16235","RECYCLED PENCIL WITH RABBIT ERASER",24,"3/31/11 11:25",0.21,17365,"United Kingdom"
"548451","22634","CHILDS BREAKFAST SET SPACEBOY",3,"3/31/11 11:25",9.95,17365,"United Kingdom"
"548451","22636","CHILDS BREAKFAST SET CIRCUS PARADE",2,"3/31/11 11:25",8.5,17365,"United Kingdom"
"548452","85123A","WHITE HANGING HEART T-LIGHT HOLDER",12,"3/31/11 11:37",2.95,13060,"United Kingdom"
"548452","21313","GLASS HEART T-LIGHT HOLDER",12,"3/31/11 11:37",0.85,13060,"United Kingdom"
"548452","48188","DOORMAT WELCOME PUPPIES",2,"3/31/11 11:37",7.95,13060,"United Kingdom"
"548452","48194","DOORMAT HEARTS",2,"3/31/11 11:37",7.95,13060,"United Kingdom"
"548452","22178","VICTORIAN GLASS HANGING T-LIGHT",12,"3/31/11 11:37",1.25,13060,"United Kingdom"
"548452","21314","SMALL GLASS HEART TRINKET POT",8,"3/31/11 11:37",2.1,13060,"United Kingdom"
"548452","84849D","HOT BATHS SOAP HOLDER",12,"3/31/11 11:37",1.69,13060,"United Kingdom"
"548452","22726","ALARM CLOCK BAKELIKE GREEN",4,"3/31/11 11:37",3.75,13060,"United Kingdom"
"548452","22730","ALARM CLOCK BAKELIKE IVORY",4,"3/31/11 11:37",3.75,13060,"United Kingdom"
"548452","22646","CERAMIC STRAWBERRY CAKE MONEY BANK",12,"3/31/11 11:37",1.45,13060,"United Kingdom"
"548452","85150","LADIES & GENTLEMEN METAL SIGN",24,"3/31/11 11:37",2.55,13060,"United Kingdom"
"548452","21955","DOORMAT UNION JACK GUNS AND ROSES",2,"3/31/11 11:37",7.95,13060,"United Kingdom"
"548452","22464","HANGING METAL HEART LANTERN",12,"3/31/11 11:37",1.65,13060,"United Kingdom"
"548452","21523","DOORMAT FANCY FONT HOME SWEET HOME",2,"3/31/11 11:37",7.95,13060,"United Kingdom"
"548452","15056N","EDWARDIAN PARASOL NATURAL",3,"3/31/11 11:37",5.95,13060,"United Kingdom"
"C548453","22892","SET OF SALT AND PEPPER TOADSTOOLS",-6,"3/31/11 11:37",1.25,17428,"United Kingdom"
"C548454","M","Manual",-1,"3/31/11 11:42",5.7,16422,"United Kingdom"
"C548454","M","Manual",-1,"3/31/11 11:42",7.88,16422,"United Kingdom"
"C548454","M","Manual",-1,"3/31/11 11:42",0.22,16422,"United Kingdom"
"C548454","M","Manual",-1,"3/31/11 11:42",57.6,16422,"United Kingdom"
"548455","79302M","ART LIGHTS,FUNK MONKEY",6,"3/31/11 11:49",2.95,14790,"United Kingdom"
"548455","21116","OWL DOORSTOP",6,"3/31/11 11:49",4.95,14790,"United Kingdom"
"548455","21026","SPACE OWL",10,"3/31/11 11:49",1.25,14790,"United Kingdom"
"548455","85175","CACTI T-LIGHT CANDLES",48,"3/31/11 11:49",0.42,14790,"United Kingdom"
"548455","20727","LUNCH BAG  BLACK SKULL.",10,"3/31/11 11:49",1.65,14790,"United Kingdom"
"548455","22383","LUNCH BAG SUKI DESIGN",10,"3/31/11 11:49",1.65,14790,"United Kingdom"
"548455","20982","12 PENCILS TALL TUBE SKULLS",12,"3/31/11 11:49",0.85,14790,"United Kingdom"
"548455","20981","12 PENCILS TALL TUBE WOODLAND",12,"3/31/11 11:49",0.85,14790,"United Kingdom"
"548455","20983","12 PENCILS TALL TUBE RED RETROSPOT",12,"3/31/11 11:49",0.85,14790,"United Kingdom"
"548455","20719","WOODLAND CHARLOTTE BAG",10,"3/31/11 11:49",0.85,14790,"United Kingdom"
"C548456","M","Manual",-1,"3/31/11 11:49",57.6,16422,"United Kingdom"
"548457","22776","SWEETHEART CAKESTAND 3 TIER",2,"3/31/11 11:52",9.95,13468,"United Kingdom"
"548457","22236","CAKE STAND 3 TIER MAGIC GARDEN",2,"3/31/11 11:52",12.75,13468,"United Kingdom"
"548457","85150","LADIES & GENTLEMEN METAL SIGN",6,"3/31/11 11:52",2.55,13468,"United Kingdom"
"548457","82583","HOT BATHS METAL SIGN",12,"3/31/11 11:52",2.1,13468,"United Kingdom"
"548457","23181","BULL DOG BOTTLE TOP WALL CLOCK",2,"3/31/11 11:52",8.25,13468,"United Kingdom"
"548458","20685","DOORMAT RED RETROSPOT",2,"3/31/11 11:53",7.95,15632,"United Kingdom"
"548458","21524","DOORMAT SPOTTY HOME SWEET HOME",10,"3/31/11 11:53",6.75,15632,"United Kingdom"
"548458","22690","DOORMAT HOME SWEET HOME BLUE",2,"3/31/11 11:53",7.95,15632,"United Kingdom"
"548458","48184","DOORMAT ENGLISH ROSE",10,"3/31/11 11:53",6.75,15632,"United Kingdom"
"548458","48187","DOORMAT NEW ENGLAND",10,"3/31/11 11:53",6.75,15632,"United Kingdom"
"548458","48194","DOORMAT HEARTS",2,"3/31/11 11:53",7.95,15632,"United Kingdom"
"548458","48188","DOORMAT WELCOME PUPPIES",2,"3/31/11 11:53",7.95,15632,"United Kingdom"
"548458","22895","SET OF 2 TEA TOWELS APPLE AND PEARS",6,"3/31/11 11:53",3.25,15632,"United Kingdom"
"548458","84581","DOG TOY WITH PINK CROCHET SKIRT",4,"3/31/11 11:53",3.75,15632,"United Kingdom"
"548459","22595","GINGHAM HEART DECORATION",12,"3/31/11 11:57",0.85,14890,"United Kingdom"
"548459","22077","6 RIBBONS RUSTIC CHARM",12,"3/31/11 11:57",1.65,14890,"United Kingdom"
"548459","22508","DOORSTOP RETROSPOT HEART",4,"3/31/11 11:57",3.75,14890,"United Kingdom"
"548459","22457","NATURAL SLATE HEART CHALKBOARD",6,"3/31/11 11:57",2.95,14890,"United Kingdom"
"548459","84884A","ANT WHITE WIRE HEART SPIRAL",5,"3/31/11 11:57",3.95,14890,"United Kingdom"
"548459","21380","WOODEN HAPPY BIRTHDAY GARLAND",6,"3/31/11 11:57",2.95,14890,"United Kingdom"
"548459","22960","JAM MAKING SET WITH JARS",6,"3/31/11 11:57",4.25,14890,"United Kingdom"
"C548460","22426","ENAMEL WASH BOWL CREAM",-4,"3/31/11 11:58",3.75,16801,"United Kingdom"
"C548460","22425","ENAMEL COLANDER CREAM",-3,"3/31/11 11:58",4.95,16801,"United Kingdom"
"C548460","22413","METAL SIGN TAKE IT OR LEAVE IT",-6,"3/31/11 11:58",2.95,16801,"United Kingdom"
"C548460","22366","DOORMAT AIRMAIL",-2,"3/31/11 11:58",7.95,16801,"United Kingdom"
"C548460","22365","DOORMAT RESPECTABLE HOUSE",-2,"3/31/11 11:58",7.95,16801,"United Kingdom"
"C548460","22193","RED DINER WALL CLOCK",-2,"3/31/11 11:58",8.5,16801,"United Kingdom"
"C548460","22192","BLUE DINER WALL CLOCK",-2,"3/31/11 11:58",8.5,16801,"United Kingdom"
"C548460","22191","IVORY DINER WALL CLOCK",-2,"3/31/11 11:58",8.5,16801,"United Kingdom"
"C548460","21908","CHOCOLATE THIS WAY METAL SIGN",-12,"3/31/11 11:58",2.1,16801,"United Kingdom"
"C548460","21903","MAN FLU METAL SIGN",-12,"3/31/11 11:58",2.1,16801,"United Kingdom"
"C548460","21877","HOME SWEET HOME MUG",-12,"3/31/11 11:58",1.25,16801,"United Kingdom"
"C548460","21873","IF YOU CAN'T STAND THE HEAT MUG",-12,"3/31/11 11:58",1.25,16801,"United Kingdom"
"C548460","21868","POTTING SHED TEA MUG",-12,"3/31/11 11:58",1.25,16801,"United Kingdom"
"C548460","21745","GAOLERS KEYS DECORATIVE GARDEN",-4,"3/31/11 11:58",3.75,16801,"United Kingdom"
"C548460","21622","VINTAGE UNION JACK CUSHION COVER",-4,"3/31/11 11:58",4.95,16801,"United Kingdom"
"C548460","21523","DOORMAT FANCY FONT HOME SWEET HOME",-2,"3/31/11 11:58",7.95,16801,"United Kingdom"
"C548460","48194","DOORMAT HEARTS",-2,"3/31/11 11:58",7.95,16801,"United Kingdom"
"C548460","48188","DOORMAT WELCOME PUPPIES",-2,"3/31/11 11:58",7.95,16801,"United Kingdom"
"C548460","48187","DOORMAT NEW ENGLAND",-2,"3/31/11 11:58",7.95,16801,"United Kingdom"
"C548460","48185","DOORMAT FAIRY CAKE",-2,"3/31/11 11:58",7.95,16801,"United Kingdom"
"C548460","48184","DOORMAT ENGLISH ROSE",-2,"3/31/11 11:58",7.95,16801,"United Kingdom"
"C548460","48138","DOORMAT UNION FLAG",-2,"3/31/11 11:58",7.95,16801,"United Kingdom"
"C548460","48129","DOORMAT TOPIARY",-2,"3/31/11 11:58",7.95,16801,"United Kingdom"
"C548460","48111","DOORMAT 3 SMILEY CATS",-2,"3/31/11 11:58",7.95,16801,"United Kingdom"
"C548460","22990","COTTON APRON PANTRY DESIGN",-2,"3/31/11 11:58",4.95,16801,"United Kingdom"
"C548460","22980","PANTRY SCRUBBING BRUSH",-12,"3/31/11 11:58",1.65,16801,"United Kingdom"
"C548460","22979","PANTRY WASHING UP BRUSH",-12,"3/31/11 11:58",1.45,16801,"United Kingdom"
"C548460","22960","JAM MAKING SET WITH JARS",-6,"3/31/11 11:58",4.25,16801,"United Kingdom"
"C548460","22846","BREAD BIN DINER STYLE RED",-1,"3/31/11 11:58",16.95,16801,"United Kingdom"
"C548460","22842","BISCUIT TIN VINTAGE RED",-2,"3/31/11 11:58",6.75,16801,"United Kingdom"
"C548460","22840","ROUND CAKE TIN VINTAGE RED",-2,"3/31/11 11:58",7.95,16801,"United Kingdom"
"C548460","22760","TRAY, BREAKFAST IN BED",-1,"3/31/11 11:58",12.75,16801,"United Kingdom"
"C548460","22722","SET OF 6 SPICE TINS PANTRY DESIGN",-4,"3/31/11 11:58",3.95,16801,"United Kingdom"
"C548460","22720","SET OF 3 CAKE TINS PANTRY DESIGN",-3,"3/31/11 11:58",4.95,16801,"United Kingdom"
"C548460","22692","DOORMAT WELCOME TO OUR HOME",-2,"3/31/11 11:58",7.95,16801,"United Kingdom"
"C548460","22691","DOORMAT WELCOME SUNRISE",-2,"3/31/11 11:58",7.95,16801,"United Kingdom"
"C548460","22690","DOORMAT HOME SWEET HOME BLUE",-2,"3/31/11 11:58",7.95,16801,"United Kingdom"
"C548460","22626","BLACK KITCHEN SCALES",-2,"3/31/11 11:58",8.5,16801,"United Kingdom"
"C548460","22625","RED KITCHEN SCALES",-2,"3/31/11 11:58",8.5,16801,"United Kingdom"
"C548460","22624","IVORY KITCHEN SCALES",-2,"3/31/11 11:58",8.5,16801,"United Kingdom"
"C548460","22457","NATURAL SLATE HEART CHALKBOARD",-6,"3/31/11 11:58",2.95,16801,"United Kingdom"
"C548460","22456","NATURAL SLATE CHALKBOARD LARGE",-3,"3/31/11 11:58",4.95,16801,"United Kingdom"
"C548460","22430","ENAMEL WATERING CAN CREAM",-4,"3/31/11 11:58",4.95,16801,"United Kingdom"
"C548460","22429","ENAMEL MEASURING JUG CREAM",-4,"3/31/11 11:58",4.25,16801,"United Kingdom"
"C548460","22427","ENAMEL FLOWER JUG CREAM",-3,"3/31/11 11:58",5.95,16801,"United Kingdom"
"548461","22249","DECORATION WHITE CHICK MAGIC GARDEN",1,"3/31/11 12:08",0.85,14527,"United Kingdom"
"548461","22248","DECORATION  PINK CHICK MAGIC GARDEN",1,"3/31/11 12:08",0.85,14527,"United Kingdom"
"548461","84459A","PINK METAL CHICKEN HEART",2,"3/31/11 12:08",1.49,14527,"United Kingdom"
"548461","22266","EASTER DECORATION HANGING BUNNY",3,"3/31/11 12:08",0.65,14527,"United Kingdom"
"548461","22270","HAPPY EASTER HANGING DECORATION",3,"3/31/11 12:08",3.75,14527,"United Kingdom"
"548461","22241","GARLAND WOODEN HAPPY EASTER",2,"3/31/11 12:08",1.25,14527,"United Kingdom"
"548461","M","Manual",2,"3/31/11 12:08",0.5,14527,"United Kingdom"
"548461","22229","BUNNY WOODEN PAINTED WITH FLOWER",2,"3/31/11 12:08",0.85,14527,"United Kingdom"
"548461","22252","BIRDCAGE DECORATION TEALIGHT HOLDER",1,"3/31/11 12:08",1.25,14527,"United Kingdom"
"548461","22894","TABLECLOTH RED APPLES DESIGN",1,"3/31/11 12:08",9.95,14527,"United Kingdom"
"548461","22939","APRON APPLE DELIGHT",1,"3/31/11 12:08",4.95,14527,"United Kingdom"
"548461","21242","RED RETROSPOT PLATE",8,"3/31/11 12:08",1.69,14527,"United Kingdom"
"548461","21239","PINK  POLKADOT CUP",2,"3/31/11 12:08",0.85,14527,"United Kingdom"
"548461","22282","12 EGG HOUSE PAINTED WOOD",1,"3/31/11 12:08",12.75,14527,"United Kingdom"
"548461","84997B","CHILDRENS CUTLERY RETROSPOT RED",6,"3/31/11 12:08",4.15,14527,"United Kingdom"
"548461","22193","RED DINER WALL CLOCK",2,"3/31/11 12:08",8.5,14527,"United Kingdom"
"548461","21216","SET 3 RETROSPOT TEA,COFFEE,SUGAR",1,"3/31/11 12:08",4.95,14527,"United Kingdom"
"548461","21485","RETROSPOT HEART HOT WATER BOTTLE",1,"3/31/11 12:08",4.95,14527,"United Kingdom"
"548461","21238","RED RETROSPOT CUP",6,"3/31/11 12:08",0.85,14527,"United Kingdom"
"548461","20676","RED RETROSPOT BOWL",5,"3/31/11 12:08",1.25,14527,"United Kingdom"
"548461","20677","PINK POLKADOT BOWL",1,"3/31/11 12:08",1.25,14527,"United Kingdom"
"548461","21115","ROSE CARAVAN DOORSTOP",1,"3/31/11 12:08",6.75,14527,"United Kingdom"
"548461","22386","JUMBO BAG PINK POLKADOT",2,"3/31/11 12:08",2.08,14527,"United Kingdom"
"C548462","D","Discount",-1,"3/31/11 12:11",14.52,14527,"United Kingdom"
"C548463","82483","WOOD 2 DRAWER CABINET WHITE FINISH",-18,"3/31/11 12:11",5.95,13225,"United Kingdom"
"C548463","82483","WOOD 2 DRAWER CABINET WHITE FINISH",-46,"3/31/11 12:11",5.95,13225,"United Kingdom"
"C548464","22846","BREAD BIN DINER STYLE RED",-3,"3/31/11 12:14",14.95,13043,"United Kingdom"
"C548465","22776","SWEETHEART CAKESTAND 3 TIER",-23,"3/31/11 12:17",8.5,17526,"United Kingdom"
"548466","22264","FELT FARM ANIMAL WHITE BUNNY",12,"3/31/11 12:19",0.85,16386,"United Kingdom"
"548466","84997A","CHILDRENS CUTLERY POLKADOT GREEN",4,"3/31/11 12:19",4.15,16386,"United Kingdom"
"548466","84997D","CHILDRENS CUTLERY POLKADOT PINK",4,"3/31/11 12:19",4.15,16386,"United Kingdom"
"548466","22328","ROUND SNACK BOXES SET OF 4 FRUITS",6,"3/31/11 12:19",2.95,16386,"United Kingdom"
"C548467","22617","BAKING SET SPACEBOY DESIGN",-2,"3/31/11 12:20",4.95,16619,"United Kingdom"
"C548467","22502","PICNIC BASKET WICKER SMALL",-2,"3/31/11 12:20",5.95,16619,"United Kingdom"
"548468","21812","GARLAND WITH HEARTS AND BELLS",2,"3/31/11 12:28",4.95,14818,"United Kingdom"
"548468","22222","CAKE PLATE LOVEBIRD WHITE",2,"3/31/11 12:28",4.95,14818,"United Kingdom"
"548468","21664","RIDGED GLASS STORAGE JAR CREAM LID",2,"3/31/11 12:28",3.75,14818,"United Kingdom"
"548468","22430","ENAMEL WATERING CAN CREAM",3,"3/31/11 12:28",4.95,14818,"United Kingdom"
"548468","22776","SWEETHEART CAKESTAND 3 TIER",1,"3/31/11 12:28",9.95,14818,"United Kingdom"
"548468","84625C","BLUE NEW BAROQUE CANDLESTICK CANDLE",2,"3/31/11 12:28",2.95,14818,"United Kingdom"
"548468","21609","SET 12 LAVENDER  BOTANICAL T-LIGHTS",1,"3/31/11 12:28",2.95,14818,"United Kingdom"
"548468","22360","GLASS JAR ENGLISH CONFECTIONERY",5,"3/31/11 12:28",2.95,14818,"United Kingdom"
"548468","22962","JAM JAR WITH PINK LID",2,"3/31/11 12:28",0.85,14818,"United Kingdom"
"548468","22963","JAM JAR WITH GREEN LID",2,"3/31/11 12:28",0.85,14818,"United Kingdom"
"548468","47566","PARTY BUNTING",4,"3/31/11 12:28",4.95,14818,"United Kingdom"
"548468","22561","WOODEN SCHOOL COLOURING SET",4,"3/31/11 12:28",1.65,14818,"United Kingdom"
"548468","21340","CLASSIC METAL BIRDCAGE PLANT HOLDER",1,"3/31/11 12:28",12.75,14818,"United Kingdom"
"C548469","22624","IVORY KITCHEN SCALES",-4,"3/31/11 12:32",7.65,14543,"United Kingdom"
"C548469","21528","DAIRY MAID TRADITIONAL TEAPOT",-2,"3/31/11 12:32",5.95,14543,"United Kingdom"
"C548469","21534","DAIRY MAID LARGE MILK JUG",-1,"3/31/11 12:32",4.95,14543,"United Kingdom"
"C548469","21781","MA CAMPAGNE CUTLERY BOX",-7,"3/31/11 12:32",12.75,14543,"United Kingdom"
"C548469","21843","RED RETROSPOT CAKE STAND",-1,"3/31/11 12:32",9.95,14543,"United Kingdom"
"C548469","M","Manual",-1,"3/31/11 12:32",12.75,14543,"United Kingdom"
"C548469","21258","VICTORIAN SEWING BOX LARGE",-4,"3/31/11 12:32",12.75,14543,"United Kingdom"
"C548469","22207","FRYING PAN UNION FLAG",-1,"3/31/11 12:32",4.25,14543,"United Kingdom"
"C548469","M","Manual",-2,"3/31/11 12:32",10.95,14543,"United Kingdom"
"C548469","22625","RED KITCHEN SCALES",-2,"3/31/11 12:32",7.65,14543,"United Kingdom"
"C548469","22627","MINT KITCHEN SCALES",-1,"3/31/11 12:32",0.76,14543,"United Kingdom"
"C548469","22624","IVORY KITCHEN SCALES",-4,"3/31/11 12:32",7.65,14543,"United Kingdom"
"548470","84879","ASSORTED COLOUR BIRD ORNAMENT",8,"3/31/11 12:36",1.69,12782,"Portugal"
"548470","22139","RETROSPOT TEA SET CERAMIC 11 PC",12,"3/31/11 12:36",4.95,12782,"Portugal"
"548470","22967","SET 3 SONG BIRD PAPER EGGS ASSORTED",12,"3/31/11 12:36",2.95,12782,"Portugal"
"548470","22957","SET 3 PAPER VINTAGE CHICK PAPER EGG",12,"3/31/11 12:36",2.95,12782,"Portugal"
"548470","22620","4 TRADITIONAL SPINNING TOPS",12,"3/31/11 12:36",1.25,12782,"Portugal"
"548470","47591D","PINK FAIRY CAKE CHILDRENS APRON",16,"3/31/11 12:36",1.95,12782,"Portugal"
"548470","22276","WASH BAG VINTAGE ROSE PAISLEY",6,"3/31/11 12:36",2.55,12782,"Portugal"
"548470","21935","SUKI  SHOULDER BAG",20,"3/31/11 12:36",1.65,12782,"Portugal"
"548470","21914","BLUE HARMONICA IN BOX",12,"3/31/11 12:36",1.25,12782,"Portugal"
"548470","85123A","WHITE HANGING HEART T-LIGHT HOLDER",12,"3/31/11 12:36",2.95,12782,"Portugal"
"548470","22321","BIRD DECORATION RED RETROSPOT",24,"3/31/11 12:36",0.85,12782,"Portugal"
"548470","84581","DOG TOY WITH PINK CROCHET SKIRT",4,"3/31/11 12:36",3.75,12782,"Portugal"
"548470","POST","POSTAGE",2,"3/31/11 12:36",28,12782,"Portugal"
"548470","22355","CHARLOTTE BAG SUKI DESIGN",10,"3/31/11 12:36",0.85,12782,"Portugal"
"548470","21580","RABBIT  DESIGN  COTTON TOTE BAG",6,"3/31/11 12:36",2.25,12782,"Portugal"
"548470","21578","WOODLAND DESIGN  COTTON TOTE BAG",6,"3/31/11 12:36",2.25,12782,"Portugal"
"C548471","22776","SWEETHEART CAKESTAND 3 TIER",-1,"3/31/11 12:38",9.95,14267,"United Kingdom"
"548484","82582","AREA PATROLLED METAL SIGN",2,"3/31/11 12:43",2.1,13571,"United Kingdom"
"548484","21907","I'M ON HOLIDAY METAL SIGN",2,"3/31/11 12:43",2.1,13571,"United Kingdom"
"548484","21187","WHITE BELL HONEYCOMB PAPER GARLAND",4,"3/31/11 12:43",1.65,13571,"United Kingdom"
"548484","22090","PAPER BUNTING RETROSPOT",1,"3/31/11 12:43",2.95,13571,"United Kingdom"
"548484","22892","SET OF SALT AND PEPPER TOADSTOOLS",2,"3/31/11 12:43",1.25,13571,"United Kingdom"
"548484","22197","SMALL POPCORN HOLDER",15,"3/31/11 12:43",0.85,13571,"United Kingdom"
"548484","22700","BLACK AND WHITE DOG BOWL",1,"3/31/11 12:43",2.95,13571,"United Kingdom"
"548484","21733","RED HANGING HEART T-LIGHT HOLDER",2,"3/31/11 12:43",2.95,13571,"United Kingdom"
"548484","85123A","WHITE HANGING HEART T-LIGHT HOLDER",2,"3/31/11 12:43",2.95,13571,"United Kingdom"
"548484","23183","MOTHER'S KITCHEN SPOON REST",1,"3/31/11 12:43",3.75,13571,"United Kingdom"
"548484","22667","RECIPE BOX RETROSPOT",3,"3/31/11 12:43",2.95,13571,"United Kingdom"
"548484","22628","PICNIC BOXES SET OF 3 RETROSPOT",1,"3/31/11 12:43",4.95,13571,"United Kingdom"
"548484","20914","SET/5 RED RETROSPOT LID GLASS BOWLS",1,"3/31/11 12:43",2.95,13571,"United Kingdom"
"548484","21210","SET OF 72 RETROSPOT PAPER  DOILIES",1,"3/31/11 12:43",1.45,13571,"United Kingdom"
"548484","21080","SET/20 RED RETROSPOT PAPER NAPKINS",2,"3/31/11 12:43",0.85,13571,"United Kingdom"
"548484","21931","JUMBO STORAGE BAG SUKI",2,"3/31/11 12:43",2.08,13571,"United Kingdom"
"548484","20712","JUMBO BAG WOODLAND ANIMALS",2,"3/31/11 12:43",2.08,13571,"United Kingdom"
"548484","21926","RED/CREAM STRIPE CUSHION COVER",2,"3/31/11 12:43",1.25,13571,"United Kingdom"
"548484","22354","RETROSPOT PADDED SEAT CUSHION",4,"3/31/11 12:43",3.75,13571,"United Kingdom"
"548484","20717","STRAWBERRY SHOPPER BAG",2,"3/31/11 12:43",1.25,13571,"United Kingdom"
"548484","20718","RED RETROSPOT SHOPPER BAG",2,"3/31/11 12:43",1.25,13571,"United Kingdom"
"548484","20719","WOODLAND CHARLOTTE BAG",5,"3/31/11 12:43",0.85,13571,"United Kingdom"
"548484","20724","RED RETROSPOT CHARLOTTE BAG",5,"3/31/11 12:43",0.85,13571,"United Kingdom"
"548484","22669","RED BABY BUNTING",2,"3/31/11 12:43",2.95,13571,"United Kingdom"
"548484","22356","CHARLOTTE BAG PINK POLKADOT",5,"3/31/11 12:43",0.85,13571,"United Kingdom"
"548484","22355","CHARLOTTE BAG SUKI DESIGN",5,"3/31/11 12:43",0.85,13571,"United Kingdom"
"548484","21473","SWEETHEART CREAM STEEL TABLE RECT",1,"3/31/11 12:43",19.95,13571,"United Kingdom"
"C548485","22699","ROSES REGENCY TEACUP AND SAUCER",-1,"3/31/11 12:50",2.95,14051,"United Kingdom"
"C548485","22698","PINK REGENCY TEACUP AND SAUCER",-2,"3/31/11 12:50",2.95,14051,"United Kingdom"
"548486","20725","LUNCH BAG RED RETROSPOT",10,"3/31/11 12:51",1.65,12909,"United Kingdom"
"548486","22978","PANTRY ROLLING PIN",6,"3/31/11 12:51",3.75,12909,"United Kingdom"
"548486","22666","RECIPE BOX PANTRY YELLOW DESIGN",6,"3/31/11 12:51",2.95,12909,"United Kingdom"
"548486","84378","SET OF 3 HEART COOKIE CUTTERS",12,"3/31/11 12:51",1.25,12909,"United Kingdom"
"548486","22993","SET OF 4 PANTRY JELLY MOULDS",12,"3/31/11 12:51",1.25,12909,"United Kingdom"
"548486","22969","HOMEMADE JAM SCENTED CANDLES",12,"3/31/11 12:51",1.45,12909,"United Kingdom"
"548486","22982","PANTRY PASTRY BRUSH",12,"3/31/11 12:51",1.25,12909,"United Kingdom"
"548486","22960","JAM MAKING SET WITH JARS",6,"3/31/11 12:51",4.25,12909,"United Kingdom"
"548486","22979","PANTRY WASHING UP BRUSH",12,"3/31/11 12:51",1.45,12909,"United Kingdom"
"548486","22356","CHARLOTTE BAG PINK POLKADOT",10,"3/31/11 12:51",0.85,12909,"United Kingdom"
"548486","22776","SWEETHEART CAKESTAND 3 TIER",1,"3/31/11 12:51",9.95,12909,"United Kingdom"
"548486","72760B","VINTAGE CREAM 3 BASKET CAKE STAND",2,"3/31/11 12:51",9.95,12909,"United Kingdom"
"548486","22906","12 MESSAGE CARDS WITH ENVELOPES",12,"3/31/11 12:51",1.65,12909,"United Kingdom"
"548486","23078","ICE CREAM PEN LIP GLOSS",24,"3/31/11 12:51",1.25,12909,"United Kingdom"
"548486","22937","BAKING MOULD CHOCOLATE CUPCAKES",6,"3/31/11 12:51",2.55,12909,"United Kingdom"
"548486","84992","72 SWEETHEART FAIRY CAKE CASES",24,"3/31/11 12:51",0.55,12909,"United Kingdom"
"C548487","22798","ANTIQUE GLASS DRESSING TABLE POT",-1,"3/31/11 12:57",2.95,14952,"United Kingdom"
"C548487","22667","RECIPE BOX RETROSPOT",-1,"3/31/11 12:57",2.95,14952,"United Kingdom"
"C548487","22637","PIGGY BANK RETROSPOT",-8,"3/31/11 12:57",2.55,14952,"United Kingdom"
"C548488","22891","TEA FOR ONE POLKADOT",-1,"3/31/11 13:03",4.25,16638,"United Kingdom"
"548489","22423","REGENCY CAKESTAND 3 TIER",3,"3/31/11 13:10",12.75,12619,"Germany"
"548489","22215","CAKE STAND WHITE TWO TIER LACE",10,"3/31/11 13:10",8.5,12619,"Germany"
"548489","72760B","VINTAGE CREAM 3 BASKET CAKE STAND",4,"3/31/11 13:10",9.95,12619,"Germany"
"548489","21843","RED RETROSPOT CAKE STAND",3,"3/31/11 13:10",10.95,12619,"Germany"
"548489","22893","MINI CAKE STAND T-LIGHT HOLDER",24,"3/31/11 13:10",0.42,12619,"Germany"
"548490","21735","TWO DOOR CURIO CABINET",4,"3/31/11 13:13",12.75,12909,"United Kingdom"
"548490","85066","CREAM SWEETHEART MINI CHEST",4,"3/31/11 13:13",12.75,12909,"United Kingdom"
"548490","16048","TEATIME ROUND PENCIL SHARPENER",96,"3/31/11 13:13",0.12,12909,"United Kingdom"
"548490","21398","RED POLKADOT COFFEE  MUG",48,"3/31/11 13:13",0.39,12909,"United Kingdom"
"548490","21400","RED PUDDING SPOON",24,"3/31/11 13:13",0.12,12909,"United Kingdom"
"548490","21399","BLUE POLKADOT COFFEE MUG",48,"3/31/11 13:13",0.39,12909,"United Kingdom"
"548490","21401","BLUE PUDDING SPOON",24,"3/31/11 13:13",0.12,12909,"United Kingdom"
"548490","37342","POLKADOT COFFEE CUP & SAUCER PINK",24,"3/31/11 13:13",0.79,12909,"United Kingdom"
"548490","37327","ASSTD MULTICOLOUR CIRCLES MUG",48,"3/31/11 13:13",0.39,12909,"United Kingdom"
"548490","48194","DOORMAT HEARTS",2,"3/31/11 13:13",7.95,12909,"United Kingdom"
"548490","21212","PACK OF 72 RETROSPOT CAKE CASES",24,"3/31/11 13:13",0.55,12909,"United Kingdom"
"548490","22423","REGENCY CAKESTAND 3 TIER",1,"3/31/11 13:13",12.75,12909,"United Kingdom"
"548490","85099B","JUMBO BAG RED RETROSPOT",10,"3/31/11 13:13",1.95,12909,"United Kingdom"
"548490","22595","GINGHAM HEART DECORATION",12,"3/31/11 13:13",0.85,12909,"United Kingdom"
"548490","22827","RUSTIC  SEVENTEEN DRAWER SIDEBOARD",1,"3/31/11 13:13",165,12909,"United Kingdom"
"548490","22960","JAM MAKING SET WITH JARS",6,"3/31/11 13:13",4.25,12909,"United Kingdom"
"548490","22962","JAM JAR WITH PINK LID",12,"3/31/11 13:13",0.85,12909,"United Kingdom"
"548490","22961","JAM MAKING SET PRINTED",12,"3/31/11 13:13",1.45,12909,"United Kingdom"
"548490","22654","DELUXE SEWING KIT",3,"3/31/11 13:13",5.95,12909,"United Kingdom"
"548490","22968","ROSE COTTAGE KEEPSAKE BOX",2,"3/31/11 13:13",9.95,12909,"United Kingdom"
"548490","22508","DOORSTOP RETROSPOT HEART",4,"3/31/11 13:13",3.75,12909,"United Kingdom"
"548490","84997B","CHILDRENS CUTLERY RETROSPOT RED",4,"3/31/11 13:13",4.15,12909,"United Kingdom"
"548490","84997D","CHILDRENS CUTLERY POLKADOT PINK",4,"3/31/11 13:13",4.15,12909,"United Kingdom"
"548490","21559","STRAWBERRY LUNCH BOX WITH CUTLERY",6,"3/31/11 13:13",2.55,12909,"United Kingdom"
"548490","22848","BREAD BIN DINER STYLE PINK",1,"3/31/11 13:13",16.95,12909,"United Kingdom"
"548490","21217","RED RETROSPOT ROUND CAKE TINS",1,"3/31/11 13:13",9.95,12909,"United Kingdom"
"548490","20754","RETROSPOT RED WASHING UP GLOVES",6,"3/31/11 13:13",2.1,12909,"United Kingdom"
"548491","10123C","HEARTS WRAPPING TAPE",1,"3/31/11 13:14",0.65,14064,"United Kingdom"
"548491","10125","MINI FUNKY DESIGN TAPES",1,"3/31/11 13:14",0.85,14064,"United Kingdom"
"548491","21166","COOK WITH WINE METAL SIGN",12,"3/31/11 13:14",2.08,14064,"United Kingdom"
"548491","22585","PACK OF 6 BIRDY GIFT TAGS",10,"3/31/11 13:14",1.25,14064,"United Kingdom"
"548491","22804","CANDLEHOLDER PINK HANGING HEART",3,"3/31/11 13:14",2.95,14064,"United Kingdom"
"548491","35961","FOLKART ZINC HEART CHRISTMAS DEC",12,"3/31/11 13:14",0.85,14064,"United Kingdom"
"548491","22151","PLACE SETTING WHITE HEART",864,"3/31/11 13:14",0.36,14064,"United Kingdom"
"548491","85197","SET OF 12 MINI BUNNIES IN A BUCKET",3,"3/31/11 13:14",2.1,14064,"United Kingdom"
"548492","21361","LOVE LARGE WOOD LETTERS",1,"3/31/11 13:14",12.75,17841,"United Kingdom"
"548492","22602","RETROSPOT WOODEN HEART DECORATION",1,"3/31/11 13:14",0.85,17841,"United Kingdom"
"548492","21270","ANTIQUE CREAM CUTLERY CUPBOARD",1,"3/31/11 13:14",12.75,17841,"United Kingdom"
"548492","84743C","ORANGE FELT VASE + FLOWERS",1,"3/31/11 13:14",1.25,17841,"United Kingdom"
"548492","22457","NATURAL SLATE HEART CHALKBOARD",1,"3/31/11 13:14",2.95,17841,"United Kingdom"
"548492","20735","BLACK MINI TAPE MEASURE",1,"3/31/11 13:14",0.85,17841,"United Kingdom"
"548492","21975","PACK OF 60 DINOSAUR CAKE CASES",10,"3/31/11 13:14",0.55,17841,"United Kingdom"
"548492","47566","PARTY BUNTING",1,"3/31/11 13:14",4.95,17841,"United Kingdom"
"548492","22499","WOODEN UNION JACK BUNTING",1,"3/31/11 13:14",5.95,17841,"United Kingdom"
"548492","22654","DELUXE SEWING KIT",1,"3/31/11 13:14",5.95,17841,"United Kingdom"
"548492","22996","TRAVEL CARD WALLET VINTAGE TICKET",1,"3/31/11 13:14",0.42,17841,"United Kingdom"
"548492","22727","ALARM CLOCK BAKELIKE RED",2,"3/31/11 13:14",3.75,17841,"United Kingdom"
"548492","22726","ALARM CLOCK BAKELIKE GREEN",2,"3/31/11 13:14",3.75,17841,"United Kingdom"
"548492","20668","DISCO BALL CHRISTMAS DECORATION",24,"3/31/11 13:14",0.12,17841,"United Kingdom"
"548492","79321","CHILLI LIGHTS",5,"3/31/11 13:14",5.75,17841,"United Kingdom"
"548492","22087","PAPER BUNTING WHITE LACE",4,"3/31/11 13:14",2.95,17841,"United Kingdom"
"548492","47590B","PINK HAPPY BIRTHDAY BUNTING",1,"3/31/11 13:14",5.45,17841,"United Kingdom"
"548492","22957","SET 3 PAPER VINTAGE CHICK PAPER EGG",1,"3/31/11 13:14",2.95,17841,"United Kingdom"
"548492","22659","LUNCH BOX I LOVE LONDON",1,"3/31/11 13:14",1.95,17841,"United Kingdom"
"548492","22631","CIRCUS PARADE LUNCH BOX",1,"3/31/11 13:14",1.95,17841,"United Kingdom"
"548492","20728","LUNCH BAG CARS BLUE",3,"3/31/11 13:14",1.65,17841,"United Kingdom"
"548492","47594B","SCOTTIES DESIGN WASHBAG",1,"3/31/11 13:14",1.95,17841,"United Kingdom"
"548492","22475","SKULL DESIGN TV DINNER TRAY",1,"3/31/11 13:14",4.95,17841,"United Kingdom"
"548492","22041","RECORD FRAME 7"" SINGLE SIZE",9,"3/31/11 13:14",2.55,17841,"United Kingdom"
"548492","22355","CHARLOTTE BAG SUKI DESIGN",2,"3/31/11 13:14",0.85,17841,"United Kingdom"
"548492","22356","CHARLOTTE BAG PINK POLKADOT",1,"3/31/11 13:14",0.85,17841,"United Kingdom"
"548492","20719","WOODLAND CHARLOTTE BAG",1,"3/31/11 13:14",0.85,17841,"United Kingdom"
"548492","20727","LUNCH BAG  BLACK SKULL.",1,"3/31/11 13:14",1.65,17841,"United Kingdom"
"548492","22382","LUNCH BAG SPACEBOY DESIGN",1,"3/31/11 13:14",1.65,17841,"United Kingdom"
"548492","20725","LUNCH BAG RED RETROSPOT",1,"3/31/11 13:14",1.65,17841,"United Kingdom"
"548492","21935","SUKI  SHOULDER BAG",5,"3/31/11 13:14",1.65,17841,"United Kingdom"
"548492","20724","RED RETROSPOT CHARLOTTE BAG",2,"3/31/11 13:14",0.85,17841,"United Kingdom"
"548492","20961","STRAWBERRY BATH SPONGE",1,"3/31/11 13:14",1.25,17841,"United Kingdom"
"548492","21175","GIN + TONIC DIET METAL SIGN",1,"3/31/11 13:14",2.55,17841,"United Kingdom"
"548492","21669","BLUE STRIPE CERAMIC DRAWER KNOB",19,"3/31/11 13:14",1.25,17841,"United Kingdom"
"548492","21670","BLUE SPOT CERAMIC DRAWER KNOB",2,"3/31/11 13:14",1.25,17841,"United Kingdom"
"548492","20728","LUNCH BAG CARS BLUE",3,"3/31/11 13:14",1.65,17841,"United Kingdom"
"548493","22384","LUNCH BAG PINK POLKADOT",20,"3/31/11 13:14",1.65,16839,"United Kingdom"
"548493","84946","ANTIQUE SILVER T-LIGHT GLASS",72,"3/31/11 13:14",1.06,16839,"United Kingdom"
"548493","22178","VICTORIAN GLASS HANGING T-LIGHT",96,"3/31/11 13:14",1.06,16839,"United Kingdom"
"548493","21216","SET 3 RETROSPOT TEA,COFFEE,SUGAR",24,"3/31/11 13:14",4.25,16839,"United Kingdom"
"548493","20728","LUNCH BAG CARS BLUE",10,"3/31/11 13:14",1.65,16839,"United Kingdom"
"548493","20749","ASSORTED COLOUR MINI CASES",2,"3/31/11 13:14",7.95,16839,"United Kingdom"
"548493","22379","RECYCLING BAG RETROSPOT",50,"3/31/11 13:14",1.85,16839,"United Kingdom"
"548493","21340","CLASSIC METAL BIRDCAGE PLANT HOLDER",16,"3/31/11 13:14",9.95,16839,"United Kingdom"
"548493","22423","REGENCY CAKESTAND 3 TIER",16,"3/31/11 13:14",10.95,16839,"United Kingdom"
"548493","22487","WHITE WOOD GARDEN PLANT LADDER",8,"3/31/11 13:14",8.5,16839,"United Kingdom"
"548494","22085","PAPER CHAIN KIT SKULLS",80,"3/31/11 13:33",2.55,16698,"United Kingdom"
"548494","22083","PAPER CHAIN KIT RETROSPOT",120,"3/31/11 13:33",2.55,16698,"United Kingdom"
"548494","22084","PAPER CHAIN KIT EMPIRE",160,"3/31/11 13:33",2.55,16698,"United Kingdom"
"548494","22148","EASTER CRAFT 4 CHICKS",160,"3/31/11 13:33",1.65,16698,"United Kingdom"
"C548495","21528","DAIRY MAID TRADITIONAL TEAPOT",-1,"3/31/11 13:34",6.95,17075,"United Kingdom"
"C548495","21527","RED RETROSPOT TRADITIONAL TEAPOT",-1,"3/31/11 13:34",7.95,17075,"United Kingdom"
"C548495","71038","WHITE HANGING BEADS CANDLE HOLDER",-1,"3/31/11 13:34",5.45,17075,"United Kingdom"
"548496","23157","SET OF 6 NATIVITY MAGNETS",1,"3/31/11 13:40",2.08,12678,"France"
"548496","22941","CHRISTMAS LIGHTS 10 REINDEER",1,"3/31/11 13:40",8.5,12678,"France"
"548496","22433","WATERING CAN GREEN DINOSAUR",1,"3/31/11 13:40",1.95,12678,"France"
"548496","22431","WATERING CAN BLUE ELEPHANT",1,"3/31/11 13:40",1.95,12678,"France"
"548496","22616","PACK OF 12 LONDON TISSUES",120,"3/31/11 13:40",0.29,12678,"France"
"548496","22555","PLASTERS IN TIN STRONGMAN",96,"3/31/11 13:40",1.45,12678,"France"
"548496","22551","PLASTERS IN TIN SPACEBOY",96,"3/31/11 13:40",1.45,12678,"France"
"548496","22556","PLASTERS IN TIN CIRCUS PARADE",96,"3/31/11 13:40",1.45,12678,"France"
"548496","22554","PLASTERS IN TIN WOODLAND ANIMALS",96,"3/31/11 13:40",1.45,12678,"France"
"548496","22434","BALLOON PUMP WITH 10 BALLOONS",72,"3/31/11 13:40",1.95,12678,"France"
"548496","22492","MINI PAINT SET VINTAGE",72,"3/31/11 13:40",0.65,12678,"France"
"548496","21725","SWEETIES  STICKERS",24,"3/31/11 13:40",0.85,12678,"France"
"548496","21724","PANDA AND BUNNIES STICKER SHEET",24,"3/31/11 13:40",0.85,12678,"France"
"548496","21723","ALPHABET HEARTS STICKER SHEET",24,"3/31/11 13:40",0.85,12678,"France"
"548496","22563","HAPPY STENCIL CRAFT",60,"3/31/11 13:40",1.25,12678,"France"
"548496","22562","MONSTERS STENCIL CRAFT",60,"3/31/11 13:40",1.25,12678,"France"
"548496","85099F","JUMBO BAG STRAWBERRY",200,"3/31/11 13:40",1.79,12678,"France"
"548496","22386","JUMBO BAG PINK POLKADOT",200,"3/31/11 13:40",1.79,12678,"France"
"548496","21094","SET/6 RED SPOTTY PAPER PLATES",96,"3/31/11 13:40",0.64,12678,"France"
"548496","21086","SET/6 RED SPOTTY PAPER CUPS",108,"3/31/11 13:40",0.65,12678,"France"
"548496","21080","SET/20 RED RETROSPOT PAPER NAPKINS",96,"3/31/11 13:40",0.72,12678,"France"
"548496","22963","JAM JAR WITH GREEN LID",96,"3/31/11 13:40",0.72,12678,"France"
"548496","22962","JAM JAR WITH PINK LID",96,"3/31/11 13:40",0.72,12678,"France"
"548496","22961","JAM MAKING SET PRINTED",48,"3/31/11 13:40",1.45,12678,"France"
"548496","22978","PANTRY ROLLING PIN",18,"3/31/11 13:40",3.75,12678,"France"
"548496","84375","SET OF 20 KIDS COOKIE CUTTERS",96,"3/31/11 13:40",2.1,12678,"France"
"548496","22989","SET 2 PANTRY DESIGN TEA TOWELS",100,"3/31/11 13:40",2.75,12678,"France"
"548496","22900","SET 2 TEA TOWELS I LOVE LONDON",72,"3/31/11 13:40",3.25,12678,"France"
"548496","22937","BAKING MOULD CHOCOLATE CUPCAKES",36,"3/31/11 13:40",2.55,12678,"France"
"548496","22133","PINK LOVE HEART SHAPE CUP",72,"3/31/11 13:40",0.85,12678,"France"
"548496","22132","RED LOVE HEART SHAPE CUP",72,"3/31/11 13:40",0.85,12678,"France"
"548496","22726","ALARM CLOCK BAKELIKE GREEN",8,"3/31/11 13:40",3.75,12678,"France"
"548496","22728","ALARM CLOCK BAKELIKE PINK",8,"3/31/11 13:40",3.75,12678,"France"
"548496","22846","BREAD BIN DINER STYLE RED",4,"3/31/11 13:40",14.95,12678,"France"
"548496","22432","WATERING CAN PINK BUNNY",1,"3/31/11 13:40",1.95,12678,"France"
"548497","22720","SET OF 3 CAKE TINS PANTRY DESIGN",6,"3/31/11 13:43",4.95,13089,"United Kingdom"
"548497","22692","DOORMAT WELCOME TO OUR HOME",4,"3/31/11 13:43",7.95,13089,"United Kingdom"
"548497","22669","RED BABY BUNTING",6,"3/31/11 13:43",2.95,13089,"United Kingdom"
"548497","22668","PINK BABY BUNTING",12,"3/31/11 13:43",2.95,13089,"United Kingdom"
"548497","22631","CIRCUS PARADE LUNCH BOX",12,"3/31/11 13:43",1.95,13089,"United Kingdom"
"548497","22630","DOLLY GIRL LUNCH BOX",12,"3/31/11 13:43",1.95,13089,"United Kingdom"
"548497","22629","SPACEBOY LUNCH BOX",12,"3/31/11 13:43",1.95,13089,"United Kingdom"
"548497","22488","NATURAL SLATE RECTANGLE CHALKBOARD",12,"3/31/11 13:43",1.65,13089,"United Kingdom"
"548497","22457","NATURAL SLATE HEART CHALKBOARD",12,"3/31/11 13:43",2.95,13089,"United Kingdom"
"548497","22441","GROW YOUR OWN BASIL IN ENAMEL MUG",12,"3/31/11 13:43",2.1,13089,"United Kingdom"
"548497","22386","JUMBO BAG PINK POLKADOT",10,"3/31/11 13:43",2.08,13089,"United Kingdom"
"548497","22365","DOORMAT RESPECTABLE HOUSE",4,"3/31/11 13:43",7.95,13089,"United Kingdom"
"548497","22356","CHARLOTTE BAG PINK POLKADOT",12,"3/31/11 13:43",0.85,13089,"United Kingdom"
"548497","22241","GARLAND WOODEN HAPPY EASTER",36,"3/31/11 13:43",1.25,13089,"United Kingdom"
"548497","22185","SLATE TILE NATURAL HANGING",12,"3/31/11 13:43",1.65,13089,"United Kingdom"
"548497","22178","VICTORIAN GLASS HANGING T-LIGHT",36,"3/31/11 13:43",1.25,13089,"United Kingdom"
"548497","22169","FAMILY ALBUM WHITE PICTURE FRAME",6,"3/31/11 13:43",8.5,13089,"United Kingdom"
"548497","22087","PAPER BUNTING WHITE LACE",24,"3/31/11 13:43",2.95,13089,"United Kingdom"
"548497","22077","6 RIBBONS RUSTIC CHARM",24,"3/31/11 13:43",1.65,13089,"United Kingdom"
"548497","22037","ROBOT BIRTHDAY CARD",24,"3/31/11 13:43",0.42,13089,"United Kingdom"
"548497","22029","SPACEBOY BIRTHDAY CARD",24,"3/31/11 13:43",0.42,13089,"United Kingdom"
"548497","21755","LOVE BUILDING BLOCK WORD",3,"3/31/11 13:43",5.95,13089,"United Kingdom"
"548497","21754","HOME BUILDING BLOCK WORD",6,"3/31/11 13:43",5.95,13089,"United Kingdom"
"548497","21559","STRAWBERRY LUNCH BOX WITH CUTLERY",6,"3/31/11 13:43",2.55,13089,"United Kingdom"
"548497","21558","SKULL LUNCH BOX WITH CUTLERY",6,"3/31/11 13:43",2.55,13089,"United Kingdom"
"548497","21524","DOORMAT SPOTTY HOME SWEET HOME",4,"3/31/11 13:43",7.95,13089,"United Kingdom"
"548497","21523","DOORMAT FANCY FONT HOME SWEET HOME",4,"3/31/11 13:43",7.95,13089,"United Kingdom"
"548497","21313","GLASS HEART T-LIGHT HOLDER",12,"3/31/11 13:43",0.85,13089,"United Kingdom"
"548497","21166","COOK WITH WINE METAL SIGN",12,"3/31/11 13:43",2.08,13089,"United Kingdom"
"548497","21165","BEWARE OF THE CAT METAL SIGN",12,"3/31/11 13:43",1.69,13089,"United Kingdom"
"548497","21135","VICTORIAN  METAL POSTCARD SPRING",24,"3/31/11 13:43",1.69,13089,"United Kingdom"
"548497","20727","LUNCH BAG  BLACK SKULL.",12,"3/31/11 13:43",1.65,13089,"United Kingdom"
"548497","20726","LUNCH BAG WOODLAND",12,"3/31/11 13:43",1.65,13089,"United Kingdom"
"548497","20725","LUNCH BAG RED RETROSPOT",12,"3/31/11 13:43",1.65,13089,"United Kingdom"
"548497","20724","RED RETROSPOT CHARLOTTE BAG",12,"3/31/11 13:43",0.85,13089,"United Kingdom"
"548497","20723","STRAWBERRY CHARLOTTE BAG",12,"3/31/11 13:43",0.85,13089,"United Kingdom"
"548497","20719","WOODLAND CHARLOTTE BAG",12,"3/31/11 13:43",0.85,13089,"United Kingdom"
"548497","20685","DOORMAT RED RETROSPOT",4,"3/31/11 13:43",7.95,13089,"United Kingdom"
"548497","85131A","BEADED PEARL HEART WHITE ON STICK",12,"3/31/11 13:43",1.25,13089,"United Kingdom"
"548497","85099F","JUMBO BAG STRAWBERRY",10,"3/31/11 13:43",2.08,13089,"United Kingdom"
"548497","84879","ASSORTED COLOUR BIRD ORNAMENT",36,"3/31/11 13:43",1.69,13089,"United Kingdom"
"548497","84406B","CREAM CUPID HEARTS COAT HANGER",36,"3/31/11 13:43",3.75,13089,"United Kingdom"
"548497","82484","WOOD BLACK BOARD ANT WHITE FINISH",12,"3/31/11 13:43",6.75,13089,"United Kingdom"
"548497","85099B","JUMBO BAG RED RETROSPOT",12,"3/31/11 13:43",2.08,13089,"United Kingdom"
"548497","79000","MOROCCAN TEA GLASS",12,"3/31/11 13:43",0.85,13089,"United Kingdom"
"548497","48194","DOORMAT HEARTS",4,"3/31/11 13:43",7.95,13089,"United Kingdom"
"548497","23126","FELTCRAFT GIRL AMELIE KIT",8,"3/31/11 13:43",4.95,13089,"United Kingdom"
"548497","22979","PANTRY WASHING UP BRUSH",12,"3/31/11 13:43",1.45,13089,"United Kingdom"
"548497","22963","JAM JAR WITH GREEN LID",12,"3/31/11 13:43",0.85,13089,"United Kingdom"
"548497","22960","JAM MAKING SET WITH JARS",8,"3/31/11 13:43",4.25,13089,"United Kingdom"
"548497","22907","PACK OF 20 NAPKINS PANTRY DESIGN",24,"3/31/11 13:43",0.85,13089,"United Kingdom"
"548497","22796","PHOTO FRAME 3 CLASSIC HANGING",6,"3/31/11 13:43",9.95,13089,"United Kingdom"
"548497","22773","GREEN DRAWER KNOB ACRYLIC EDWARDIAN",12,"3/31/11 13:43",1.25,13089,"United Kingdom"
"548497","22772","PINK DRAWER KNOB ACRYLIC EDWARDIAN",12,"3/31/11 13:43",1.25,13089,"United Kingdom"
"548497","22771","CLEAR DRAWER KNOB ACRYLIC EDWARDIAN",12,"3/31/11 13:43",1.25,13089,"United Kingdom"
"548497","22723","SET OF 6 HERB TINS SKETCHBOOK",4,"3/31/11 13:43",3.95,13089,"United Kingdom"
"548497","22722","SET OF 6 SPICE TINS PANTRY DESIGN",4,"3/31/11 13:43",3.95,13089,"United Kingdom"
"548498","22659","LUNCH BOX I LOVE LONDON",12,"3/31/11 13:46",1.95,16681,"United Kingdom"
"548498","22900","SET 2 TEA TOWELS I LOVE LONDON",24,"3/31/11 13:46",2.95,16681,"United Kingdom"
"548498","22971","QUEENS GUARD COFFEE MUG",6,"3/31/11 13:46",2.55,16681,"United Kingdom"
"548498","22970","LONDON BUS COFFEE MUG",12,"3/31/11 13:46",2.55,16681,"United Kingdom"
"548498","22660","DOORMAT I LOVE LONDON",2,"3/31/11 13:46",7.95,16681,"United Kingdom"
"548498","22616","PACK OF 12 LONDON TISSUES",48,"3/31/11 13:46",0.29,16681,"United Kingdom"
"548498","22713","CARD I LOVE LONDON",24,"3/31/11 13:46",0.42,16681,"United Kingdom"
"548498","22085","PAPER CHAIN KIT SKULLS",12,"3/31/11 13:46",2.95,16681,"United Kingdom"
"548498","22069","BROWN  PIRATE TREASURE CHEST",12,"3/31/11 13:46",1.65,16681,"United Kingdom"
"548498","21224","SET/4 SKULL BADGES",20,"3/31/11 13:46",1.25,16681,"United Kingdom"
"548498","21544","SKULLS  WATER TRANSFER TATTOOS",24,"3/31/11 13:46",0.85,16681,"United Kingdom"
"548498","22047","EMPIRE GIFT WRAP",50,"3/31/11 13:46",0.42,16681,"United Kingdom"
"548499","85099F","JUMBO BAG STRAWBERRY",4,"3/31/11 13:47",2.08,17075,"United Kingdom"
"548499","22411","JUMBO SHOPPER VINTAGE RED PAISLEY",4,"3/31/11 13:47",2.08,17075,"United Kingdom"
"548499","21929","JUMBO BAG PINK VINTAGE PAISLEY",4,"3/31/11 13:47",2.08,17075,"United Kingdom"
"548499","21928","JUMBO BAG SCANDINAVIAN BLUE PAISLEY",3,"3/31/11 13:47",2.08,17075,"United Kingdom"
"548499","22480","RED TEA TOWEL CLASSIC DESIGN",3,"3/31/11 13:47",1.25,17075,"United Kingdom"
"548499","21534","DAIRY MAID LARGE MILK JUG",3,"3/31/11 13:47",4.95,17075,"United Kingdom"
"548499","84755","COLOUR GLASS T-LIGHT HOLDER HANGING",8,"3/31/11 13:47",0.65,17075,"United Kingdom"
"548499","85152","HAND OVER THE CHOCOLATE   SIGN",4,"3/31/11 13:47",2.1,17075,"United Kingdom"
"548499","21080","SET/20 RED RETROSPOT PAPER NAPKINS",10,"3/31/11 13:47",0.85,17075,"United Kingdom"
"548499","22988","SOLDIERS EGG CUP",2,"3/31/11 13:47",1.25,17075,"United Kingdom"
"548499","48187","DOORMAT NEW ENGLAND",1,"3/31/11 13:47",7.95,17075,"United Kingdom"
"548499","71038","WHITE HANGING BEADS CANDLE HOLDER",1,"3/31/11 13:47",5.45,17075,"United Kingdom"
"548499","85099B","JUMBO BAG RED RETROSPOT",4,"3/31/11 13:47",2.08,17075,"United Kingdom"
"548499","84997B","CHILDRENS CUTLERY RETROSPOT RED",3,"3/31/11 13:47",4.15,17075,"United Kingdom"
"548499","84997A","CHILDRENS CUTLERY POLKADOT GREEN",3,"3/31/11 13:47",4.15,17075,"United Kingdom"
"548499","84997D","CHILDRENS CUTLERY POLKADOT PINK",3,"3/31/11 13:47",4.15,17075,"United Kingdom"
"548500","48187","DOORMAT NEW ENGLAND",1,"3/31/11 13:49",7.95,17071,"United Kingdom"
"548500","48184","DOORMAT ENGLISH ROSE",2,"3/31/11 13:49",7.95,17071,"United Kingdom"
"548500","20685","DOORMAT RED RETROSPOT",1,"3/31/11 13:49",7.95,17071,"United Kingdom"
"548500","23232","WRAP VINTAGE PETALS  DESIGN",25,"3/31/11 13:49",0.42,17071,"United Kingdom"
"548500","21498","RED RETROSPOT WRAP",25,"3/31/11 13:49",0.42,17071,"United Kingdom"
"548500","82486","WOOD S/3 CABINET ANT WHITE FINISH",2,"3/31/11 13:49",8.95,17071,"United Kingdom"
"548500","22115","METAL SIGN EMPIRE TEA",2,"3/31/11 13:49",2.95,17071,"United Kingdom"
"548500","21181","PLEASE ONE PERSON METAL SIGN",4,"3/31/11 13:49",2.1,17071,"United Kingdom"
"548500","21878","PACK OF 6 SANDCASTLE FLAGS ASSORTED",4,"3/31/11 13:49",0.85,17071,"United Kingdom"
"548500","22355","CHARLOTTE BAG SUKI DESIGN",4,"3/31/11 13:49",0.85,17071,"United Kingdom"
"548500","22661","CHARLOTTE BAG DOLLY GIRL DESIGN",6,"3/31/11 13:49",0.85,17071,"United Kingdom"
"548500","20719","WOODLAND CHARLOTTE BAG",4,"3/31/11 13:49",0.85,17071,"United Kingdom"
"548500","21356","TOAST ITS - FAIRY FLOWER",3,"3/31/11 13:49",1.25,17071,"United Kingdom"
"548500","21355","TOAST ITS - I LOVE YOU",4,"3/31/11 13:49",1.25,17071,"United Kingdom"
"548500","21354","TOAST ITS - BEST MUM",5,"3/31/11 13:49",1.25,17071,"United Kingdom"
"548500","22406","MONEY BOX KINGS CHOICE DESIGN",2,"3/31/11 13:49",1.25,17071,"United Kingdom"
"548500","21980","PACK OF 12 RED RETROSPOT TISSUES",12,"3/31/11 13:49",0.29,17071,"United Kingdom"
"548500","21672","WHITE SPOT RED CERAMIC DRAWER KNOB",12,"3/31/11 13:49",1.25,17071,"United Kingdom"
"548500","85150","LADIES & GENTLEMEN METAL SIGN",12,"3/31/11 13:49",2.55,17071,"United Kingdom"
"548500","85123A","WHITE HANGING HEART T-LIGHT HOLDER",4,"3/31/11 13:49",2.95,17071,"United Kingdom"
"548500","22595","GINGHAM HEART DECORATION",12,"3/31/11 13:49",0.85,17071,"United Kingdom"
"548500","21922","UNION STRIPE WITH FRINGE  HAMMOCK",2,"3/31/11 13:49",7.95,17071,"United Kingdom"
"548501","84536B","FAIRY CAKES NOTEBOOK A7 SIZE",18,"3/31/11 13:50",0.42,15894,"United Kingdom"
"548501","23077","DOUGHNUT LIP GLOSS",20,"3/31/11 13:50",1.25,15894,"United Kingdom"
"548501","22138","BAKING SET 9 PIECE RETROSPOT",15,"3/31/11 13:50",4.95,15894,"United Kingdom"
"548502","22077","6 RIBBONS RUSTIC CHARM",5,"3/31/11 14:17",4.13,,"United Kingdom"
"548502","22079","RIBBON REEL HEARTS DESIGN",2,"3/31/11 14:17",2.46,,"United Kingdom"
"548502","22111","SCOTTIE DOG HOT WATER BOTTLE",1,"3/31/11 14:17",12.46,,"United Kingdom"
"548502","22112","CHOCOLATE HOT WATER BOTTLE",1,"3/31/11 14:17",12.46,,"United Kingdom"
"548502","22326","ROUND SNACK BOXES SET OF4 WOODLAND",6,"3/31/11 14:17",6.63,,"United Kingdom"
"548502","22327","ROUND SNACK BOXES SET OF 4 SKULLS",1,"3/31/11 14:17",6.63,,"United Kingdom"
"548502","22328","ROUND SNACK BOXES SET OF 4 FRUITS",3,"3/31/11 14:17",4.13,,"United Kingdom"
"548502","22355","CHARLOTTE BAG SUKI DESIGN",83,"3/31/11 14:17",2.46,,"United Kingdom"
"548502","22356","CHARLOTTE BAG PINK POLKADOT",22,"3/31/11 14:17",2.46,,"United Kingdom"
"548502","22377","BOTTLE BAG RETROSPOT",1,"3/31/11 14:17",4.13,,"United Kingdom"
"548502","22417","PACK OF 60 SPACEBOY CAKE CASES",1,"3/31/11 14:17",2.08,,"United Kingdom"
"548502","22423","REGENCY CAKESTAND 3 TIER",5,"3/31/11 14:17",24.96,,"United Kingdom"
"548502","22624","IVORY KITCHEN SCALES",1,"3/31/11 14:17",16.63,,"United Kingdom"
"548502","22645","CERAMIC HEART FAIRY CAKE MONEY BANK",3,"3/31/11 14:17",4.13,,"United Kingdom"
"548502","22652","TRAVEL SEWING KIT",2,"3/31/11 14:17",4.13,,"United Kingdom"
"548502","22660","DOORMAT I LOVE LONDON",1,"3/31/11 14:17",12.46,,"United Kingdom"
"548502","22726","ALARM CLOCK BAKELIKE GREEN",1,"3/31/11 14:17",8.29,,"United Kingdom"
"548502","22730","ALARM CLOCK BAKELIKE IVORY",1,"3/31/11 14:17",8.29,,"United Kingdom"
"548502","22745","POPPY'S PLAYHOUSE BEDROOM",2,"3/31/11 14:17",3.29,,"United Kingdom"
"548502","22746","POPPY'S PLAYHOUSE LIVINGROOM",2,"3/31/11 14:17",3.29,,"United Kingdom"
"548502","22747","POPPY'S PLAYHOUSE BATHROOM",1,"3/31/11 14:17",3.29,,"United Kingdom"
"548502","22748","POPPY'S PLAYHOUSE KITCHEN",2,"3/31/11 14:17",3.29,,"United Kingdom"
"548502","22896","PEG BAG APPLES DESIGN",1,"3/31/11 14:17",5.79,,"United Kingdom"
"548502","47566","PARTY BUNTING",5,"3/31/11 14:17",10.79,,"United Kingdom"
"548502","47580","TEA TIME DES TEA COSY",1,"3/31/11 14:17",5.79,,"United Kingdom"
"548502","48187","DOORMAT NEW ENGLAND",1,"3/31/11 14:17",12.46,,"United Kingdom"
"548502","48189","DOORMAT FRIENDSHIP",1,"3/31/11 14:17",16.63,,"United Kingdom"
"548502","79321","CHILLI LIGHTS",4,"3/31/11 14:17",12.46,,"United Kingdom"
"548502","82583","HOT BATHS METAL SIGN",3,"3/31/11 14:17",4.96,,"United Kingdom"
"548502","84029G","KNITTED UNION FLAG HOT WATER BOTTLE",2,"3/31/11 14:17",8.29,,"United Kingdom"
"548502","84692","BOX OF 24 COCKTAIL PARASOLS",9,"3/31/11 14:17",1.63,,"United Kingdom"
"548502","84991","60 TEATIME FAIRY CAKE CASES",2,"3/31/11 14:17",1.25,,"United Kingdom"
"548502","84997b","CHILDRENS CUTLERY RETROSPOT RED",4,"3/31/11 14:17",8.29,,"United Kingdom"
"548502","84997c","CHILDRENS CUTLERY POLKADOT BLUE",2,"3/31/11 14:17",8.29,,"United Kingdom"
"548502","84997d","CHILDRENS CUTLERY POLKADOT PINK",4,"3/31/11 14:17",8.29,,"United Kingdom"
"548502","20675","BLUE POLKADOT BOWL",2,"3/31/11 14:17",2.46,,"United Kingdom"
"548502","20677","PINK POLKADOT BOWL",1,"3/31/11 14:17",2.46,,"United Kingdom"
"548502","20719","WOODLAND CHARLOTTE BAG",53,"3/31/11 14:17",2.46,,"United Kingdom"
"548502","20723","STRAWBERRY CHARLOTTE BAG",29,"3/31/11 14:17",2.46,,"United Kingdom"
"548502","20724","RED RETROSPOT CHARLOTTE BAG",39,"3/31/11 14:17",2.46,,"United Kingdom"
"548502","20725","LUNCH BAG RED RETROSPOT",19,"3/31/11 14:17",4.96,,"United Kingdom"
"548502","20728","LUNCH BAG CARS BLUE",9,"3/31/11 14:17",4.96,,"United Kingdom"
"548502","20966","SANDWICH BATH SPONGE",1,"3/31/11 14:17",2.46,,"United Kingdom"
"548502","21041","RED RETROSPOT OVEN GLOVE DOUBLE",6,"3/31/11 14:17",6.63,,"United Kingdom"
"548502","21154","RED RETROSPOT OVEN GLOVE",10,"3/31/11 14:17",3.29,,"United Kingdom"
"548502","21155","RED RETROSPOT PEG BAG",8,"3/31/11 14:17",4.96,,"United Kingdom"
"548502","21212","PACK OF 72 RETROSPOT CAKE CASES",22,"3/31/11 14:17",2.08,,"United Kingdom"
"548502","21213","PACK OF 72 SKULL CAKE CASES",6,"3/31/11 14:17",2.08,,"United Kingdom"
"548502","21239","PINK  POLKADOT CUP",1,"3/31/11 14:17",1.63,,"United Kingdom"
"548502","21243","PINK  POLKADOT PLATE",1,"3/31/11 14:17",3.29,,"United Kingdom"
"548502","21424","WOODLAND STORAGE BOX LARGE",3,"3/31/11 14:17",6.63,,"United Kingdom"
"548502","21452","TOADSTOOL MONEY BOX",1,"3/31/11 14:17",4.96,,"United Kingdom"
"548502","21912","VINTAGE SNAKES & LADDERS",2,"3/31/11 14:17",7.46,,"United Kingdom"
"548502","21929","JUMBO BAG PINK VINTAGE PAISLEY",14,"3/31/11 14:17",4.96,,"United Kingdom"
"548502","21934","SKULL SHOULDER BAG",2,"3/31/11 14:17",3.29,,"United Kingdom"
"548502","21976","PACK OF 60 MUSHROOM CAKE CASES",1,"3/31/11 14:17",2.08,,"United Kingdom"
"548502","21989","PACK OF 20 SKULL PAPER NAPKINS",1,"3/31/11 14:17",1.63,,"United Kingdom"
"548502","22074","6 RIBBONS SHIMMERING PINKS",1,"3/31/11 14:17",2.46,,"United Kingdom"
"C548503","22072","RED RETROSPOT TEA CUP AND SAUCER",-1,"3/31/11 14:23",3.75,14410,"United Kingdom"
"C548503","21539","RED RETROSPOT BUTTER DISH",-1,"3/31/11 14:23",4.95,14410,"United Kingdom"
"C548503","22070","SMALL RED RETROSPOT MUG IN BOX",-1,"3/31/11 14:23",3.75,14410,"United Kingdom"
"C548503","22071","SMALL WHITE RETROSPOT MUG IN BOX",-2,"3/31/11 14:23",3.75,14410,"United Kingdom"
"C548503","22649","STRAWBERRY FAIRY CAKE TEAPOT",-2,"3/31/11 14:23",4.95,14410,"United Kingdom"
"548504","15056n","EDWARDIAN PARASOL NATURAL",1,"3/31/11 14:33",12.46,,"United Kingdom"
"548504","15056p","EDWARDIAN PARASOL PINK",1,"3/31/11 14:33",12.46,,"United Kingdom"
"548504","20655","QUEEN OF SKIES LUGGAGE TAG",1,"3/31/11 14:33",2.46,,"United Kingdom"
"548504","20676","RED RETROSPOT BOWL",2,"3/31/11 14:33",2.46,,"United Kingdom"
"548504","20685","DOORMAT RED RETROSPOT",1,"3/31/11 14:33",16.63,,"United Kingdom"
"548504","20711","JUMBO BAG TOYS",3,"3/31/11 14:33",4.13,,"United Kingdom"
"548504","20712","JUMBO BAG WOODLAND ANIMALS",5,"3/31/11 14:33",4.13,,"United Kingdom"
"548504","20717","STRAWBERRY SHOPPER BAG",1,"3/31/11 14:33",2.46,,"United Kingdom"
"548504","21033","JUMBO BAG CHARLIE AND LOLA TOYS",4,"3/31/11 14:33",4.13,,"United Kingdom"
"548504","21035","SET/2 RED RETROSPOT TEA TOWELS",3,"3/31/11 14:33",6.25,,"United Kingdom"
"548504","21078","SET/20 STRAWBERRY PAPER NAPKINS",6,"3/31/11 14:33",2.46,,"United Kingdom"
"548504","21080","SET/20 RED RETROSPOT PAPER NAPKINS",22,"3/31/11 14:33",2.46,,"United Kingdom"
"548504","21086","SET/6 RED SPOTTY PAPER CUPS",4,"3/31/11 14:33",1.63,,"United Kingdom"
"548504","21094","SET/6 RED SPOTTY PAPER PLATES",3,"3/31/11 14:33",2.46,,"United Kingdom"
"548504","21210","SET OF 72 RETROSPOT PAPER  DOILIES",1,"3/31/11 14:33",3.75,,"United Kingdom"
"548504","21216","SET 3 RETROSPOT TEA,COFFEE,SUGAR",1,"3/31/11 14:33",10.79,,"United Kingdom"
"548504","21218","RED SPOTTY BISCUIT TIN",1,"3/31/11 14:33",8.29,,"United Kingdom"
"548504","21354","TOAST ITS - BEST MUM",3,"3/31/11 14:33",2.46,,"United Kingdom"
"548504","21363","HOME SMALL WOOD LETTERS",1,"3/31/11 14:33",10.79,,"United Kingdom"
"548504","21430","SET/3 RED GINGHAM ROSE STORAGE BOX",2,"3/31/11 14:33",7.46,,"United Kingdom"
"548504","21558","SKULL LUNCH BOX WITH CUTLERY",1,"3/31/11 14:33",4.96,,"United Kingdom"
"548504","21658","GLASS  BEURRE DISH",2,"3/31/11 14:33",8.29,,"United Kingdom"
"548504","21668","RED STRIPE CERAMIC DRAWER KNOB",14,"3/31/11 14:33",2.46,,"United Kingdom"
"548504","21700","BIG DOUGHNUT FRIDGE MAGNETS",1,"3/31/11 14:33",8.29,,"United Kingdom"
"548504","21786","POLKADOT RAIN HAT",1,"3/31/11 14:33",0.79,,"United Kingdom"
"548504","21864","UNION JACK FLAG PASSPORT COVER",1,"3/31/11 14:33",4.13,,"United Kingdom"
"548504","21888","BINGO SET",1,"3/31/11 14:33",7.46,,"United Kingdom"
"548504","21928","JUMBO BAG SCANDINAVIAN BLUE PAISLEY",1,"3/31/11 14:33",4.13,,"United Kingdom"
"548504","21930","JUMBO STORAGE BAG SKULLS",1,"3/31/11 14:33",4.96,,"United Kingdom"
"548504","21931","JUMBO STORAGE BAG SUKI",4,"3/31/11 14:33",4.13,,"United Kingdom"
"548504","21935","SUKI  SHOULDER BAG",1,"3/31/11 14:33",4.13,,"United Kingdom"
"548504","21955","DOORMAT UNION JACK GUNS AND ROSES",1,"3/31/11 14:33",12.46,,"United Kingdom"
"548504","22041","RECORD FRAME 7"" SINGLE SIZE",1,"3/31/11 14:33",4.96,,"United Kingdom"
"548504","22078","RIBBON REEL LACE DESIGN",1,"3/31/11 14:33",4.71,,"United Kingdom"
"548504","22090","PAPER BUNTING RETROSPOT",3,"3/31/11 14:33",6.63,,"United Kingdom"
"548504","22139","RETROSPOT TEA SET CERAMIC 11 PC",1,"3/31/11 14:33",10.79,,"United Kingdom"
"548504","22149","FELTCRAFT 6 FLOWER FRIENDS",1,"3/31/11 14:33",4.96,,"United Kingdom"
"548504","22352","LUNCH BOX WITH CUTLERY RETROSPOT",1,"3/31/11 14:33",4.96,,"United Kingdom"
"548504","22358","KINGS CHOICE TEA CADDY",2,"3/31/11 14:33",5.79,,"United Kingdom"
"548504","22362","GLASS JAR PEACOCK BATH SALTS",1,"3/31/11 14:33",5.79,,"United Kingdom"
"548504","22379","RECYCLING BAG RETROSPOT",3,"3/31/11 14:33",4.96,,"United Kingdom"
"548504","22381","TOY TIDY PINK POLKADOT",1,"3/31/11 14:33",4.96,,"United Kingdom"
"548504","22385","JUMBO BAG SPACEBOY DESIGN",5,"3/31/11 14:33",4.13,,"United Kingdom"
"548504","22386","JUMBO BAG PINK POLKADOT",1,"3/31/11 14:33",4.13,,"United Kingdom"
"548504","22411","JUMBO SHOPPER VINTAGE RED PAISLEY",5,"3/31/11 14:33",4.13,,"United Kingdom"
"548504","22412","METAL SIGN NEIGHBOURHOOD WITCH",1,"3/31/11 14:33",4.13,,"United Kingdom"
"548504","22431","WATERING CAN BLUE ELEPHANT",1,"3/31/11 14:33",4.13,,"United Kingdom"
"548504","22456","NATURAL SLATE CHALKBOARD LARGE",2,"3/31/11 14:33",9.96,,"United Kingdom"
"548504","22501","PICNIC BASKET WICKER LARGE",2,"3/31/11 14:33",20.79,,"United Kingdom"
"548504","22519","CHILDS GARDEN BRUSH PINK",1,"3/31/11 14:33",4.13,,"United Kingdom"
"548504","22659","LUNCH BOX I LOVE LONDON",1,"3/31/11 14:33",2.46,,"United Kingdom"
"548504","22666","RECIPE BOX PANTRY YELLOW DESIGN",3,"3/31/11 14:33",6.63,,"United Kingdom"
"548504","22669","RED BABY BUNTING",1,"3/31/11 14:33",5.79,,"United Kingdom"
"548504","22720","SET OF 3 CAKE TINS PANTRY DESIGN",3,"3/31/11 14:33",10.79,,"United Kingdom"
"548504","22722","SET OF 6 SPICE TINS PANTRY DESIGN",1,"3/31/11 14:33",8.29,,"United Kingdom"
"548504","48185","DOORMAT FAIRY CAKE",2,"3/31/11 14:33",14.13,,"United Kingdom"
"548504","48194","DOORMAT HEARTS",1,"3/31/11 14:33",14.13,,"United Kingdom"
"548504","72349b","SET/6 PURPLE BUTTERFLY T-LIGHTS",1,"3/31/11 14:33",4.13,,"United Kingdom"
"548504","75049L","LARGE CIRCULAR MIRROR MOBILE",5,"3/31/11 14:33",2.46,,"United Kingdom"
"548504","82482","WOODEN PICTURE FRAME WHITE FINISH",2,"3/31/11 14:33",4.96,,"United Kingdom"
"548504","82599","FANNY'S REST STOPMETAL SIGN",1,"3/31/11 14:33",4.13,,"United Kingdom"
"548504","84509a","SET OF 4 ENGLISH ROSE PLACEMATS",1,"3/31/11 14:33",7.46,,"United Kingdom"
"548504","84510a","SET OF 4 ENGLISH ROSE COASTERS",1,"3/31/11 14:33",2.46,,"United Kingdom"
"548504","84796a","PINK HAWAIIAN PICNIC HAMPER FOR 2",1,"3/31/11 14:33",8.29,,"United Kingdom"
"548504","84872a","TEATIME FUNKY FLOWER BACKPACK FOR 2",1,"3/31/11 14:33",10.79,,"United Kingdom"
"548504","84884a","ANT WHITE WIRE HEART SPIRAL",1,"3/31/11 14:33",8.29,,"United Kingdom"
"548504","84987","SET OF 36 TEATIME PAPER DOILIES",1,"3/31/11 14:33",3.75,,"United Kingdom"
"548504","85099B","JUMBO BAG RED RETROSPOT",5,"3/31/11 14:33",4.13,,"United Kingdom"
"548504","DOT","DOTCOM POSTAGE",1,"3/31/11 14:33",274.75,,"United Kingdom"
"548505","20655","QUEEN OF SKIES LUGGAGE TAG",1,"3/31/11 14:34",2.46,,"United Kingdom"
"548505","20685","DOORMAT RED RETROSPOT",1,"3/31/11 14:34",16.63,,"United Kingdom"
"548505","20711","JUMBO BAG TOYS",1,"3/31/11 14:34",4.13,,"United Kingdom"
"548505","20712","JUMBO BAG WOODLAND ANIMALS",3,"3/31/11 14:34",4.13,,"United Kingdom"
"548505","20713","JUMBO BAG OWLS",3,"3/31/11 14:34",4.13,,"United Kingdom"
"548505","20727","LUNCH BAG  BLACK SKULL.",1,"3/31/11 14:34",4.96,,"United Kingdom"
"548505","21033","JUMBO BAG CHARLIE AND LOLA TOYS",5,"3/31/11 14:34",4.13,,"United Kingdom"
"548505","21080","SET/20 RED RETROSPOT PAPER NAPKINS",3,"3/31/11 14:34",2.46,,"United Kingdom"
"548505","21169","YOU'RE CONFUSING ME METAL SIGN",2,"3/31/11 14:34",4.13,,"United Kingdom"
"548505","21172","PARTY METAL SIGN",2,"3/31/11 14:34",4.13,,"United Kingdom"
"548505","21181","PLEASE ONE PERSON METAL SIGN",1,"3/31/11 14:34",4.13,,"United Kingdom"
"548505","21216","SET 3 RETROSPOT TEA,COFFEE,SUGAR",1,"3/31/11 14:34",10.79,,"United Kingdom"
"548505","21218","RED SPOTTY BISCUIT TIN",1,"3/31/11 14:34",8.29,,"United Kingdom"
"548505","21232","STRAWBERRY CERAMIC TRINKET BOX",1,"3/31/11 14:34",3.29,,"United Kingdom"
"548505","21272","SALLE DE BAIN HOOK",1,"3/31/11 14:34",2.46,,"United Kingdom"
"548505","21428","SET3 BOOK BOX GREEN GINGHAM FLOWER",1,"3/31/11 14:34",8.29,,"United Kingdom"
"548505","21430","SET/3 RED GINGHAM ROSE STORAGE BOX",2,"3/31/11 14:34",7.46,,"United Kingdom"
"548505","21494","ROTATING LEAVES T-LIGHT HOLDER",6,"3/31/11 14:34",5.79,,"United Kingdom"
"548505","21658","GLASS  BEURRE DISH",1,"3/31/11 14:34",8.29,,"United Kingdom"
"548505","21731","RED TOADSTOOL LED NIGHT LIGHT",1,"3/31/11 14:34",4.13,,"United Kingdom"
"548505","21788","KIDS RAIN MAC BLUE",5,"3/31/11 14:34",1.63,,"United Kingdom"
"548505","21789","KIDS RAIN MAC PINK",5,"3/31/11 14:34",1.63,,"United Kingdom"
"548505","21866","UNION JACK FLAG LUGGAGE TAG",1,"3/31/11 14:34",3.29,,"United Kingdom"
"548505","21931","JUMBO STORAGE BAG SUKI",4,"3/31/11 14:34",4.13,,"United Kingdom"
"548505","21935","SUKI  SHOULDER BAG",1,"3/31/11 14:34",4.13,,"United Kingdom"
"548505","21974","SET OF 36 PAISLEY FLOWER DOILIES",1,"3/31/11 14:34",3.75,,"United Kingdom"
"548505","22055","MINI CAKE STAND  HANGING STRAWBERY",1,"3/31/11 14:34",3.29,,"United Kingdom"
"548505","22063","CERAMIC BOWL WITH STRAWBERRY DESIGN",1,"3/31/11 14:34",5.79,,"United Kingdom"
"548505","22073","RED RETROSPOT STORAGE JAR",3,"3/31/11 14:34",7.46,,"United Kingdom"
"548505","22078","RIBBON REEL LACE DESIGN",1,"3/31/11 14:34",4.71,,"United Kingdom"
"548505","22088","PAPER BUNTING COLOURED LACE",1,"3/31/11 14:34",4.13,,"United Kingdom"
"548505","22090","PAPER BUNTING RETROSPOT",1,"3/31/11 14:34",6.63,,"United Kingdom"
"548505","22196","SMALL HEART MEASURING SPOONS",1,"3/31/11 14:34",1.63,,"United Kingdom"
"548505","22197","SMALL POPCORN HOLDER",6,"3/31/11 14:34",1.63,,"United Kingdom"
"548505","22199","FRYING PAN RED RETROSPOT",1,"3/31/11 14:34",8.29,,"United Kingdom"
"548505","22200","FRYING PAN PINK POLKADOT",1,"3/31/11 14:34",8.29,,"United Kingdom"
"548505","22203","MILK PAN RED RETROSPOT",1,"3/31/11 14:34",7.46,,"United Kingdom"
"548505","22278","OVERNIGHT BAG VINTAGE ROSE PAISLEY",1,"3/31/11 14:34",10.79,,"United Kingdom"
"548505","22352","LUNCH BOX WITH CUTLERY RETROSPOT",1,"3/31/11 14:34",4.96,,"United Kingdom"
"548505","22357","KINGS CHOICE BISCUIT TIN",1,"3/31/11 14:34",8.29,,"United Kingdom"
"548505","22358","KINGS CHOICE TEA CADDY",1,"3/31/11 14:34",5.79,,"United Kingdom"
"548505","22378","WALL TIDY RETROSPOT",1,"3/31/11 14:34",4.96,,"United Kingdom"
"548505","22379","RECYCLING BAG RETROSPOT",4,"3/31/11 14:34",4.96,,"United Kingdom"
"548505","22386","JUMBO BAG PINK POLKADOT",1,"3/31/11 14:34",4.13,,"United Kingdom"
"548505","22411","JUMBO SHOPPER VINTAGE RED PAISLEY",1,"3/31/11 14:34",4.13,,"United Kingdom"
"548505","22424","ENAMEL BREAD BIN CREAM",1,"3/31/11 14:34",24.96,,"United Kingdom"
"548505","22430","ENAMEL WATERING CAN CREAM",1,"3/31/11 14:34",9.96,,"United Kingdom"
"548505","22467","GUMBALL COAT RACK",2,"3/31/11 14:34",4.96,,"United Kingdom"
"548505","22476","EMPIRE UNION JACK TV DINNER TRAY",1,"3/31/11 14:34",10.79,,"United Kingdom"
"548505","22501","PICNIC BASKET WICKER LARGE",1,"3/31/11 14:34",20.79,,"United Kingdom"
"548505","22502","PICNIC BASKET WICKER SMALL",1,"3/31/11 14:34",8.29,,"United Kingdom"
"548505","22607","WOODEN ROUNDERS GARDEN SET",1,"3/31/11 14:34",20.79,,"United Kingdom"
"548505","22629","SPACEBOY LUNCH BOX",1,"3/31/11 14:34",2.46,,"United Kingdom"
"548505","22637","PIGGY BANK RETROSPOT",1,"3/31/11 14:34",5.79,,"United Kingdom"
"548505","22659","LUNCH BOX I LOVE LONDON",1,"3/31/11 14:34",2.46,,"United Kingdom"
"548505","22668","PINK BABY BUNTING",1,"3/31/11 14:34",5.79,,"United Kingdom"
"548505","22669","RED BABY BUNTING",2,"3/31/11 14:34",5.79,,"United Kingdom"
"548505","22719","GUMBALL MONOCHROME COAT RACK",1,"3/31/11 14:34",2.46,,"United Kingdom"
"548505","22720","SET OF 3 CAKE TINS PANTRY DESIGN",1,"3/31/11 14:34",10.79,,"United Kingdom"
"548505","22725","ALARM CLOCK BAKELIKE CHOCOLATE",1,"3/31/11 14:34",8.29,,"United Kingdom"
"548505","22776","SWEETHEART CAKESTAND 3 TIER",1,"3/31/11 14:34",19.96,,"United Kingdom"
"548505","22794","SWEETHEART WIRE MAGAZINE RACK",1,"3/31/11 14:34",15.79,,"United Kingdom"
"548505","37340","MULTICOLOUR SPRING FLOWER MUG",1,"3/31/11 14:34",8.29,,"United Kingdom"
"548505","47566b","TEA TIME PARTY BUNTING",5,"3/31/11 14:34",8.29,,"United Kingdom"
"548505","48184","DOORMAT ENGLISH ROSE",1,"3/31/11 14:34",14.13,,"United Kingdom"
"548505","82482","WOODEN PICTURE FRAME WHITE FINISH",1,"3/31/11 14:34",4.96,,"United Kingdom"
"548505","82580","BATHROOM METAL SIGN",2,"3/31/11 14:34",1.25,,"United Kingdom"
"548505","84347","ROTATING SILVER ANGELS T-LIGHT HLDR",3,"3/31/11 14:34",5.79,,"United Kingdom"
"548505","84380","SET OF 3 BUTTERFLY COOKIE CUTTERS",1,"3/31/11 14:34",3.29,,"United Kingdom"
"548505","84519A","TOMATO CHARLIE+LOLA COASTER SET",1,"3/31/11 14:34",5.79,,"United Kingdom"
"548505","85039a","SET/4 RED MINI ROSE CANDLE IN BOWL",1,"3/31/11 14:34",3.29,,"United Kingdom"
"548505","85040a","S/4 PINK FLOWER CANDLES IN BOWL",1,"3/31/11 14:34",3.29,,"United Kingdom"
"548505","85099B","JUMBO BAG RED RETROSPOT",1,"3/31/11 14:34",4.13,,"United Kingdom"
"548505","DOT","DOTCOM POSTAGE",1,"3/31/11 14:34",236.88,,"United Kingdom"
"548506","22659","LUNCH BOX I LOVE LONDON",1,"3/31/11 14:42",1.95,18037,"United Kingdom"
"548506","22630","DOLLY GIRL LUNCH BOX",1,"3/31/11 14:42",1.95,18037,"United Kingdom"
"548507","84596E","SMALL LICORICE DES PINK BOWL",1,"3/31/11 14:47",0.42,13573,"United Kingdom"
"548507","22957","SET 3 PAPER VINTAGE CHICK PAPER EGG",3,"3/31/11 14:47",2.95,13573,"United Kingdom"
"548507","21745","GAOLERS KEYS DECORATIVE GARDEN",6,"3/31/11 14:47",3.75,13573,"United Kingdom"
"C548508","23176","ABC TREASURE BOOK BOX",-1,"3/31/11 14:51",2.25,14189,"United Kingdom"
"548509","22487","WHITE WOOD GARDEN PLANT LADDER",4,"3/31/11 15:00",8.5,14543,"United Kingdom"
"548509","22207","FRYING PAN UNION FLAG",40,"3/31/11 15:00",4.25,14543,"United Kingdom"
"548509","22666","RECIPE BOX PANTRY YELLOW DESIGN",12,"3/31/11 15:00",2.95,14543,"United Kingdom"
"548509","46000S","POLYESTER FILLER PAD 40x40cm",4,"3/31/11 15:00",1.45,14543,"United Kingdom"
"548509","22605","WOODEN CROQUET GARDEN SET",4,"3/31/11 15:00",12.75,14543,"United Kingdom"
"548510","22424","ENAMEL BREAD BIN CREAM",1,"3/31/11 15:02",12.75,17861,"United Kingdom"
"548510","40001","WHITE BAMBOO RIBS LAMPSHADE",2,"3/31/11 15:02",0.85,17861,"United Kingdom"
"548510","22090","PAPER BUNTING RETROSPOT",1,"3/31/11 15:02",2.95,17861,"United Kingdom"
"548510","21471","STRAWBERRY RAFFIA FOOD COVER",1,"3/31/11 15:02",3.75,17861,"United Kingdom"
"548510","22045","SPACEBOY GIFT WRAP",25,"3/31/11 15:02",0.42,17861,"United Kingdom"
"548510","21495","SKULLS AND CROSSBONES WRAP",25,"3/31/11 15:02",0.42,17861,"United Kingdom"
"548510","22710","WRAP I LOVE LONDON",25,"3/31/11 15:02",0.42,17861,"United Kingdom"
"548510","21497","FANCY FONTS BIRTHDAY WRAP",25,"3/31/11 15:02",0.42,17861,"United Kingdom"
"548510","22029","SPACEBOY BIRTHDAY CARD",12,"3/31/11 15:02",0.42,17861,"United Kingdom"
"548510","21509","COWBOYS AND INDIANS BIRTHDAY CARD",12,"3/31/11 15:02",0.42,17861,"United Kingdom"
"548510","21915","RED  HARMONICA IN BOX",3,"3/31/11 15:02",1.25,17861,"United Kingdom"
"548510","20750","RED RETROSPOT MINI CASES",1,"3/31/11 15:02",7.95,17861,"United Kingdom"
"548510","22138","BAKING SET 9 PIECE RETROSPOT",2,"3/31/11 15:02",4.95,17861,"United Kingdom"
"548510","22333","RETROSPOT PARTY BAG + STICKER SET",3,"3/31/11 15:02",1.65,17861,"United Kingdom"
"548510","22332","SKULLS PARTY BAG + STICKER SET",3,"3/31/11 15:02",1.65,17861,"United Kingdom"
"548510","21988","PACK OF 6 SKULL PAPER PLATES",3,"3/31/11 15:02",0.85,17861,"United Kingdom"
"548510","21989","PACK OF 20 SKULL PAPER NAPKINS",3,"3/31/11 15:02",0.85,17861,"United Kingdom"
"548510","21094","SET/6 RED SPOTTY PAPER PLATES",3,"3/31/11 15:02",0.85,17861,"United Kingdom"
"548510","21080","SET/20 RED RETROSPOT PAPER NAPKINS",3,"3/31/11 15:02",0.85,17861,"United Kingdom"
"548510","84077","WORLD WAR 2 GLIDERS ASSTD DESIGNS",48,"3/31/11 15:02",0.29,17861,"United Kingdom"
"548510","21086","SET/6 RED SPOTTY PAPER CUPS",3,"3/31/11 15:02",0.65,17861,"United Kingdom"
"548510","21987","PACK OF 6 SKULL PAPER CUPS",3,"3/31/11 15:02",0.65,17861,"United Kingdom"
"548510","22148","EASTER CRAFT 4 CHICKS",4,"3/31/11 15:02",1.95,17861,"United Kingdom"
"548510","22971","QUEENS GUARD COFFEE MUG",4,"3/31/11 15:02",2.55,17861,"United Kingdom"
"548510","22749","FELTCRAFT PRINCESS CHARLOTTE DOLL",3,"3/31/11 15:02",3.75,17861,"United Kingdom"
"548510","84375","SET OF 20 KIDS COOKIE CUTTERS",4,"3/31/11 15:02",2.1,17861,"United Kingdom"
"548510","22957","SET 3 PAPER VINTAGE CHICK PAPER EGG",3,"3/31/11 15:02",2.95,17861,"United Kingdom"
"548510","22139","RETROSPOT TEA SET CERAMIC 11 PC",3,"3/31/11 15:02",4.95,17861,"United Kingdom"
"548510","79160","HEART SHAPE WIRELESS DOORBELL",3,"3/31/11 15:02",2.1,17861,"United Kingdom"
"548510","22382","LUNCH BAG SPACEBOY DESIGN",2,"3/31/11 15:02",1.65,17861,"United Kingdom"
"548510","20725","LUNCH BAG RED RETROSPOT",2,"3/31/11 15:02",1.65,17861,"United Kingdom"
"548510","22616","PACK OF 12 LONDON TISSUES",12,"3/31/11 15:02",0.29,17861,"United Kingdom"
"548510","20727","LUNCH BAG  BLACK SKULL.",2,"3/31/11 15:02",1.65,17861,"United Kingdom"
"548510","22066","LOVE HEART TRINKET POT",6,"3/31/11 15:02",0.39,17861,"United Kingdom"
"548511","48116","DOORMAT MULTICOLOUR STRIPE",1,"3/31/11 15:43",7.95,14056,"United Kingdom"
"548511","20725","LUNCH BAG RED RETROSPOT",2,"3/31/11 15:43",1.65,14056,"United Kingdom"
"548511","22844","VINTAGE CREAM DOG FOOD CONTAINER",5,"3/31/11 15:43",8.5,14056,"United Kingdom"
"548511","22845","VINTAGE CREAM CAT FOOD CONTAINER",5,"3/31/11 15:43",6.35,14056,"United Kingdom"
"548511","22087","PAPER BUNTING WHITE LACE",1,"3/31/11 15:43",2.95,14056,"United Kingdom"
"548511","22899","CHILDREN'S APRON DOLLY GIRL",1,"3/31/11 15:43",2.1,14056,"United Kingdom"
"548511","22367","CHILDRENS APRON SPACEBOY DESIGN",2,"3/31/11 15:43",1.95,14056,"United Kingdom"
"548511","21523","DOORMAT FANCY FONT HOME SWEET HOME",1,"3/31/11 15:43",7.95,14056,"United Kingdom"
"548511","22551","PLASTERS IN TIN SPACEBOY",1,"3/31/11 15:43",1.65,14056,"United Kingdom"
"548511","22556","PLASTERS IN TIN CIRCUS PARADE",3,"3/31/11 15:43",1.65,14056,"United Kingdom"
"548511","23003","TRAVEL CARD WALLET VINTAGE ROSE",24,"3/31/11 15:43",0.42,14056,"United Kingdom"
"548511","22489","PACK OF 12 TRADITIONAL CRAYONS",3,"3/31/11 15:43",0.42,14056,"United Kingdom"
"548511","22326","ROUND SNACK BOXES SET OF4 WOODLAND",1,"3/31/11 15:43",2.95,14056,"United Kingdom"
"548511","22328","ROUND SNACK BOXES SET OF 4 FRUITS",1,"3/31/11 15:43",2.95,14056,"United Kingdom"
"548511","22441","GROW YOUR OWN BASIL IN ENAMEL MUG",5,"3/31/11 15:43",2.1,14056,"United Kingdom"
"548511","22629","SPACEBOY LUNCH BOX",2,"3/31/11 15:43",1.95,14056,"United Kingdom"
"548511","22630","DOLLY GIRL LUNCH BOX",2,"3/31/11 15:43",1.95,14056,"United Kingdom"
"548511","22722","SET OF 6 SPICE TINS PANTRY DESIGN",10,"3/31/11 15:43",3.95,14056,"United Kingdom"
"548511","20914","SET/5 RED RETROSPOT LID GLASS BOWLS",1,"3/31/11 15:43",2.95,14056,"United Kingdom"
"548511","21912","VINTAGE SNAKES & LADDERS",1,"3/31/11 15:43",3.75,14056,"United Kingdom"
"548511","21210","SET OF 72 RETROSPOT PAPER  DOILIES",1,"3/31/11 15:43",1.45,14056,"United Kingdom"
"548511","21888","BINGO SET",2,"3/31/11 15:43",3.75,14056,"United Kingdom"
"548511","22550","HOLIDAY FUN LUDO",2,"3/31/11 15:43",3.75,14056,"United Kingdom"
"548511","21913","VINTAGE SEASIDE JIGSAW PUZZLES",1,"3/31/11 15:43",3.75,14056,"United Kingdom"
"548511","23050","RECYCLED ACAPULCO MAT GREEN",3,"3/31/11 15:43",8.25,14056,"United Kingdom"
"548511","23051","RECYCLED ACAPULCO MAT BLUE",2,"3/31/11 15:43",8.25,14056,"United Kingdom"
"548511","23052","RECYCLED ACAPULCO MAT TURQUOISE",3,"3/31/11 15:43",8.25,14056,"United Kingdom"
"548512","21714","CITRONELLA CANDLE GARDEN POT",6,"3/31/11 15:54",1.25,14410,"United Kingdom"
"548512","22859","EASTER TIN BUNNY BOUQUET",2,"3/31/11 15:54",1.65,14410,"United Kingdom"
"548512","22858","EASTER TIN KEEPSAKE",2,"3/31/11 15:54",1.65,14410,"United Kingdom"
"548512","22860","EASTER TIN CHICKS PINK DAISY",2,"3/31/11 15:54",1.65,14410,"United Kingdom"
"548512","22162","HEART GARLAND RUSTIC PADDED",4,"3/31/11 15:54",2.95,14410,"United Kingdom"
"548512","72134","COLUMBIAN  CUBE CANDLE",4,"3/31/11 15:54",0.85,14410,"United Kingdom"
"548512","21922","UNION STRIPE WITH FRINGE  HAMMOCK",2,"3/31/11 15:54",7.95,14410,"United Kingdom"
"548512","21922","UNION STRIPE WITH FRINGE  HAMMOCK",1,"3/31/11 15:54",7.95,14410,"United Kingdom"
"548512","21622","VINTAGE UNION JACK CUSHION COVER",4,"3/31/11 15:54",4.95,14410,"United Kingdom"
"548512","21624","VINTAGE UNION JACK DOORSTOP",2,"3/31/11 15:54",5.95,14410,"United Kingdom"
"548512","22498","WOODEN REGATTA BUNTING",2,"3/31/11 15:54",5.95,14410,"United Kingdom"
"548512","22499","WOODEN UNION JACK BUNTING",2,"3/31/11 15:54",5.95,14410,"United Kingdom"
"548512","21625","VINTAGE UNION JACK APRON",1,"3/31/11 15:54",6.95,14410,"United Kingdom"
"548512","22084","PAPER CHAIN KIT EMPIRE",4,"3/31/11 15:54",2.95,14410,"United Kingdom"
"548512","22176","BLUE OWL SOFT TOY",2,"3/31/11 15:54",2.95,14410,"United Kingdom"
"C548513","85123A","WHITE HANGING HEART T-LIGHT HOLDER",-8,"3/31/11 15:54",2.55,13777,"United Kingdom"
"548514","20615","BLUE POLKADOT PASSPORT COVER",1,"3/31/11 16:03",4.13,,"United Kingdom"
"548514","20676","RED RETROSPOT BOWL",2,"3/31/11 16:03",2.46,,"United Kingdom"
"548514","20685","DOORMAT RED RETROSPOT",1,"3/31/11 16:03",16.63,,"United Kingdom"
"548514","20711","JUMBO BAG TOYS",5,"3/31/11 16:03",4.13,,"United Kingdom"
"548514","20712","JUMBO BAG WOODLAND ANIMALS",7,"3/31/11 16:03",4.13,,"United Kingdom"
"548514","20717","STRAWBERRY SHOPPER BAG",1,"3/31/11 16:03",2.46,,"United Kingdom"
"548514","20726","LUNCH BAG WOODLAND",4,"3/31/11 16:03",4.96,,"United Kingdom"
"548514","21033","JUMBO BAG CHARLIE AND LOLA TOYS",2,"3/31/11 16:03",4.13,,"United Kingdom"
"548514","21035","SET/2 RED RETROSPOT TEA TOWELS",4,"3/31/11 16:03",6.25,,"United Kingdom"
"548514","21042","RED RETROSPOT APRON",1,"3/31/11 16:03",12.46,,"United Kingdom"
"548514","21063","PARTY INVITES JAZZ HEARTS",1,"3/31/11 16:03",1.63,,"United Kingdom"
"548514","21080","SET/20 RED RETROSPOT PAPER NAPKINS",1,"3/31/11 16:03",2.46,,"United Kingdom"
"548514","21086","SET/6 RED SPOTTY PAPER CUPS",4,"3/31/11 16:03",1.63,,"United Kingdom"
"548514","21116","OWL DOORSTOP",1,"3/31/11 16:03",8.29,,"United Kingdom"
"548514","21215","IVORY PAPER CUP CAKE CASES",1,"3/31/11 16:03",1.25,,"United Kingdom"
"548514","21216","SET 3 RETROSPOT TEA,COFFEE,SUGAR",1,"3/31/11 16:03",10.79,,"United Kingdom"
"548514","21218","RED SPOTTY BISCUIT TIN",1,"3/31/11 16:03",8.29,,"United Kingdom"
"548514","21232","STRAWBERRY CERAMIC TRINKET BOX",1,"3/31/11 16:03",3.29,,"United Kingdom"
"548514","21354","TOAST ITS - BEST MUM",2,"3/31/11 16:03",2.46,,"United Kingdom"
"548514","21658","GLASS  BEURRE DISH",1,"3/31/11 16:03",8.29,,"United Kingdom"
"548514","21700","BIG DOUGHNUT FRIDGE MAGNETS",1,"3/31/11 16:03",8.29,,"United Kingdom"
"548514","21714","CITRONELLA CANDLE GARDEN POT",1,"3/31/11 16:03",2.46,,"United Kingdom"
"548514","21731","RED TOADSTOOL LED NIGHT LIGHT",2,"3/31/11 16:03",4.13,,"United Kingdom"
"548514","21820","GLITTER HEART GARLAND WITH BELLS",1,"3/31/11 16:03",7.46,,"United Kingdom"
"548514","21928","JUMBO BAG SCANDINAVIAN BLUE PAISLEY",1,"3/31/11 16:03",4.13,,"United Kingdom"
"548514","21930","JUMBO STORAGE BAG SKULLS",5,"3/31/11 16:03",4.96,,"United Kingdom"
"548514","21931","JUMBO STORAGE BAG SUKI",5,"3/31/11 16:03",4.13,,"United Kingdom"
"548514","21935","SUKI  SHOULDER BAG",1,"3/31/11 16:03",4.13,,"United Kingdom"
"548514","21936","RED RETROSPOT PICNIC BAG",1,"3/31/11 16:03",5.79,,"United Kingdom"
"548514","21977","PACK OF 60 PINK PAISLEY CAKE CASES",1,"3/31/11 16:03",2.08,,"United Kingdom"
"548514","22041","RECORD FRAME 7"" SINGLE SIZE",1,"3/31/11 16:03",4.96,,"United Kingdom"
"548514","22055","MINI CAKE STAND  HANGING STRAWBERY",3,"3/31/11 16:03",3.29,,"United Kingdom"
"548514","22088","PAPER BUNTING COLOURED LACE",3,"3/31/11 16:03",4.13,,"United Kingdom"
"548514","22089","PAPER BUNTING VINTAGE PAISLEY",1,"3/31/11 16:03",4.13,,"United Kingdom"
"548514","22090","PAPER BUNTING RETROSPOT",7,"3/31/11 16:03",6.63,,"United Kingdom"
"548514","22166","WALL MIRROR RECTANGLE DIAMANTE PINK",1,"3/31/11 16:03",15.79,,"United Kingdom"
"548514","22167","OVAL WALL MIRROR DIAMANTE",2,"3/31/11 16:03",19.96,,"United Kingdom"
"548514","22175","PINK OWL SOFT TOY",1,"3/31/11 16:03",5.79,,"United Kingdom"
"548514","22197","SMALL POPCORN HOLDER",1,"3/31/11 16:03",1.63,,"United Kingdom"
"548514","22219","LOVEBIRD HANGING DECORATION WHITE",1,"3/31/11 16:03",1.63,,"United Kingdom"
"548514","22282","12 EGG HOUSE PAINTED WOOD",1,"3/31/11 16:03",24.96,,"United Kingdom"
"548514","22379","RECYCLING BAG RETROSPOT",1,"3/31/11 16:03",4.96,,"United Kingdom"
"548514","22411","JUMBO SHOPPER VINTAGE RED PAISLEY",5,"3/31/11 16:03",4.13,,"United Kingdom"
"548514","22431","WATERING CAN BLUE ELEPHANT",1,"3/31/11 16:03",4.13,,"United Kingdom"
"548514","22433","WATERING CAN GREEN DINOSAUR",1,"3/31/11 16:03",4.13,,"United Kingdom"
"548514","22456","NATURAL SLATE CHALKBOARD LARGE",1,"3/31/11 16:03",9.96,,"United Kingdom"
"548514","22499","WOODEN UNION JACK BUNTING",4,"3/31/11 16:03",8.29,,"United Kingdom"
"548514","22502","PICNIC BASKET WICKER SMALL",2,"3/31/11 16:03",8.29,,"United Kingdom"
"548514","22513","DOORSTOP FOOTBALL DESIGN",1,"3/31/11 16:03",7.46,,"United Kingdom"
"548514","22629","SPACEBOY LUNCH BOX",2,"3/31/11 16:03",2.46,,"United Kingdom"
"548514","22630","DOLLY GIRL LUNCH BOX",4,"3/31/11 16:03",2.46,,"United Kingdom"
"548514","22659","LUNCH BOX I LOVE LONDON",2,"3/31/11 16:03",2.46,,"United Kingdom"
"548514","22697","GREEN REGENCY TEACUP AND SAUCER",2,"3/31/11 16:03",5.79,,"United Kingdom"
"548514","22720","SET OF 3 CAKE TINS PANTRY DESIGN",1,"3/31/11 16:03",10.79,,"United Kingdom"
"548514","22775","PURPLE DRAWERKNOB ACRYLIC EDWARDIAN",6,"3/31/11 16:03",2.46,,"United Kingdom"
"548514","22786","CUSHION COVER PINK UNION JACK",2,"3/31/11 16:03",15.79,,"United Kingdom"
"548514","22891","TEA FOR ONE POLKADOT",1,"3/31/11 16:03",8.29,,"United Kingdom"
"548514","22960","JAM MAKING SET WITH JARS",1,"3/31/11 16:03",8.29,,"United Kingdom"
"548514","22966","GINGERBREAD MAN COOKIE CUTTER",1,"3/31/11 16:03",2.46,,"United Kingdom"
"548514","22998","TRAVEL CARD WALLET KEEP CALM",2,"3/31/11 16:03",0.83,,"United Kingdom"
"548514","23182","TOILET SIGN OCCUPIED OR VACANT",1,"3/31/11 16:03",2.5,,"United Kingdom"
"548514","35241","ENAMEL BLUE RIM BISCUIT BIN",1,"3/31/11 16:03",9.96,,"United Kingdom"
"548514","37340","MULTICOLOUR SPRING FLOWER MUG",3,"3/31/11 16:03",8.29,,"United Kingdom"
"548514","47566b","TEA TIME PARTY BUNTING",1,"3/31/11 16:03",8.29,,"United Kingdom"
"548514","48116","DOORMAT MULTICOLOUR STRIPE",1,"3/31/11 16:03",14.13,,"United Kingdom"
"548514","48138","DOORMAT UNION FLAG",1,"3/31/11 16:03",14.13,,"United Kingdom"
"548514","48184","DOORMAT ENGLISH ROSE",1,"3/31/11 16:03",14.13,,"United Kingdom"
"548514","72349b","SET/6 PURPLE BUTTERFLY T-LIGHTS",2,"3/31/11 16:03",4.13,,"United Kingdom"
"548514","82482","WOODEN PICTURE FRAME WHITE FINISH",1,"3/31/11 16:03",4.96,,"United Kingdom"
"548514","84380","SET OF 3 BUTTERFLY COOKIE CUTTERS",2,"3/31/11 16:03",3.29,,"United Kingdom"
"548514","84970s","HANGING HEART ZINC T-LIGHT HOLDER",12,"3/31/11 16:03",2.08,,"United Kingdom"
"548514","85099B","JUMBO BAG RED RETROSPOT",8,"3/31/11 16:03",4.13,,"United Kingdom"
"548514","DOT","DOTCOM POSTAGE",1,"3/31/11 16:03",282.88,,"United Kingdom"
"548515","M","Manual",3,"3/31/11 16:19",0.65,,"United Kingdom"
"548516","21564","PINK  HEART SHAPE LOVE BUCKET",1,"3/31/11 16:28",5.79,,"United Kingdom"
"548516","21581","SKULLS  DESIGN  COTTON TOTE BAG",1,"3/31/11 16:28",4.96,,"United Kingdom"
"548516","21627","ELEPHANT CARNIVAL POUFFE",1,"3/31/11 16:28",29.17,,"United Kingdom"
"548516","21709","FOLDING UMBRELLA CHOCOLATE POLKADOT",1,"3/31/11 16:28",9.96,,"United Kingdom"
"548516","21716","BOYS VINTAGE TIN SEASIDE BUCKET",1,"3/31/11 16:28",4.96,,"United Kingdom"
"548516","21718","RED METAL BEACH SPADE",1,"3/31/11 16:28",2.46,,"United Kingdom"
"548516","21730","GLASS STAR FROSTED T-LIGHT HOLDER",1,"3/31/11 16:28",9.96,,"United Kingdom"
"548516","21731","RED TOADSTOOL LED NIGHT LIGHT",1,"3/31/11 16:28",3.29,,"United Kingdom"
"548516","21746","SMALL RED RETROSPOT WINDMILL",6,"3/31/11 16:28",2.46,,"United Kingdom"
"548516","21747","SMALL SKULL WINDMILL",5,"3/31/11 16:28",2.46,,"United Kingdom"
"548516","21755","LOVE BUILDING BLOCK WORD",1,"3/31/11 16:28",11.63,,"United Kingdom"
"548516","21773","DECORATIVE ROSE BATHROOM BOTTLE",1,"3/31/11 16:28",2.46,,"United Kingdom"
"548516","21775","DECORATIVE FLORE BATHROOM BOTTLE",1,"3/31/11 16:28",2.46,,"United Kingdom"
"548516","21867","PINK UNION JACK  LUGGAGE TAG",3,"3/31/11 16:28",2.46,,"United Kingdom"
"548516","21874","GIN AND TONIC MUG",1,"3/31/11 16:28",3.29,,"United Kingdom"
"548516","21880","RED RETROSPOT TAPE",3,"3/31/11 16:28",0.42,,"United Kingdom"
"548516","21884","CAKES AND BOWS GIFT  TAPE",2,"3/31/11 16:28",1.63,,"United Kingdom"
"548516","21888","BINGO SET",1,"3/31/11 16:28",7.46,,"United Kingdom"
"548516","21932","SCANDINAVIAN PAISLEY PICNIC BAG",1,"3/31/11 16:28",5.79,,"United Kingdom"
"548516","21975","PACK OF 60 DINOSAUR CAKE CASES",1,"3/31/11 16:28",1.25,,"United Kingdom"
"548516","21977","PACK OF 60 PINK PAISLEY CAKE CASES",4,"3/31/11 16:28",1.25,,"United Kingdom"
"548516","21981","PACK OF 12 WOODLAND TISSUES",1,"3/31/11 16:28",0.83,,"United Kingdom"
"548516","21990","MODERN FLORAL STATIONERY SET",2,"3/31/11 16:28",2.46,,"United Kingdom"
"548516","21992","VINTAGE PAISLEY STATIONERY SET",1,"3/31/11 16:28",2.46,,"United Kingdom"
"548516","22027","TEA PARTY BIRTHDAY CARD",1,"3/31/11 16:28",0.83,,"United Kingdom"
"548516","22061","LARGE CAKE STAND  HANGING STRAWBERY",1,"3/31/11 16:28",20.79,,"United Kingdom"
"548516","22079","RIBBON REEL HEARTS DESIGN",1,"3/31/11 16:28",3.29,,"United Kingdom"
"548516","22083","PAPER CHAIN KIT RETROSPOT",2,"3/31/11 16:28",5.79,,"United Kingdom"
"548516","22087","PAPER BUNTING WHITE LACE",5,"3/31/11 16:28",5.79,,"United Kingdom"
"548516","22090","PAPER BUNTING RETROSPOT",1,"3/31/11 16:28",5.79,,"United Kingdom"
"548516","22091","EMPIRE TISSUE BOX",1,"3/31/11 16:28",2.46,,"United Kingdom"
"548516","22102","MIRROR MOSAIC T-LIGHT HOLDER",2,"3/31/11 16:28",3.29,,"United Kingdom"
"548516","22133","PINK LOVE HEART SHAPE CUP",1,"3/31/11 16:28",1.63,,"United Kingdom"
"548516","22156","HEART DECORATION WITH PEARLS",1,"3/31/11 16:28",1.63,,"United Kingdom"
"548516","22161","HEART DECORATION RUSTIC HANGING",1,"3/31/11 16:28",0.79,,"United Kingdom"
"548516","22183","CAKE STAND VICTORIAN FILIGREE MED",1,"3/31/11 16:28",5.79,,"United Kingdom"
"548516","22192","BLUE DINER WALL CLOCK",1,"3/31/11 16:28",16.63,,"United Kingdom"
"548516","22193","RED DINER WALL CLOCK",1,"3/31/11 16:28",16.63,,"United Kingdom"
"548516","22195","LARGE HEART MEASURING SPOONS",1,"3/31/11 16:28",3.29,,"United Kingdom"
"548516","22196","SMALL HEART MEASURING SPOONS",1,"3/31/11 16:28",1.63,,"United Kingdom"
"548516","22211","WOOD STAMP SET FLOWERS",1,"3/31/11 16:28",3.29,,"United Kingdom"
"548516","22227","HANGING HEART MIRROR DECORATION",3,"3/31/11 16:28",1.25,,"United Kingdom"
"548516","22250","DECORATION  BUTTERFLY  MAGIC GARDEN",1,"3/31/11 16:28",1.63,,"United Kingdom"
"548516","22260","FELT EGG COSY BLUE RABBIT",5,"3/31/11 16:28",1.63,,"United Kingdom"
"548516","22262","FELT EGG COSY CHICKEN",5,"3/31/11 16:28",1.63,,"United Kingdom"
"548516","22282","12 EGG HOUSE PAINTED WOOD",2,"3/31/11 16:28",24.96,,"United Kingdom"
"548516","22283","6 EGG HOUSE PAINTED WOOD",1,"3/31/11 16:28",15.79,,"United Kingdom"
"548516","22289","HANGING METAL CHICKEN DECORATION",1,"3/31/11 16:28",2.46,,"United Kingdom"
"548516","22297","HEART IVORY TRELLIS SMALL",5,"3/31/11 16:28",2.46,,"United Kingdom"
"548516","22309","TEA COSY RED  STRIPE",1,"3/31/11 16:28",4.96,,"United Kingdom"
"548516","22318","FIVE HEART HANGING DECORATION",1,"3/31/11 16:28",5.79,,"United Kingdom"
"548516","22322","BIRD DECORATION GREEN POLKADOT",3,"3/31/11 16:28",1.63,,"United Kingdom"
"548516","22335","HEART DECORATION PAINTED ZINC",1,"3/31/11 16:28",1.25,,"United Kingdom"
"548516","22352","LUNCH BOX WITH CUTLERY RETROSPOT",1,"3/31/11 16:28",4.96,,"United Kingdom"
"548516","22364","GLASS JAR DIGESTIVE BISCUITS",2,"3/31/11 16:28",5.79,,"United Kingdom"
"548516","22377","BOTTLE BAG RETROSPOT",1,"3/31/11 16:28",4.13,,"United Kingdom"
"548516","22378","WALL TIDY RETROSPOT",1,"3/31/11 16:28",4.13,,"United Kingdom"
"548516","22379","RECYCLING BAG RETROSPOT",2,"3/31/11 16:28",4.13,,"United Kingdom"
"548516","22413","METAL SIGN TAKE IT OR LEAVE IT",2,"3/31/11 16:28",5.79,,"United Kingdom"
"548516","22421","LIPSTICK PEN FUSCHIA",1,"3/31/11 16:28",0.83,,"United Kingdom"
"548516","22423","REGENCY CAKESTAND 3 TIER",1,"3/31/11 16:28",24.96,,"United Kingdom"
"548516","22427","ENAMEL FLOWER JUG CREAM",1,"3/31/11 16:28",11.63,,"United Kingdom"
"548516","22469","HEART OF WICKER SMALL",1,"3/31/11 16:28",1.65,,"United Kingdom"
"548516","22477","WATERING CAN GARDEN MARKER",1,"3/31/11 16:28",2.46,,"United Kingdom"
"548516","22479","DAISY GARDEN MARKER",1,"3/31/11 16:28",2.46,,"United Kingdom"
"548516","22487","WHITE WOOD GARDEN PLANT LADDER",1,"3/31/11 16:28",19.96,,"United Kingdom"
"548516","22500","SET OF 2 TINS JARDIN DE PROVENCE",1,"3/31/11 16:28",10.79,,"United Kingdom"
"548516","22501","PICNIC BASKET WICKER LARGE",1,"3/31/11 16:28",20.79,,"United Kingdom"
"548516","22502","PICNIC BASKET WICKER SMALL",1,"3/31/11 16:28",10.79,,"United Kingdom"
"548516","22585","PACK OF 6 BIRDY GIFT TAGS",1,"3/31/11 16:28",2.46,,"United Kingdom"
"548516","22602","RETROSPOT WOODEN HEART DECORATION",2,"3/31/11 16:28",1.63,,"United Kingdom"
"548516","22659","LUNCH BOX I LOVE LONDON",1,"3/31/11 16:28",4.13,,"United Kingdom"
"548516","22697","GREEN REGENCY TEACUP AND SAUCER",1,"3/31/11 16:28",5.79,,"United Kingdom"
"548516","22712","CARD DOLLY GIRL",1,"3/31/11 16:28",0.83,,"United Kingdom"
"548516","22714","CARD BIRTHDAY COWBOY",1,"3/31/11 16:28",0.83,,"United Kingdom"
"548516","22718","CARD CAT AND TREE",1,"3/31/11 16:28",0.83,,"United Kingdom"
"548516","22721","SET OF 3 CAKE TINS SKETCHBOOK",1,"3/31/11 16:28",10.79,,"United Kingdom"
"548516","22725","ALARM CLOCK BAKELIKE CHOCOLATE",2,"3/31/11 16:28",7.46,,"United Kingdom"
"548516","22729","ALARM CLOCK BAKELIKE ORANGE",1,"3/31/11 16:28",7.46,,"United Kingdom"
"548516","22740","POLKADOT PEN",2,"3/31/11 16:28",1.63,,"United Kingdom"
"548516","22742","MAKE YOUR OWN PLAYTIME CARD KIT",1,"3/31/11 16:28",5.79,,"United Kingdom"
"548516","22743","MAKE YOUR OWN FLOWERPOWER CARD KIT",1,"3/31/11 16:28",5.79,,"United Kingdom"
"548516","22744","MAKE YOUR OWN MONSOON CARD KIT",1,"3/31/11 16:28",5.79,,"United Kingdom"
"548516","22759","SET OF 3 NOTEBOOKS IN PARCEL",1,"3/31/11 16:28",3.29,,"United Kingdom"
"548516","22770","MIRROR CORNICE",1,"3/31/11 16:28",29.17,,"United Kingdom"
"548516","22786","CUSHION COVER PINK UNION JACK",3,"3/31/11 16:28",5.95,,"United Kingdom"
"548516","22801","ANTIQUE GLASS PEDESTAL BOWL",1,"3/31/11 16:28",7.46,,"United Kingdom"
"548516","22825","DECORATIVE PLANT POT WITH FRIEZE",1,"3/31/11 16:28",15.79,,"United Kingdom"
"548516","22837","HOT WATER BOTTLE BABUSHKA",1,"3/31/11 16:28",9.13,,"United Kingdom"
"548516","22839","3 TIER CAKE TIN GREEN AND CREAM",1,"3/31/11 16:28",29.13,,"United Kingdom"
"548516","22851","SET 20 NAPKINS FAIRY CAKES DESIGN",1,"3/31/11 16:28",1.63,,"United Kingdom"
"548516","22855","FINE WICKER HEART",5,"3/31/11 16:28",2.46,,"United Kingdom"
"548516","22893","MINI CAKE STAND T-LIGHT HOLDER",2,"3/31/11 16:28",0.83,,"United Kingdom"
"548516","22937","BAKING MOULD CHOCOLATE CUPCAKES",1,"3/31/11 16:28",4.96,,"United Kingdom"
"548516","22939","APRON APPLE DELIGHT",1,"3/31/11 16:28",4.96,,"United Kingdom"
"548516","22960","JAM MAKING SET WITH JARS",2,"3/31/11 16:28",8.29,,"United Kingdom"
"548516","22966","GINGERBREAD MAN COOKIE CUTTER",2,"3/31/11 16:28",2.46,,"United Kingdom"
"548516","22993","SET OF 4 PANTRY JELLY MOULDS",5,"3/31/11 16:28",2.46,,"United Kingdom"
"548516","23182","TOILET SIGN OCCUPIED OR VACANT",4,"3/31/11 16:28",2.46,,"United Kingdom"
"548516","35911A","MULTICOLOUR RABBIT EGG WARMER",2,"3/31/11 16:28",0.83,,"United Kingdom"
"548516","35915C","PEACH KNITTED HEN",15,"3/31/11 16:28",0.83,,"United Kingdom"
"548516","35961","FOLKART ZINC HEART CHRISTMAS DEC",1,"3/31/11 16:28",1.63,,"United Kingdom"
"548516","37370","RETRO COFFEE MUGS ASSORTED",2,"3/31/11 16:28",15.79,,"United Kingdom"
"548516","37447","CERAMIC CAKE DESIGN SPOTTED PLATE",4,"3/31/11 16:28",3.29,,"United Kingdom"
"548516","37476","CONDIMENT TRAY 4 BOWLS AND 4 SPOONS",1,"3/31/11 16:28",8.29,,"United Kingdom"
"548516","37500","TEA TIME TEAPOT IN GIFT BOX",1,"3/31/11 16:28",8.29,,"United Kingdom"
"548516","47367B","PAIR PADDED HANGERS PINK CHECK",3,"3/31/11 16:28",3.29,,"United Kingdom"
"548516","47566","PARTY BUNTING",1,"3/31/11 16:28",10.79,,"United Kingdom"
"548516","47566B","TEA TIME PARTY BUNTING",1,"3/31/11 16:28",10.79,,"United Kingdom"
"548516","47585A","PINK FAIRY CAKE CUSHION COVER",1,"3/31/11 16:28",9.96,,"United Kingdom"
"548516","48188","DOORMAT WELCOME PUPPIES",1,"3/31/11 16:28",15.79,,"United Kingdom"
"548516","71053","WHITE METAL LANTERN",2,"3/31/11 16:28",8.29,,"United Kingdom"
"548516","71403","PINK/WHITE ""KEEP CLEAN"" BULLET BIN",2,"3/31/11 16:28",5.79,,"United Kingdom"
"548516","82486","WOOD S/3 CABINET ANT WHITE FINISH",2,"3/31/11 16:28",8.95,,"United Kingdom"
"548516","82578","KITCHEN METAL SIGN",1,"3/31/11 16:28",1.25,,"United Kingdom"
"548516","82583","HOT BATHS METAL SIGN",1,"3/31/11 16:28",4.13,,"United Kingdom"
"548516","84031A","CHARLIE+LOLA RED HOT WATER BOTTLE",1,"3/31/11 16:28",4.13,,"United Kingdom"
"548516","84032A","CHARLIE+LOLA PINK HOT WATER BOTTLE",3,"3/31/11 16:28",3.29,,"United Kingdom"
"548516","84375","SET OF 20 KIDS COOKIE CUTTERS",3,"3/31/11 16:28",4.13,,"United Kingdom"
"548516","84378","SET OF 3 HEART COOKIE CUTTERS",4,"3/31/11 16:28",2.46,,"United Kingdom"
"548516","84380","SET OF 3 BUTTERFLY COOKIE CUTTERS",4,"3/31/11 16:28",2.46,,"United Kingdom"
"548516","84531A","PINK KNITTED EGG COSY",3,"3/31/11 16:28",0.83,,"United Kingdom"
"548516","84531B","BLUE KNITTED EGG COSY",3,"3/31/11 16:28",0.83,,"United Kingdom"
"548516","84568","GIRLS ALPHABET IRON ON PATCHES",6,"3/31/11 16:28",0.42,,"United Kingdom"
"548516","84596F","SMALL MARSHMALLOWS PINK BOWL",1,"3/31/11 16:28",0.83,,"United Kingdom"
"548516","84637","KITCHEN FLOWER POTS WALL PLAQUE",1,"3/31/11 16:28",4.96,,"United Kingdom"
"548516","84638","SMALL KITCHEN FLOWER POTS PLAQUE",1,"3/31/11 16:28",5.83,,"United Kingdom"
"548516","84795B","SUNSET CHECK HAMMOCK",1,"3/31/11 16:28",16.63,,"United Kingdom"
"548516","84872A","TEATIME FUNKY FLOWER BACKPACK FOR 2",1,"3/31/11 16:28",10.79,,"United Kingdom"
"548516","84879","ASSORTED COLOUR BIRD ORNAMENT",112,"3/31/11 16:28",1.69,,"United Kingdom"
"548516","84946","ANTIQUE SILVER T-LIGHT GLASS",2,"3/31/11 16:28",2.46,,"United Kingdom"
"548516","84947","ANTIQUE SILVER TEA GLASS ENGRAVED",30,"3/31/11 16:28",2.46,,"United Kingdom"
"548516","84978","HANGING HEART JAR T-LIGHT HOLDER",4,"3/31/11 16:28",2.46,,"United Kingdom"
"548516","84991","60 TEATIME FAIRY CAKE CASES",5,"3/31/11 16:28",1.25,,"United Kingdom"
"548516","85015","SET OF 12  VINTAGE POSTCARD SET",1,"3/31/11 16:28",2.46,,"United Kingdom"
"548516","85017B","ENVELOPE 50 BLOSSOM IMAGES",1,"3/31/11 16:28",0.83,,"United Kingdom"
"548516","85038","6 CHOCOLATE LOVE HEART T-LIGHTS",1,"3/31/11 16:28",4.13,,"United Kingdom"
"548516","85040A","S/4 PINK FLOWER CANDLES IN BOWL",1,"3/31/11 16:28",3.29,,"United Kingdom"
"548516","85087","CANDY SPOT CUSHION COVER",1,"3/31/11 16:28",8.29,,"United Kingdom"
"548516","85094","CANDY SPOT EGG WARMER RABBIT",1,"3/31/11 16:28",0.83,,"United Kingdom"
"548516","85099C","JUMBO  BAG BAROQUE BLACK WHITE",6,"3/31/11 16:28",4.13,,"United Kingdom"
"548516","85099F","JUMBO BAG STRAWBERRY",4,"3/31/11 16:28",4.13,,"United Kingdom"
"548516","85123A","WHITE HANGING HEART T-LIGHT HOLDER",4,"3/31/11 16:28",5.79,,"United Kingdom"
"548516","85130B","BEADED CRYSTAL HEART GREEN LARGE",1,"3/31/11 16:28",3.29,,"United Kingdom"
"548516","85130D","BEADED CRYSTAL HEART PINK LARGE",1,"3/31/11 16:28",3.29,,"United Kingdom"
"548516","85178","VICTORIAN SEWING KIT",1,"3/31/11 16:28",2.46,,"United Kingdom"
"548516","90038A","GLASS AND PAINTED BEADS BRACELET TO",1,"3/31/11 16:28",3.73,,"United Kingdom"
"548516","90134","OLD ROSE COMBO BEAD NECKLACE",1,"3/31/11 16:28",2.9,,"United Kingdom"
"548516","90191","SILVER LARIAT 40CM",1,"3/31/11 16:28",12.48,,"United Kingdom"
"548516","DOT","DOTCOM POSTAGE",1,"3/31/11 16:28",197.3,,"United Kingdom"
"548516","15044C","PURPLE PAPER PARASOL",1,"3/31/11 16:28",5.79,,"United Kingdom"
"548516","15056N","EDWARDIAN PARASOL NATURAL",1,"3/31/11 16:28",12.46,,"United Kingdom"
"548516","16218","CARTOON  PENCIL SHARPENERS",1,"3/31/11 16:28",2.08,,"United Kingdom"
"548516","17012B","ORIGAMI JASMINE INCENSE/CANDLE SET",2,"3/31/11 16:28",2.46,,"United Kingdom"
"548516","17012D","ORIGAMI ROSE INCENSE/CANDLE SET",1,"3/31/11 16:28",2.46,,"United Kingdom"
"548516","20674","GREEN POLKADOT BOWL",2,"3/31/11 16:28",2.46,,"United Kingdom"
"548516","20725","LUNCH BAG RED RETROSPOT",1,"3/31/11 16:28",4.13,,"United Kingdom"
"548516","20727","LUNCH BAG  BLACK SKULL.",1,"3/31/11 16:28",4.13,,"United Kingdom"
"548516","20735","BLACK MINI TAPE MEASURE",100,"3/31/11 16:28",0.83,,"United Kingdom"
"548516","20769","DAISY JOURNAL",1,"3/31/11 16:28",4.96,,"United Kingdom"
"548516","20903","VINTAGE KEEPSAKE BOX TRAVELOGUE",1,"3/31/11 16:28",12.46,,"United Kingdom"
"548516","20914","SET/5 RED RETROSPOT LID GLASS BOWLS",1,"3/31/11 16:28",5.79,,"United Kingdom"
"548516","20963","APPLE BATH SPONGE",1,"3/31/11 16:28",2.46,,"United Kingdom"
"548516","20967","GREY FLORAL FELTCRAFT SHOULDER BAG",1,"3/31/11 16:28",7.46,,"United Kingdom"
"548516","20974","12 PENCILS SMALL TUBE SKULL",5,"3/31/11 16:28",1.25,,"United Kingdom"
"548516","20975","12 PENCILS SMALL TUBE RED RETROSPOT",6,"3/31/11 16:28",1.25,,"United Kingdom"
"548516","20979","36 PENCILS TUBE RED RETROSPOT",1,"3/31/11 16:28",2.46,,"United Kingdom"
"548516","20992","JAZZ HEARTS PURSE NOTEBOOK",1,"3/31/11 16:28",1.63,,"United Kingdom"
"548516","21067","VINTAGE RED TEATIME MUG",1,"3/31/11 16:28",2.46,,"United Kingdom"
"548516","21080","SET/20 RED RETROSPOT PAPER NAPKINS",1,"3/31/11 16:28",1.63,,"United Kingdom"
"548516","21116","OWL DOORSTOP",1,"3/31/11 16:28",8.29,,"United Kingdom"
"548516","21166","COOK WITH WINE METAL SIGN",1,"3/31/11 16:28",4.13,,"United Kingdom"
"548516","21175","GIN + TONIC DIET METAL SIGN",1,"3/31/11 16:28",4.96,,"United Kingdom"
"548516","21195","PINK  HONEYCOMB PAPER BALL",1,"3/31/11 16:28",4.13,,"United Kingdom"
"548516","21197","MULTICOLOUR  CONFETTI IN TUBE",1,"3/31/11 16:28",3.29,,"United Kingdom"
"548516","21201","TROPICAL  HONEYCOMB PAPER GARLAND",3,"3/31/11 16:28",4.96,,"United Kingdom"
"548516","21215","IVORY PAPER CUP CAKE CASES",1,"3/31/11 16:28",1.25,,"United Kingdom"
"548516","21232","STRAWBERRY CERAMIC TRINKET BOX",2,"3/31/11 16:28",2.46,,"United Kingdom"
"548516","21245","GREEN POLKADOT PLATE",1,"3/31/11 16:28",3.29,,"United Kingdom"
"548516","21248","DOOR HANGER  MUM + DADS ROOM",1,"3/31/11 16:28",3.29,,"United Kingdom"
"548516","21314","SMALL GLASS HEART TRINKET POT",3,"3/31/11 16:28",4.13,,"United Kingdom"
"548516","21328","BALLOONS  WRITING SET",1,"3/31/11 16:28",3.29,,"United Kingdom"
"548516","21380","WOODEN HAPPY BIRTHDAY GARLAND",1,"3/31/11 16:28",5.79,,"United Kingdom"
"548516","21385","IVORY HANGING DECORATION  HEART",2,"3/31/11 16:28",1.63,,"United Kingdom"
"548516","21389","IVORY HANGING DECORATION  BIRD",2,"3/31/11 16:28",1.63,,"United Kingdom"
"548516","21417","COCKLE SHELL DISH",2,"3/31/11 16:28",4.13,,"United Kingdom"
"548516","21441","BLUE BIRDHOUSE DECORATION",1,"3/31/11 16:28",1.63,,"United Kingdom"
"548516","21442","GREEN BIRDHOUSE DECORATION",1,"3/31/11 16:28",1.63,,"United Kingdom"
"548516","21558","SKULL LUNCH BOX WITH CUTLERY",1,"3/31/11 16:28",4.96,,"United Kingdom"
"548516","85123A","WHITE HANGING HEART T-LIGHT HOLDER",3,"3/31/11 16:28",2.95,,"United Kingdom"
"548516","22423","REGENCY CAKESTAND 3 TIER",5,"3/31/11 16:28",9.86,,"United Kingdom"
"548516","21843","RED RETROSPOT CAKE STAND",1,"3/31/11 16:28",10.95,,"United Kingdom"
"548516","82482","WOODEN PICTURE FRAME WHITE FINISH",25,"3/31/11 16:28",2.1,,"United Kingdom"
"548516","82494L","WOODEN FRAME ANTIQUE WHITE",19,"3/31/11 16:28",2.55,,"United Kingdom"
"548516","84406B","CREAM CUPID HEARTS COAT HANGER",28,"3/31/11 16:28",3.75,,"United Kingdom"
"548520","85159A","BLACK TEA,COFFEE,SUGAR JARS",12,"3/31/11 16:40",1.95,13126,"United Kingdom"
"548520","37482P","CUBIC MUG PINK POLKADOT",6,"3/31/11 16:40",0.39,13126,"United Kingdom"
"548520","22062","CERAMIC BOWL WITH LOVE HEART DESIGN",18,"3/31/11 16:40",0.83,13126,"United Kingdom"
"548520","35241","ENAMEL BLUE RIM BISCUIT BIN",3,"3/31/11 16:40",4.95,13126,"United Kingdom"
"548520","22060","LARGE CAKE STAND HANGING HEARTS",8,"3/31/11 16:40",3.95,13126,"United Kingdom"
"548520","21397","BLUE POLKADOT EGG CUP",48,"3/31/11 16:40",0.39,13126,"United Kingdom"
"548520","37342","POLKADOT COFFEE CUP & SAUCER PINK",24,"3/31/11 16:40",0.79,13126,"United Kingdom"
"548520","79164","BLACK WINE GLASS",48,"3/31/11 16:40",0.39,13126,"United Kingdom"
"548520","21403","BLUE EGG  SPOON",24,"3/31/11 16:40",0.12,13126,"United Kingdom"
"548520","22219","LOVEBIRD HANGING DECORATION WHITE",12,"3/31/11 16:40",0.85,13126,"United Kingdom"
"548520","22227","HANGING HEART MIRROR DECORATION",24,"3/31/11 16:40",0.65,13126,"United Kingdom"
"548520","85132A","CHARLIE + LOLA BISCUITS TINS",12,"3/31/11 16:40",1.95,13126,"United Kingdom"
"548520","85132C","CHARLIE AND LOLA FIGURES TINS",12,"3/31/11 16:40",1.95,13126,"United Kingdom"
"548520","84876D","BLUE HEART COMPACT MIRROR",24,"3/31/11 16:40",1.25,13126,"United Kingdom"
"548520","79163","BLACK CHAMPAGNE GLASS",48,"3/31/11 16:40",0.39,13126,"United Kingdom"
"548520","84531A","PINK KNITTED EGG COSY",24,"3/31/11 16:40",0.39,13126,"United Kingdom"
"548520","84531B","BLUE KNITTED EGG COSY",24,"3/31/11 16:40",0.39,13126,"United Kingdom"
"548520","21232","STRAWBERRY CERAMIC TRINKET BOX",12,"3/31/11 16:40",1.25,13126,"United Kingdom"
"548520","22066","LOVE HEART TRINKET POT",48,"3/31/11 16:40",0.39,13126,"United Kingdom"
"548521","21949","SET OF 6 STRAWBERRY CHOPSTICKS",12,"3/31/11 16:41",1.25,17735,"United Kingdom"
"548521","21948","SET OF 6 CAKE CHOPSTICKS",12,"3/31/11 16:41",1.25,17735,"United Kingdom"
"548521","22721","SET OF 3 CAKE TINS SKETCHBOOK",3,"3/31/11 16:41",4.95,17735,"United Kingdom"
"548521","22629","SPACEBOY LUNCH BOX",12,"3/31/11 16:41",1.95,17735,"United Kingdom"
"548521","22890","NOVELTY BISCUITS CAKE STAND 3 TIER",4,"3/31/11 16:41",9.95,17735,"United Kingdom"
"548521","84596E","SMALL LICORICE DES PINK BOWL",24,"3/31/11 16:41",0.42,17735,"United Kingdom"
"548521","84596F","SMALL MARSHMALLOWS PINK BOWL",24,"3/31/11 16:41",0.42,17735,"United Kingdom"
"548521","84596L","BISCUITS SMALL BOWL LIGHT BLUE",24,"3/31/11 16:41",0.42,17735,"United Kingdom"
"548521","84596J","MIXED NUTS LIGHT GREEN BOWL",24,"3/31/11 16:41",0.42,17735,"United Kingdom"
"548521","84596G","SMALL CHOCOLATES PINK BOWL",24,"3/31/11 16:41",0.42,17735,"United Kingdom"
"548521","85159B","WHITE TEA,COFFEE,SUGAR JARS",12,"3/31/11 16:41",1.95,17735,"United Kingdom"
"548521","20751","FUNKY WASHING UP GLOVES ASSORTED",12,"3/31/11 16:41",2.1,17735,"United Kingdom"
"548521","20752","BLUE POLKADOT WASHING UP GLOVES",6,"3/31/11 16:41",2.1,17735,"United Kingdom"
"548521","20754","RETROSPOT RED WASHING UP GLOVES",6,"3/31/11 16:41",2.1,17735,"United Kingdom"
"548521","22501","PICNIC BASKET WICKER LARGE",2,"3/31/11 16:41",9.95,17735,"United Kingdom"
"548521","22844","VINTAGE CREAM DOG FOOD CONTAINER",2,"3/31/11 16:41",8.5,17735,"United Kingdom"
"548521","22443","GROW YOUR OWN HERBS SET OF 3",2,"3/31/11 16:41",7.95,17735,"United Kingdom"
"548521","22442","GROW YOUR OWN FLOWERS SET OF 3",2,"3/31/11 16:41",7.95,17735,"United Kingdom"
"548521","22666","RECIPE BOX PANTRY YELLOW DESIGN",6,"3/31/11 16:41",2.95,17735,"United Kingdom"
"548521","22930","BAKING MOULD HEART MILK CHOCOLATE",6,"3/31/11 16:41",2.55,17735,"United Kingdom"
"548521","22328","ROUND SNACK BOXES SET OF 4 FRUITS",6,"3/31/11 16:41",2.95,17735,"United Kingdom"
"548521","21213","PACK OF 72 SKULL CAKE CASES",24,"3/31/11 16:41",0.55,17735,"United Kingdom"
"548521","21977","PACK OF 60 PINK PAISLEY CAKE CASES",24,"3/31/11 16:41",0.55,17735,"United Kingdom"
"548521","22951","60 CAKE CASES DOLLY GIRL DESIGN",24,"3/31/11 16:41",0.55,17735,"United Kingdom"
"548521","21212","PACK OF 72 RETROSPOT CAKE CASES",24,"3/31/11 16:41",0.55,17735,"United Kingdom"
"548521","22423","REGENCY CAKESTAND 3 TIER",1,"3/31/11 16:41",12.75,17735,"United Kingdom"
"548521","22964","3 PIECE SPACEBOY COOKIE CUTTER SET",12,"3/31/11 16:41",2.1,17735,"United Kingdom"
"548521","84378","SET OF 3 HEART COOKIE CUTTERS",12,"3/31/11 16:41",1.25,17735,"United Kingdom"
"548521","84380","SET OF 3 BUTTERFLY COOKIE CUTTERS",12,"3/31/11 16:41",1.25,17735,"United Kingdom"
"548521","22966","GINGERBREAD MAN COOKIE CUTTER",12,"3/31/11 16:41",1.25,17735,"United Kingdom"
"548521","22097","SWALLOW SQUARE TISSUE BOX",12,"3/31/11 16:41",1.25,17735,"United Kingdom"
"548521","20725","LUNCH BAG RED RETROSPOT",10,"3/31/11 16:41",1.65,17735,"United Kingdom"
"548521","20726","LUNCH BAG WOODLAND",10,"3/31/11 16:41",1.65,17735,"United Kingdom"
"548521","22383","LUNCH BAG SUKI DESIGN",10,"3/31/11 16:41",1.65,17735,"United Kingdom"
"548521","22384","LUNCH BAG PINK POLKADOT",10,"3/31/11 16:41",1.65,17735,"United Kingdom"
"548521","35912B","WHITE/PINK CHICK DECORATION",12,"3/31/11 16:41",1.25,17735,"United Kingdom"
"548521","21397","BLUE POLKADOT EGG CUP",48,"3/31/11 16:41",0.39,17735,"United Kingdom"
"548521","21401","BLUE PUDDING SPOON",24,"3/31/11 16:41",0.12,17735,"United Kingdom"
"548521","21398","RED POLKADOT COFFEE  MUG",48,"3/31/11 16:41",0.39,17735,"United Kingdom"
"548521","21399","BLUE POLKADOT COFFEE MUG",48,"3/31/11 16:41",0.39,17735,"United Kingdom"
"548521","84596B","SMALL DOLLY MIX DESIGN ORANGE BOWL",24,"3/31/11 16:41",0.42,17735,"United Kingdom"
"548522","10135","COLOURING PENCILS BROWN TUBE",1,"3/31/11 16:43",2.46,,"United Kingdom"
"548522","15036","ASSORTED COLOURS SILK FAN",1,"3/31/11 16:43",1.63,,"United Kingdom"
"548522","15039","SANDALWOOD FAN",1,"3/31/11 16:43",1.63,,"United Kingdom"
"548522","15044C","PURPLE PAPER PARASOL",1,"3/31/11 16:43",5.79,,"United Kingdom"
"548522","16235","RECYCLED PENCIL WITH RABBIT ERASER",4,"3/31/11 16:43",0.42,,"United Kingdom"
"548522","17012B","ORIGAMI JASMINE INCENSE/CANDLE SET",2,"3/31/11 16:43",2.46,,"United Kingdom"
"548522","17012C","ORIGAMI LAVENDER INCENSE/CANDL SET",1,"3/31/11 16:43",2.46,,"United Kingdom"
"548522","17129F","BLUE GLASS GEMS IN BAG",5,"3/31/11 16:43",1.63,,"United Kingdom"
"548522","20665","RED RETROSPOT PURSE",1,"3/31/11 16:43",5.79,,"United Kingdom"
"548522","20712","JUMBO BAG WOODLAND ANIMALS",1,"3/31/11 16:43",4.13,,"United Kingdom"
"548522","20717","STRAWBERRY SHOPPER BAG",1,"3/31/11 16:43",2.46,,"United Kingdom"
"548522","20735","BLACK MINI TAPE MEASURE",2,"3/31/11 16:43",0.83,,"United Kingdom"
"548522","20754","RETROSPOT RED WASHING UP GLOVES",2,"3/31/11 16:43",4.13,,"United Kingdom"
"548522","20761","BLUE PAISLEY SKETCHBOOK",1,"3/31/11 16:43",7.46,,"United Kingdom"
"548522","20969","RED FLORAL FELTCRAFT SHOULDER BAG",1,"3/31/11 16:43",7.46,,"United Kingdom"
"548522","20975","12 PENCILS SMALL TUBE RED RETROSPOT",1,"3/31/11 16:43",1.25,,"United Kingdom"
"548522","21033","JUMBO BAG CHARLIE AND LOLA TOYS",1,"3/31/11 16:43",4.13,,"United Kingdom"
"548522","21042","RED RETROSPOT APRON",1,"3/31/11 16:43",12.46,,"United Kingdom"
"548522","21069","VINTAGE BILLBOARD TEA MUG",1,"3/31/11 16:43",2.46,,"United Kingdom"
"548522","21078","SET/20 STRAWBERRY PAPER NAPKINS",1,"3/31/11 16:43",1.63,,"United Kingdom"
"548522","21084","SET/6 COLLAGE PAPER CUPS",3,"3/31/11 16:43",0.83,,"United Kingdom"
"548522","21086","SET/6 RED SPOTTY PAPER CUPS",7,"3/31/11 16:43",1.63,,"United Kingdom"
"548522","21088","SET/6 FRUIT SALAD PAPER CUPS",2,"3/31/11 16:43",0.83,,"United Kingdom"
"548522","21090","SET/6 COLLAGE PAPER PLATES",3,"3/31/11 16:43",0.83,,"United Kingdom"
"548522","21094","SET/6 RED SPOTTY PAPER PLATES",7,"3/31/11 16:43",0.83,,"United Kingdom"
"548522","21106","CREAM SLICE FLANNEL CHOCOLATE SPOT",1,"3/31/11 16:43",5.79,,"United Kingdom"
"548522","21115","ROSE CARAVAN DOORSTOP",1,"3/31/11 16:43",14.13,,"United Kingdom"
"548522","21121","SET/10 RED POLKADOT PARTY CANDLES",1,"3/31/11 16:43",2.46,,"United Kingdom"
"548522","21122","SET/10 PINK POLKADOT PARTY CANDLES",1,"3/31/11 16:43",2.46,,"United Kingdom"
"548522","21154","RED RETROSPOT OVEN GLOVE",1,"3/31/11 16:43",2.46,,"United Kingdom"
"548522","21262","WHITE GOOSE FEATHER CHRISTMAS TREE",2,"3/31/11 16:43",7.46,,"United Kingdom"
"548522","21285","RETROSPOT CANDLE  MEDIUM",1,"3/31/11 16:43",4.13,,"United Kingdom"
"548522","21314","SMALL GLASS HEART TRINKET POT",4,"3/31/11 16:43",4.13,,"United Kingdom"
"548522","21397","BLUE POLKADOT EGG CUP",2,"3/31/11 16:43",1.63,,"United Kingdom"
"548522","21539","RED RETROSPOT BUTTER DISH",1,"3/31/11 16:43",9.96,,"United Kingdom"
"548522","21579","LOLITA  DESIGN  COTTON TOTE BAG",1,"3/31/11 16:43",4.96,,"United Kingdom"
"548522","21580","RABBIT  DESIGN  COTTON TOTE BAG",1,"3/31/11 16:43",4.96,,"United Kingdom"
"548522","21614","SET OF 12 ROSE BOTANICAL T-LIGHTS",1,"3/31/11 16:43",5.79,,"United Kingdom"
"548522","21621","VINTAGE UNION JACK BUNTING",2,"3/31/11 16:43",8.5,,"United Kingdom"
"548522","21689","SILVER VANILLA  FLOWER CANDLE POT",1,"3/31/11 16:43",8.29,,"United Kingdom"
"548522","21714","CITRONELLA CANDLE GARDEN POT",1,"3/31/11 16:43",2.46,,"United Kingdom"
"548522","21811","HANGING HEART WITH BELL",1,"3/31/11 16:43",2.46,,"United Kingdom"
"548522","21868","POTTING SHED TEA MUG",1,"3/31/11 16:43",3.29,,"United Kingdom"
"548522","21884","CAKES AND BOWS GIFT  TAPE",1,"3/31/11 16:43",1.63,,"United Kingdom"
"548522","21894","POTTING SHED SEED ENVELOPES",13,"3/31/11 16:43",2.46,,"United Kingdom"
"548522","21914","BLUE HARMONICA IN BOX",2,"3/31/11 16:43",2.46,,"United Kingdom"
"548522","21928","JUMBO BAG SCANDINAVIAN BLUE PAISLEY",1,"3/31/11 16:43",4.13,,"United Kingdom"
"548522","21931","JUMBO STORAGE BAG SUKI",1,"3/31/11 16:43",4.13,,"United Kingdom"
"548522","21990","MODERN FLORAL STATIONERY SET",1,"3/31/11 16:43",2.46,,"United Kingdom"
"548522","22028","PENNY FARTHING BIRTHDAY CARD",3,"3/31/11 16:43",0.83,,"United Kingdom"
"548522","22032","BOTANICAL LILY GREETING CARD",3,"3/31/11 16:43",0.83,,"United Kingdom"
"548522","22061","LARGE CAKE STAND  HANGING STRAWBERY",1,"3/31/11 16:43",20.79,,"United Kingdom"
"548522","22062","CERAMIC BOWL WITH LOVE HEART DESIGN",1,"3/31/11 16:43",2.46,,"United Kingdom"
"548522","22063","CERAMIC BOWL WITH STRAWBERRY DESIGN",1,"3/31/11 16:43",5.79,,"United Kingdom"
"548522","22074","6 RIBBONS SHIMMERING PINKS",1,"3/31/11 16:43",3.29,,"United Kingdom"
"548522","22089","PAPER BUNTING VINTAGE PAISLEY",3,"3/31/11 16:43",5.79,,"United Kingdom"
"548522","22148","EASTER CRAFT 4 CHICKS",3,"3/31/11 16:43",4.13,,"United Kingdom"
"548522","22149","FELTCRAFT 6 FLOWER FRIENDS",1,"3/31/11 16:43",4.13,,"United Kingdom"
"548522","22167","OVAL WALL MIRROR DIAMANTE",1,"3/31/11 16:43",8.29,,"United Kingdom"
"548522","22178","VICTORIAN GLASS HANGING T-LIGHT",5,"3/31/11 16:43",2.46,,"United Kingdom"
"548522","22183","CAKE STAND VICTORIAN FILIGREE MED",10,"3/31/11 16:43",5.79,,"United Kingdom"
"548522","22212","FOUR HOOK  WHITE LOVEBIRDS",1,"3/31/11 16:43",4.13,,"United Kingdom"
"548522","22219","LOVEBIRD HANGING DECORATION WHITE",18,"3/31/11 16:43",1.63,,"United Kingdom"
"548522","22228","BUNNY WOODEN PAINTED WITH BIRD",2,"3/31/11 16:43",1.63,,"United Kingdom"
"548522","22229","BUNNY WOODEN PAINTED WITH FLOWER",1,"3/31/11 16:43",1.63,,"United Kingdom"
"548522","22269","EGG CUP NATURAL CHICKEN",1,"3/31/11 16:43",2.46,,"United Kingdom"
"548522","22297","HEART IVORY TRELLIS SMALL",2,"3/31/11 16:43",2.46,,"United Kingdom"
"548522","22312","OFFICE MUG WARMER POLKADOT",1,"3/31/11 16:43",5.79,,"United Kingdom"
"548522","22356","CHARLOTTE BAG PINK POLKADOT",1,"3/31/11 16:43",1.63,,"United Kingdom"
"548522","22366","DOORMAT AIRMAIL",1,"3/31/11 16:43",15.79,,"United Kingdom"
"548522","22372","AIRLINE BAG VINTAGE WORLD CHAMPION",1,"3/31/11 16:43",8.29,,"United Kingdom"
"548522","22380","TOY TIDY SPACEBOY",1,"3/31/11 16:43",4.13,,"United Kingdom"
"548522","22432","WATERING CAN PINK BUNNY",1,"3/31/11 16:43",4.13,,"United Kingdom"
"548522","22448","PIN CUSHION BABUSHKA RED",1,"3/31/11 16:43",6.63,,"United Kingdom"
"548522","22457","NATURAL SLATE HEART CHALKBOARD",1,"3/31/11 16:43",5.79,,"United Kingdom"
"548522","22485","SET OF 2 WOODEN MARKET CRATES",1,"3/31/11 16:43",24.96,,"United Kingdom"
"548522","22558","CLOTHES PEGS RETROSPOT PACK 24",1,"3/31/11 16:43",3.29,,"United Kingdom"
"548522","22621","TRADITIONAL KNITTING NANCY",1,"3/31/11 16:43",3.29,,"United Kingdom"
"548522","22654","DELUXE SEWING KIT",1,"3/31/11 16:43",11.63,,"United Kingdom"
"548522","22665","RECIPE BOX BLUE SKETCHBOOK DESIGN",1,"3/31/11 16:43",5.79,,"United Kingdom"
"548522","22666","RECIPE BOX PANTRY YELLOW DESIGN",1,"3/31/11 16:43",5.79,,"United Kingdom"
"548522","22692","DOORMAT WELCOME TO OUR HOME",1,"3/31/11 16:43",15.79,,"United Kingdom"
"548522","22693","GROW A FLYTRAP OR SUNFLOWER IN TIN",42,"3/31/11 16:43",1.25,,"United Kingdom"
"548522","22697","GREEN REGENCY TEACUP AND SAUCER",3,"3/31/11 16:43",5.79,,"United Kingdom"
"548522","22698","PINK REGENCY TEACUP AND SAUCER",1,"3/31/11 16:43",5.79,,"United Kingdom"
"548522","22699","ROSES REGENCY TEACUP AND SAUCER",1,"3/31/11 16:43",5.79,,"United Kingdom"
"548522","22713","CARD I LOVE LONDON",1,"3/31/11 16:43",0.83,,"United Kingdom"
"548522","22720","SET OF 3 CAKE TINS PANTRY DESIGN",2,"3/31/11 16:43",4.95,,"United Kingdom"
"548522","22722","SET OF 6 SPICE TINS PANTRY DESIGN",2,"3/31/11 16:43",8.29,,"United Kingdom"
"548522","22740","POLKADOT PEN",1,"3/31/11 16:43",1.63,,"United Kingdom"
"548522","22746","POPPY'S PLAYHOUSE LIVINGROOM",1,"3/31/11 16:43",4.13,,"United Kingdom"
"548522","22762","CUPBOARD 3 DRAWER MA CAMPAGNE",1,"3/31/11 16:43",29.17,,"United Kingdom"
"548522","22798","ANTIQUE GLASS DRESSING TABLE POT",1,"3/31/11 16:43",5.79,,"United Kingdom"
"548522","22800","ANTIQUE TALL SWIRLGLASS TRINKET POT",1,"3/31/11 16:43",7.46,,"United Kingdom"
"548522","22801","ANTIQUE GLASS PEDESTAL BOWL",1,"3/31/11 16:43",7.46,,"United Kingdom"
"548522","22837","HOT WATER BOTTLE BABUSHKA",3,"3/31/11 16:43",9.13,,"United Kingdom"
"548522","22907","PACK OF 20 NAPKINS PANTRY DESIGN",1,"3/31/11 16:43",1.63,,"United Kingdom"
"548522","22908","PACK OF 20 NAPKINS RED APPLES",2,"3/31/11 16:43",1.63,,"United Kingdom"
"548522","22960","JAM MAKING SET WITH JARS",3,"3/31/11 16:43",8.29,,"United Kingdom"
"548522","22998","TRAVEL CARD WALLET KEEP CALM",1,"3/31/11 16:43",0.83,,"United Kingdom"
"548522","23051","RECYCLED ACAPULCO MAT BLUE",1,"3/31/11 16:43",16.63,,"United Kingdom"
"548522","23052","RECYCLED ACAPULCO MAT TURQUOISE",2,"3/31/11 16:43",16.63,,"United Kingdom"
"548522","23053","RECYCLED ACAPULCO MAT PINK",1,"3/31/11 16:43",16.63,,"United Kingdom"
"548522","23054","RECYCLED ACAPULCO MAT LAVENDER",1,"3/31/11 16:43",16.63,,"United Kingdom"
"548522","23156","SET OF 5 MINI GROCERY MAGNETS",1,"3/31/11 16:43",4.13,,"United Kingdom"
"548522","35914","PINK CHICK EGG WARMER + EGG CUP",4,"3/31/11 16:43",0.83,,"United Kingdom"
"548522","35915C","PEACH KNITTED HEN",3,"3/31/11 16:43",0.83,,"United Kingdom"
"548522","35961","FOLKART ZINC HEART CHRISTMAS DEC",2,"3/31/11 16:43",1.63,,"United Kingdom"
"548522","37342","POLKADOT COFFEE CUP & SAUCER PINK",2,"3/31/11 16:43",2.46,,"United Kingdom"
"548522","47504H","ENGLISH ROSE SPIRIT LEVEL",1,"3/31/11 16:43",7.46,,"United Kingdom"
"548522","47593B","SCOTTIE DOGS BABY BIB",1,"3/31/11 16:43",0.83,,"United Kingdom"
"548522","71053","WHITE METAL LANTERN",12,"3/31/11 16:43",8.29,,"United Kingdom"
"548522","71403","PINK/WHITE ""KEEP CLEAN"" BULLET BIN",1,"3/31/11 16:43",5.79,,"United Kingdom"
"548522","72807A","SET/3 ROSE CANDLE IN JEWELLED BOX",1,"3/31/11 16:43",8.29,,"United Kingdom"
"548522","72807B","SET/3 OCEAN SCENT CANDLE JEWEL BOX",1,"3/31/11 16:43",8.29,,"United Kingdom"
"548522","72807C","SET/3 VANILLA SCENTED CANDLE IN BOX",1,"3/31/11 16:43",8.29,,"United Kingdom"
"548522","75049L","LARGE CIRCULAR MIRROR MOBILE",2,"3/31/11 16:43",2.46,,"United Kingdom"
"548522","84078A","SET/4 WHITE RETRO STORAGE CUBES",2,"3/31/11 16:43",39.95,,"United Kingdom"
"548522","84378","SET OF 3 HEART COOKIE CUTTERS",2,"3/31/11 16:43",2.46,,"United Kingdom"
"548522","84509B","SET OF 4 FAIRY CAKE PLACEMATS",1,"3/31/11 16:43",7.46,,"United Kingdom"
"548522","84531A","PINK KNITTED EGG COSY",1,"3/31/11 16:43",0.83,,"United Kingdom"
"548522","84531B","BLUE KNITTED EGG COSY",1,"3/31/11 16:43",0.83,,"United Kingdom"
"548522","84549","CROCHET WHITE RABBIT KEYRING",3,"3/31/11 16:43",3.29,,"United Kingdom"
"548522","84596B","SMALL DOLLY MIX DESIGN ORANGE BOWL",1,"3/31/11 16:43",0.83,,"United Kingdom"
"548522","84596F","SMALL MARSHMALLOWS PINK BOWL",1,"3/31/11 16:43",0.83,,"United Kingdom"
"548522","84596G","SMALL CHOCOLATES PINK BOWL",1,"3/31/11 16:43",0.83,,"United Kingdom"
"548522","84596J","MIXED NUTS LIGHT GREEN BOWL",2,"3/31/11 16:43",0.83,,"United Kingdom"
"548522","84596L","BISCUITS SMALL BOWL LIGHT BLUE",1,"3/31/11 16:43",0.83,,"United Kingdom"
"548522","84755","COLOUR GLASS T-LIGHT HOLDER HANGING",4,"3/31/11 16:43",1.24,,"United Kingdom"
"548522","84796B","BLUE SAVANNAH PICNIC HAMPER FOR 2",1,"3/31/11 16:43",8.29,,"United Kingdom"
"548522","84828","JUNGLE POPSICLES ICE LOLLY MOULDS",1,"3/31/11 16:43",2.46,,"United Kingdom"
"548522","84923","PINK BUTTERFLY HANDBAG W BOBBLES",1,"3/31/11 16:43",4.13,,"United Kingdom"
"548522","84991","60 TEATIME FAIRY CAKE CASES",1,"3/31/11 16:43",1.25,,"United Kingdom"
"548522","84992","72 SWEETHEART FAIRY CAKE CASES",1,"3/31/11 16:43",1.25,,"United Kingdom"
"548522","85016","SET OF 6 VINTAGE NOTELETS KIT",5,"3/31/11 16:43",2.46,,"United Kingdom"
"548522","85039C","S/4 BLACK MINI ROSE CANDLE IN BOWL",1,"3/31/11 16:43",1.63,,"United Kingdom"
"548522","85049C","ROMANTIC PINKS RIBBONS",1,"3/31/11 16:43",2.46,,"United Kingdom"
"548522","85061W","WHITE JEWELLED HEART DECORATION",1,"3/31/11 16:43",1.63,,"United Kingdom"
"548522","85132A","CHARLIE + LOLA BISCUITS TINS",1,"3/31/11 16:43",5.79,,"United Kingdom"
"548522","85176","SEWING SUSAN 21 NEEDLE SET",2,"3/31/11 16:43",1.63,,"United Kingdom"
"548522","85199S","SMALL HANGING IVORY/RED WOOD BIRD",2,"3/31/11 16:43",0.83,,"United Kingdom"
"548522","85202","HANGING WOOD AND FELT HEART",20,"3/31/11 16:43",0.79,,"United Kingdom"
"548522","90072","RUBY DROP CHANDELIER EARRINGS",1,"3/31/11 16:43",4.15,,"United Kingdom"
"548522","DOT","DOTCOM POSTAGE",1,"3/31/11 16:43",290.59,,"United Kingdom"
"548522","82482","WOODEN PICTURE FRAME WHITE FINISH",18,"3/31/11 16:43",2.55,,"United Kingdom"
"548522","84406B","CREAM CUPID HEARTS COAT HANGER",14,"3/31/11 16:43",3.75,,"United Kingdom"
"548522","82494L","WOODEN FRAME ANTIQUE WHITE",22,"3/31/11 16:43",2.95,,"United Kingdom"
"548529","23156","SET OF 5 MINI GROCERY MAGNETS",12,"3/31/11 16:56",2.08,18223,"United Kingdom"
"548529","23158","SET OF 5 LUCKY CAT MAGNETS",12,"3/31/11 16:56",2.08,18223,"United Kingdom"
"548529","23155","KNICKERBOCKERGLORY MAGNET ASSORTED",12,"3/31/11 16:56",0.83,18223,"United Kingdom"
"548529","23177","TREASURE ISLAND BOOK BOX",8,"3/31/11 16:56",2.25,18223,"United Kingdom"
"548529","23194","GYMKHANA TREASURE BOOK BOX",8,"3/31/11 16:56",2.25,18223,"United Kingdom"
"548529","48111","DOORMAT 3 SMILEY CATS",2,"3/31/11 16:56",7.95,18223,"United Kingdom"
"548529","85099C","JUMBO  BAG BAROQUE BLACK WHITE",10,"3/31/11 16:56",1.95,18223,"United Kingdom"
"548529","85152","HAND OVER THE CHOCOLATE   SIGN",12,"3/31/11 16:56",2.1,18223,"United Kingdom"
"548529","20679","EDWARDIAN PARASOL RED",3,"3/31/11 16:56",5.95,18223,"United Kingdom"
"548529","20914","SET/5 RED RETROSPOT LID GLASS BOWLS",6,"3/31/11 16:56",2.95,18223,"United Kingdom"
"548529","21137","BLACK RECORD COVER FRAME",8,"3/31/11 16:56",3.75,18223,"United Kingdom"
"548529","21165","BEWARE OF THE CAT METAL SIGN",12,"3/31/11 16:56",1.69,18223,"United Kingdom"
"548529","21166","COOK WITH WINE METAL SIGN",12,"3/31/11 16:56",2.08,18223,"United Kingdom"
"548529","21181","PLEASE ONE PERSON METAL SIGN",12,"3/31/11 16:56",2.1,18223,"United Kingdom"
"548529","22412","METAL SIGN NEIGHBOURHOOD WITCH",12,"3/31/11 16:56",2.1,18223,"United Kingdom"
"548529","22726","ALARM CLOCK BAKELIKE GREEN",4,"3/31/11 16:56",3.75,18223,"United Kingdom"
"548529","22728","ALARM CLOCK BAKELIKE PINK",4,"3/31/11 16:56",3.75,18223,"United Kingdom"
"548529","22890","NOVELTY BISCUITS CAKE STAND 3 TIER",4,"3/31/11 16:56",9.95,18223,"United Kingdom"
"548529","22963","JAM JAR WITH GREEN LID",12,"3/31/11 16:56",0.85,18223,"United Kingdom"
"548529","22993","SET OF 4 PANTRY JELLY MOULDS",12,"3/31/11 16:56",1.25,18223,"United Kingdom"
"548529","84879","ASSORTED COLOUR BIRD ORNAMENT",8,"3/31/11 16:56",1.69,18223,"United Kingdom"
"548529","22991","GIRAFFE WOODEN RULER",12,"3/31/11 16:56",1.95,18223,"United Kingdom"
"548529","23193","BUFFALO BILL TREASURE BOOK BOX",8,"3/31/11 16:56",2.25,18223,"United Kingdom"
"548529","22992","REVOLVER WOODEN RULER",12,"3/31/11 16:56",1.95,18223,"United Kingdom"
"548530","22957","SET 3 PAPER VINTAGE CHICK PAPER EGG",2,"3/31/11 17:06",2.95,17400,"United Kingdom"
"548530","22967","SET 3 SONG BIRD PAPER EGGS ASSORTED",2,"3/31/11 17:06",2.95,17400,"United Kingdom"
"548531","84406B","CREAM CUPID HEARTS COAT HANGER",24,"3/31/11 17:12",4.15,14031,"United Kingdom"
"548531","22423","REGENCY CAKESTAND 3 TIER",48,"3/31/11 17:12",10.95,14031,"United Kingdom"
"548531","82482","WOODEN PICTURE FRAME WHITE FINISH",24,"3/31/11 17:12",2.55,14031,"United Kingdom"
"548531","82494L","WOODEN FRAME ANTIQUE WHITE",96,"3/31/11 17:12",2.55,14031,"United Kingdom"
"548531","21843","RED RETROSPOT CAKE STAND",24,"3/31/11 17:12",9.95,14031,"United Kingdom"
"C548532","84406B","CREAM CUPID HEARTS COAT HANGER",-24,"3/31/11 17:16",4.15,14031,"United Kingdom"
"C548532","22423","REGENCY CAKESTAND 3 TIER",-48,"3/31/11 17:16",10.95,14031,"United Kingdom"
"C548532","82482","WOODEN PICTURE FRAME WHITE FINISH",-24,"3/31/11 17:16",2.55,14031,"United Kingdom"
"C548532","82494L","WOODEN FRAME ANTIQUE WHITE",-96,"3/31/11 17:16",2.55,14031,"United Kingdom"
"C548532","21843","RED RETROSPOT CAKE STAND",-24,"3/31/11 17:16",9.95,14031,"United Kingdom"
"548533","22982","PANTRY PASTRY BRUSH",12,"3/31/11 17:17",1.25,13883,"United Kingdom"
"548533","22722","SET OF 6 SPICE TINS PANTRY DESIGN",4,"3/31/11 17:17",3.95,13883,"United Kingdom"
"548533","22666","RECIPE BOX PANTRY YELLOW DESIGN",6,"3/31/11 17:17",2.95,13883,"United Kingdom"
"548533","22776","SWEETHEART CAKESTAND 3 TIER",3,"3/31/11 17:17",9.95,13883,"United Kingdom"
"548533","22667","RECIPE BOX RETROSPOT",6,"3/31/11 17:17",2.95,13883,"United Kingdom"
"548533","22348","TEA BAG PLATE RED RETROSPOT",24,"3/31/11 17:17",0.85,13883,"United Kingdom"
"548533","21156","RETROSPOT CHILDRENS APRON",8,"3/31/11 17:17",1.95,13883,"United Kingdom"
"548533","21217","RED RETROSPOT ROUND CAKE TINS",4,"3/31/11 17:17",9.95,13883,"United Kingdom"
"548533","21216","SET 3 RETROSPOT TEA,COFFEE,SUGAR",4,"3/31/11 17:17",4.95,13883,"United Kingdom"
"548533","21080","SET/20 RED RETROSPOT PAPER NAPKINS",12,"3/31/11 17:17",0.85,13883,"United Kingdom"
"548533","21539","RED RETROSPOT BUTTER DISH",6,"3/31/11 17:17",4.95,13883,"United Kingdom"
"548533","21537","RED RETROSPOT PUDDING BOWL",6,"3/31/11 17:17",4.25,13883,"United Kingdom"
"548533","21535","RED RETROSPOT SMALL MILK JUG",6,"3/31/11 17:17",2.55,13883,"United Kingdom"
"548533","21533","RETROSPOT LARGE MILK JUG",4,"3/31/11 17:17",4.95,13883,"United Kingdom"
"548533","21843","RED RETROSPOT CAKE STAND",3,"3/31/11 17:17",10.95,13883,"United Kingdom"
"548533","21231","SWEETHEART CERAMIC TRINKET BOX",24,"3/31/11 17:17",1.25,13883,"United Kingdom"
"548533","21232","STRAWBERRY CERAMIC TRINKET BOX",24,"3/31/11 17:17",1.25,13883,"United Kingdom"
"548533","22358","KINGS CHOICE TEA CADDY",6,"3/31/11 17:17",2.95,13883,"United Kingdom"
"548533","84987","SET OF 36 TEATIME PAPER DOILIES",12,"3/31/11 17:17",1.45,13883,"United Kingdom"
"548533","84991","60 TEATIME FAIRY CAKE CASES",24,"3/31/11 17:17",0.55,13883,"United Kingdom"
"548533","21213","PACK OF 72 SKULL CAKE CASES",24,"3/31/11 17:17",0.55,13883,"United Kingdom"
"548533","21975","PACK OF 60 DINOSAUR CAKE CASES",24,"3/31/11 17:17",0.55,13883,"United Kingdom"
"548533","22115","METAL SIGN EMPIRE TEA",6,"3/31/11 17:17",2.95,13883,"United Kingdom"
"548533","22423","REGENCY CAKESTAND 3 TIER",3,"3/31/11 17:17",12.75,13883,"United Kingdom"
"548533","22207","FRYING PAN UNION FLAG",12,"3/31/11 17:17",4.25,13883,"United Kingdom"
"548533","21218","RED SPOTTY BISCUIT TIN",6,"3/31/11 17:17",3.75,13883,"United Kingdom"
"548533","20914","SET/5 RED RETROSPOT LID GLASS BOWLS",6,"3/31/11 17:17",2.95,13883,"United Kingdom"
"548533","20754","RETROSPOT RED WASHING UP GLOVES",6,"3/31/11 17:17",2.1,13883,"United Kingdom"
"548533","20752","BLUE POLKADOT WASHING UP GLOVES",6,"3/31/11 17:17",2.1,13883,"United Kingdom"
"548533","22842","BISCUIT TIN VINTAGE RED",2,"3/31/11 17:17",6.75,13883,"United Kingdom"
"548533","22840","ROUND CAKE TIN VINTAGE RED",2,"3/31/11 17:17",7.95,13883,"United Kingdom"
"548533","22907","PACK OF 20 NAPKINS PANTRY DESIGN",12,"3/31/11 17:17",0.85,13883,"United Kingdom"
"548533","22978","PANTRY ROLLING PIN",6,"3/31/11 17:17",3.75,13883,"United Kingdom"
"548533","84969","BOX OF 6 ASSORTED COLOUR TEASPOONS",6,"3/31/11 17:17",4.25,13883,"United Kingdom"
"548533","21977","PACK OF 60 PINK PAISLEY CAKE CASES",24,"3/31/11 17:17",0.55,13883,"United Kingdom"
"548533","21212","PACK OF 72 RETROSPOT CAKE CASES",24,"3/31/11 17:17",0.55,13883,"United Kingdom"
"548533","21974","SET OF 36 PAISLEY FLOWER DOILIES",12,"3/31/11 17:17",1.45,13883,"United Kingdom"
"548533","84988","SET OF 72 PINK HEART PAPER DOILIES",12,"3/31/11 17:17",1.45,13883,"United Kingdom"
"548533","21563","RED HEART SHAPE LOVE BUCKET",6,"3/31/11 17:17",2.95,13883,"United Kingdom"
"548533","21564","PINK  HEART SHAPE LOVE BUCKET",12,"3/31/11 17:17",2.95,13883,"United Kingdom"
"548533","21175","GIN + TONIC DIET METAL SIGN",12,"3/31/11 17:17",2.55,13883,"United Kingdom"
"548533","21166","COOK WITH WINE METAL SIGN",12,"3/31/11 17:17",2.08,13883,"United Kingdom"
"548533","21280","VINTAGE KITCHEN PRINT VEGETABLES",6,"3/31/11 17:17",2.55,13883,"United Kingdom"
"548533","21278","VINTAGE KITCHEN PRINT PUDDINGS",6,"3/31/11 17:17",2.55,13883,"United Kingdom"
"548533","21279","VINTAGE KITCHEN PRINT FRUITS",6,"3/31/11 17:17",2.55,13883,"United Kingdom"
"548533","84880","WHITE WIRE EGG HOLDER",6,"3/31/11 17:17",7.5,13883,"United Kingdom"
"548534","22516","CHILDS GARDEN RAKE BLUE",6,"3/31/11 17:28",2.1,18172,"United Kingdom"
"548534","22752","SET 7 BABUSHKA NESTING BOXES",2,"3/31/11 17:28",8.5,18172,"United Kingdom"
"548534","22556","PLASTERS IN TIN CIRCUS PARADE",12,"3/31/11 17:28",1.65,18172,"United Kingdom"
"548534","22750","FELTCRAFT PRINCESS LOLA DOLL",4,"3/31/11 17:28",3.75,18172,"United Kingdom"
"548534","20971","PINK BLUE FELT CRAFT TRINKET BOX",12,"3/31/11 17:28",1.25,18172,"United Kingdom"
"548534","22147","FELTCRAFT BUTTERFLY HEARTS",12,"3/31/11 17:28",1.45,18172,"United Kingdom"
"548534","22525","CHILDRENS GARDEN GLOVES PINK",10,"3/31/11 17:28",1.25,18172,"United Kingdom"
"548534","22518","CHILDS GARDEN BRUSH BLUE",6,"3/31/11 17:28",2.1,18172,"United Kingdom"
"548534","22519","CHILDS GARDEN BRUSH PINK",6,"3/31/11 17:28",2.1,18172,"United Kingdom"
"548534","22517","CHILDS GARDEN RAKE PINK",6,"3/31/11 17:28",2.1,18172,"United Kingdom"
"548534","84077","WORLD WAR 2 GLIDERS ASSTD DESIGNS",48,"3/31/11 17:28",0.29,18172,"United Kingdom"
"548534","21790","VINTAGE SNAP CARDS",24,"3/31/11 17:28",0.85,18172,"United Kingdom"
"548534","22179","SET 10 LIGHTS NIGHT OWL",6,"3/31/11 17:28",6.75,18172,"United Kingdom"
"548534","20972","PINK CREAM FELT CRAFT TRINKET BOX",24,"3/31/11 17:28",1.25,18172,"United Kingdom"
"548534","22271","FELTCRAFT DOLL ROSIE",6,"3/31/11 17:28",2.95,18172,"United Kingdom"
"548535","90010A",,25,"3/31/11 17:33",0,,"United Kingdom"
"548536","90010B",,-50,"3/31/11 17:34",0,,"United Kingdom"
"548537","90173",,-28,"3/31/11 17:35",0,,"United Kingdom"
"548538","90082B",,3,"3/31/11 17:36",0,,"United Kingdom"
"548539","90005A",,2,"3/31/11 17:37",0,,"United Kingdom"
"548540","90035A",,-9,"3/31/11 17:51",0,,"United Kingdom"
"548541","21231","SWEETHEART CERAMIC TRINKET BOX",4,"3/31/11 17:59",1.25,14957,"United Kingdom"
"548541","22970","LONDON BUS COFFEE MUG",6,"3/31/11 17:59",2.55,14957,"United Kingdom"
"548541","21164","HOME SWEET HOME METAL SIGN",1,"3/31/11 17:59",2.95,14957,"United Kingdom"
"548541","82578","KITCHEN METAL SIGN",1,"3/31/11 17:59",0.55,14957,"United Kingdom"
"548541","82580","BATHROOM METAL SIGN",1,"3/31/11 17:59",0.55,14957,"United Kingdom"
"548541","22898","CHILDRENS APRON APPLES DESIGN",2,"3/31/11 17:59",1.95,14957,"United Kingdom"
"548541","20971","PINK BLUE FELT CRAFT TRINKET BOX",4,"3/31/11 17:59",1.25,14957,"United Kingdom"
"548541","51020B","STRIPY DESIGN SHOWER CAP",6,"3/31/11 17:59",0.29,14957,"United Kingdom"
"548541","22748","POPPY'S PLAYHOUSE KITCHEN",2,"3/31/11 17:59",2.1,14957,"United Kingdom"
"548541","22747","POPPY'S PLAYHOUSE BATHROOM",1,"3/31/11 17:59",2.1,14957,"United Kingdom"
"548541","22746","POPPY'S PLAYHOUSE LIVINGROOM",2,"3/31/11 17:59",2.1,14957,"United Kingdom"
"548541","22900","SET 2 TEA TOWELS I LOVE LONDON",4,"3/31/11 17:59",3.25,14957,"United Kingdom"
"548542","21586","KINGS CHOICE GIANT TUBE MATCHES",12,"3/31/11 18:05",2.55,13918,"United Kingdom"
"548542","21875","KINGS CHOICE MUG",24,"3/31/11 18:05",1.25,13918,"United Kingdom"
"548542","22076","6 RIBBONS EMPIRE",12,"3/31/11 18:05",1.65,13918,"United Kingdom"
"548542","22358","KINGS CHOICE TEA CADDY",6,"3/31/11 18:05",2.95,13918,"United Kingdom"
"548542","22357","KINGS CHOICE BISCUIT TIN",4,"3/31/11 18:05",4.25,13918,"United Kingdom"
"548542","22359","GLASS JAR KINGS CHOICE",6,"3/31/11 18:05",2.95,13918,"United Kingdom"
"548542","22406","MONEY BOX KINGS CHOICE DESIGN",24,"3/31/11 18:05",1.25,13918,"United Kingdom"
"548542","22115","METAL SIGN EMPIRE TEA",12,"3/31/11 18:05",2.95,13918,"United Kingdom"
"C548543","84949","SILVER HANGING T-LIGHT HOLDER",-2,"3/31/11 18:44",1.65,14525,"United Kingdom"
"C548543","M","Manual",-12,"3/31/11 18:44",3.75,14525,"United Kingdom"
"548544","22768","FAMILY PHOTO FRAME CORNICE",2,"3/31/11 18:49",9.95,14525,"United Kingdom"
"548544","85099C","JUMBO  BAG BAROQUE BLACK WHITE",3,"3/31/11 18:49",2.08,14525,"United Kingdom"
"548544","22411","JUMBO SHOPPER VINTAGE RED PAISLEY",2,"3/31/11 18:49",2.08,14525,"United Kingdom"
"548544","22720","SET OF 3 CAKE TINS PANTRY DESIGN",1,"3/31/11 18:49",4.95,14525,"United Kingdom"
"548544","22784","LANTERN CREAM GAZEBO",2,"3/31/11 18:49",4.95,14525,"United Kingdom"
"548544","21333","CLASSIC WHITE FRAME",4,"3/31/11 18:49",2.95,14525,"United Kingdom"
"548544","22294","HEART FILIGREE DOVE  SMALL",24,"3/31/11 18:49",1.25,14525,"United Kingdom"
"548544","22294","HEART FILIGREE DOVE  SMALL",24,"3/31/11 18:49",1.25,14525,"United Kingdom"
"548544","22296","HEART IVORY TRELLIS LARGE",24,"3/31/11 18:49",1.65,14525,"United Kingdom"
"548544","22294","HEART FILIGREE DOVE  SMALL",24,"3/31/11 18:49",1.25,14525,"United Kingdom"
"548544","21390","FILIGRIS HEART WITH BUTTERFLY",24,"3/31/11 18:49",1.25,14525,"United Kingdom"
"548544","22266","EASTER DECORATION HANGING BUNNY",6,"3/31/11 18:49",0.65,14525,"United Kingdom"
"548544","21385","IVORY HANGING DECORATION  HEART",120,"3/31/11 18:49",0.85,14525,"United Kingdom"
"548544","22178","VICTORIAN GLASS HANGING T-LIGHT",18,"3/31/11 18:49",1.25,14525,"United Kingdom"
"548544","22219","LOVEBIRD HANGING DECORATION WHITE",10,"3/31/11 18:49",0.85,14525,"United Kingdom"
"548545","48111","DOORMAT 3 SMILEY CATS",10,"3/31/11 19:12",6.75,13118,"United Kingdom"
"548545","22927","GREEN GIANT GARDEN THERMOMETER",2,"3/31/11 19:12",5.95,13118,"United Kingdom"
"548545","22926","IVORY GIANT GARDEN THERMOMETER",1,"3/31/11 19:12",5.95,13118,"United Kingdom"
"548545","22371","AIRLINE BAG VINTAGE TOKYO 78",12,"3/31/11 19:12",3.95,13118,"United Kingdom"
"548545","22372","AIRLINE BAG VINTAGE WORLD CHAMPION",12,"3/31/11 19:12",3.95,13118,"United Kingdom"
"548545","22278","OVERNIGHT BAG VINTAGE ROSE PAISLEY",12,"3/31/11 19:12",4.95,13118,"United Kingdom"
"548545","22499","WOODEN UNION JACK BUNTING",3,"3/31/11 19:12",5.95,13118,"United Kingdom"
"548545","37448","CERAMIC CAKE DESIGN SPOTTED MUG",18,"3/31/11 19:12",1.49,13118,"United Kingdom"
"548545","22059","CERAMIC STRAWBERRY DESIGN MUG",6,"3/31/11 19:12",1.49,13118,"United Kingdom"
"548545","37447","CERAMIC CAKE DESIGN SPOTTED PLATE",16,"3/31/11 19:12",1.49,13118,"United Kingdom"
"548545","22649","STRAWBERRY FAIRY CAKE TEAPOT",6,"3/31/11 19:12",4.95,13118,"United Kingdom"
"548545","21868","POTTING SHED TEA MUG",6,"3/31/11 19:12",1.25,13118,"United Kingdom"
"548545","21876","POTTERING MUG",6,"3/31/11 19:12",1.25,13118,"United Kingdom"
"548545","37370","RETRO COFFEE MUGS ASSORTED",12,"3/31/11 19:12",1.25,13118,"United Kingdom"
"548545","90147","CHUNKY SILVER NECKLACE PASTEL FLOWE",1,"3/31/11 19:12",9.95,13118,"United Kingdom"
"548545","90026B","GLASS BEAD HOOP NECKLACE MONTANA",1,"3/31/11 19:12",8.5,13118,"United Kingdom"
"548545","90026D","GLASS BEAD HOOP NECKLACE AMETHYST",1,"3/31/11 19:12",8.5,13118,"United Kingdom"
"548545","90014C","SILVER/BLACK ORBIT NECKLACE",1,"3/31/11 19:12",9.95,13118,"United Kingdom"
"548545","90014A","SILVER/MOP ORBIT NECKLACE",1,"3/31/11 19:12",9.95,13118,"United Kingdom"
"548546","22084","PAPER CHAIN KIT EMPIRE",6,"3/31/11 19:20",2.95,16600,"United Kingdom"
"548546","22219","LOVEBIRD HANGING DECORATION WHITE",12,"3/31/11 19:20",0.85,16600,"United Kingdom"
"548546","22149","FELTCRAFT 6 FLOWER FRIENDS",6,"3/31/11 19:20",2.1,16600,"United Kingdom"
"548546","21403","BLUE EGG  SPOON",24,"3/31/11 19:20",0.12,16600,"United Kingdom"
"548546","21398","RED POLKADOT COFFEE  MUG",48,"3/31/11 19:20",0.39,16600,"United Kingdom"
"548546","21402","RED  EGG  SPOON",24,"3/31/11 19:20",0.12,16600,"United Kingdom"
"548546","21397","BLUE POLKADOT EGG CUP",48,"3/31/11 19:20",0.39,16600,"United Kingdom"
"548546","21878","PACK OF 6 SANDCASTLE FLAGS ASSORTED",12,"3/31/11 19:20",0.85,16600,"United Kingdom"
"548546","21733","RED HANGING HEART T-LIGHT HOLDER",6,"3/31/11 19:20",2.95,16600,"United Kingdom"
"548547","21530","DAIRY MAID TOASTRACK",5,"3/31/11 19:42",0.79,17212,"United Kingdom"
"548547","22693","GROW A FLYTRAP OR SUNFLOWER IN TIN",48,"3/31/11 19:42",1.25,17212,"United Kingdom"
"548547","22699","ROSES REGENCY TEACUP AND SAUCER",46,"3/31/11 19:42",2.55,17212,"United Kingdom"
"548547","72122","COFFEE SCENT PILLAR CANDLE",48,"3/31/11 19:42",0.95,17212,"United Kingdom"
"548548","22423","REGENCY CAKESTAND 3 TIER",1,"3/31/11 19:54",12.75,17781,"United Kingdom"
"548548","21361","LOVE LARGE WOOD LETTERS",7,"3/31/11 19:54",12.75,17781,"United Kingdom"
"548549","84763","ZINC FINISH 15CM PLANTER POTS",100,"3/31/11 19:55",1.06,16365,"United Kingdom"
"548549","22222","CAKE PLATE LOVEBIRD WHITE",1,"3/31/11 19:55",4.95,16365,"United Kingdom"
"548549","22776","SWEETHEART CAKESTAND 3 TIER",1,"3/31/11 19:55",9.95,16365,"United Kingdom"
